x b1 b2 bsum D
-1.500000000000000000e+00 0.000000000000000000e+00 0.000000000000000000e+00 0.000000000000000000e+00 1.000000000000000000e+00
-1.497999999999999998e+00 0.000000000000000000e+00 0.000000000000000000e+00 0.000000000000000000e+00 1.000000000000000000e+00
-1.495999999999999996e+00 0.000000000000000000e+00 0.000000000000000000e+00 0.000000000000000000e+00 1.000000000000000000e+00
-1.493999999999999995e+00 0.000000000000000000e+00 0.000000000000000000e+00 0.000000000000000000e+00 1.000000000000000000e+00
-1.491999999999999993e+00 0.000000000000000000e+00 0.000000000000000000e+00 0.000000000000000000e+00 1.000000000000000000e+00
-1.489999999999999991e+00 0.000000000000000000e+00 0.000000000000000000e+00 0.000000000000000000e+00 1.000000000000000000e+00
-1.487999999999999989e+00 0.000000000000000000e+00 0.000000000000000000e+00 0.000000000000000000e+00 1.000000000000000000e+00
-1.485999999999999988e+00 0.000000000000000000e+00 0.000000000000000000e+00 0.000000000000000000e+00 1.000000000000000000e+00
-1.483999999999999986e+00 0.000000000000000000e+00 0.000000000000000000e+00 0.000000000000000000e+00 1.000000000000000000e+00
-1.481999999999999984e+00 0.000000000000000000e+00 0.000000000000000000e+00 0.000000000000000000e+00 1.000000000000000000e+00
-1.479999999999999982e+00 0.000000000000000000e+00 0.000000000000000000e+00 0.000000000000000000e+00 1.000000000000000000e+00
-1.477999999999999980e+00 0.000000000000000000e+00 0.000000000000000000e+00 0.000000000000000000e+00 1.000000000000000000e+00
-1.475999999999999979e+00 0.000000000000000000e+00 0.000000000000000000e+00 0.000000000000000000e+00 1.000000000000000000e+00
-1.473999999999999977e+00 0.000000000000000000e+00 0.000000000000000000e+00 0.000000000000000000e+00 1.000000000000000000e+00
-1.471999999999999975e+00 0.000000000000000000e+00 0.000000000000000000e+00 0.000000000000000000e+00 1.000000000000000000e+00
-1.469999999999999973e+00 0.000000000000000000e+00 0.000000000000000000e+00 0.000000000000000000e+00 1.000000000000000000e+00
-1.467999999999999972e+00 0.000000000000000000e+00 0.000000000000000000e+00 0.000000000000000000e+00 1.000000000000000000e+00
-1.465999999999999970e+00 0.000000000000000000e+00 0.000000000000000000e+00 0.000000000000000000e+00 1.000000000000000000e+00
-1.463999999999999968e+00 0.000000000000000000e+00 0.000000000000000000e+00 0.000000000000000000e+00 1.000000000000000000e+00
-1.461999999999999966e+00 0.000000000000000000e+00 0.000000000000000000e+00 0.000000000000000000e+00 1.000000000000000000e+00
-1.459999999999999964e+00 0.000000000000000000e+00 0.000000000000000000e+00 0.000000000000000000e+00 1.000000000000000000e+00
-1.457999999999999963e+00 0.000000000000000000e+00 0.000000000000000000e+00 0.000000000000000000e+00 1.000000000000000000e+00
-1.455999999999999961e+00 0.000000000000000000e+00 0.000000000000000000e+00 0.000000000000000000e+00 1.000000000000000000e+00
-1.453999999999999959e+00 0.000000000000000000e+00 0.000000000000000000e+00 0.000000000000000000e+00 1.000000000000000000e+00
-1.451999999999999957e+00 0.000000000000000000e+00 0.000000000000000000e+00 0.000000000000000000e+00 1.000000000000000000e+00
-1.449999999999999956e+00 0.000000000000000000e+00 0.000000000000000000e+00 0.000000000000000000e+00 1.000000000000000000e+00
-1.447999999999999954e+00 0.000000000000000000e+00 0.000000000000000000e+00 0.000000000000000000e+00 1.000000000000000000e+00
-1.445999999999999952e+00 0.000000000000000000e+00 0.000000000000000000e+00 0.000000000000000000e+00 1.000000000000000000e+00
-1.443999999999999950e+00 0.000000000000000000e+00 0.000000000000000000e+00 0.000000000000000000e+00 1.000000000000000000e+00
-1.441999999999999948e+00 0.000000000000000000e+00 0.000000000000000000e+00 0.000000000000000000e+00 1.000000000000000000e+00
-1.439999999999999947e+00 0.000000000000000000e+00 0.000000000000000000e+00 0.000000000000000000e+00 1.000000000000000000e+00
-1.437999999999999945e+00 0.000000000000000000e+00 0.000000000000000000e+00 0.000000000000000000e+00 1.000000000000000000e+00
-1.435999999999999943e+00 0.000000000000000000e+00 0.000000000000000000e+00 0.000000000000000000e+00 1.000000000000000000e+00
-1.433999999999999941e+00 0.000000000000000000e+00 0.000000000000000000e+00 0.000000000000000000e+00 1.000000000000000000e+00
-1.431999999999999940e+00 0.000000000000000000e+00 0.000000000000000000e+00 0.000000000000000000e+00 1.000000000000000000e+00
-1.429999999999999938e+00 0.000000000000000000e+00 0.000000000000000000e+00 0.000000000000000000e+00 1.000000000000000000e+00
-1.427999999999999936e+00 0.000000000000000000e+00 0.000000000000000000e+00 0.000000000000000000e+00 1.000000000000000000e+00
-1.425999999999999934e+00 0.000000000000000000e+00 0.000000000000000000e+00 0.000000000000000000e+00 1.000000000000000000e+00
-1.423999999999999932e+00 0.000000000000000000e+00 0.000000000000000000e+00 0.000000000000000000e+00 1.000000000000000000e+00
-1.421999999999999931e+00 0.000000000000000000e+00 0.000000000000000000e+00 0.000000000000000000e+00 1.000000000000000000e+00
-1.419999999999999929e+00 0.000000000000000000e+00 0.000000000000000000e+00 0.000000000000000000e+00 1.000000000000000000e+00
-1.417999999999999927e+00 0.000000000000000000e+00 0.000000000000000000e+00 0.000000000000000000e+00 1.000000000000000000e+00
-1.415999999999999925e+00 0.000000000000000000e+00 0.000000000000000000e+00 0.000000000000000000e+00 1.000000000000000000e+00
-1.413999999999999924e+00 0.000000000000000000e+00 0.000000000000000000e+00 0.000000000000000000e+00 1.000000000000000000e+00
-1.411999999999999922e+00 0.000000000000000000e+00 0.000000000000000000e+00 0.000000000000000000e+00 1.000000000000000000e+00
-1.409999999999999920e+00 0.000000000000000000e+00 0.000000000000000000e+00 0.000000000000000000e+00 1.000000000000000000e+00
-1.407999999999999918e+00 0.000000000000000000e+00 0.000000000000000000e+00 0.000000000000000000e+00 1.000000000000000000e+00
-1.405999999999999917e+00 0.000000000000000000e+00 0.000000000000000000e+00 0.000000000000000000e+00 1.000000000000000000e+00
-1.403999999999999915e+00 0.000000000000000000e+00 0.000000000000000000e+00 0.000000000000000000e+00 1.000000000000000000e+00
-1.401999999999999913e+00 0.000000000000000000e+00 0.000000000000000000e+00 0.000000000000000000e+00 1.000000000000000000e+00
-1.399999999999999911e+00 0.000000000000000000e+00 0.000000000000000000e+00 0.000000000000000000e+00 1.000000000000000000e+00
-1.397999999999999909e+00 0.000000000000000000e+00 0.000000000000000000e+00 0.000000000000000000e+00 1.000000000000000000e+00
-1.395999999999999908e+00 0.000000000000000000e+00 0.000000000000000000e+00 0.000000000000000000e+00 1.000000000000000000e+00
-1.393999999999999906e+00 0.000000000000000000e+00 0.000000000000000000e+00 0.000000000000000000e+00 1.000000000000000000e+00
-1.391999999999999904e+00 0.000000000000000000e+00 0.000000000000000000e+00 0.000000000000000000e+00 1.000000000000000000e+00
-1.389999999999999902e+00 0.000000000000000000e+00 0.000000000000000000e+00 0.000000000000000000e+00 1.000000000000000000e+00
-1.387999999999999901e+00 0.000000000000000000e+00 0.000000000000000000e+00 0.000000000000000000e+00 1.000000000000000000e+00
-1.385999999999999899e+00 0.000000000000000000e+00 0.000000000000000000e+00 0.000000000000000000e+00 1.000000000000000000e+00
-1.383999999999999897e+00 0.000000000000000000e+00 0.000000000000000000e+00 0.000000000000000000e+00 1.000000000000000000e+00
-1.381999999999999895e+00 0.000000000000000000e+00 0.000000000000000000e+00 0.000000000000000000e+00 1.000000000000000000e+00
-1.379999999999999893e+00 0.000000000000000000e+00 0.000000000000000000e+00 0.000000000000000000e+00 1.000000000000000000e+00
-1.378000000000000114e+00 0.000000000000000000e+00 0.000000000000000000e+00 0.000000000000000000e+00 1.000000000000000000e+00
-1.375999999999999890e+00 0.000000000000000000e+00 0.000000000000000000e+00 0.000000000000000000e+00 1.000000000000000000e+00
-1.374000000000000110e+00 0.000000000000000000e+00 0.000000000000000000e+00 0.000000000000000000e+00 1.000000000000000000e+00
-1.371999999999999886e+00 0.000000000000000000e+00 0.000000000000000000e+00 0.000000000000000000e+00 1.000000000000000000e+00
-1.370000000000000107e+00 0.000000000000000000e+00 0.000000000000000000e+00 0.000000000000000000e+00 1.000000000000000000e+00
-1.367999999999999883e+00 0.000000000000000000e+00 0.000000000000000000e+00 0.000000000000000000e+00 1.000000000000000000e+00
-1.366000000000000103e+00 0.000000000000000000e+00 0.000000000000000000e+00 0.000000000000000000e+00 1.000000000000000000e+00
-1.363999999999999879e+00 0.000000000000000000e+00 0.000000000000000000e+00 0.000000000000000000e+00 1.000000000000000000e+00
-1.362000000000000099e+00 0.000000000000000000e+00 0.000000000000000000e+00 0.000000000000000000e+00 1.000000000000000000e+00
-1.359999999999999876e+00 0.000000000000000000e+00 0.000000000000000000e+00 0.000000000000000000e+00 1.000000000000000000e+00
-1.358000000000000096e+00 0.000000000000000000e+00 0.000000000000000000e+00 0.000000000000000000e+00 1.000000000000000000e+00
-1.355999999999999872e+00 0.000000000000000000e+00 0.000000000000000000e+00 0.000000000000000000e+00 1.000000000000000000e+00
-1.354000000000000092e+00 0.000000000000000000e+00 0.000000000000000000e+00 0.000000000000000000e+00 1.000000000000000000e+00
-1.352000000000000091e+00 0.000000000000000000e+00 0.000000000000000000e+00 0.000000000000000000e+00 1.000000000000000000e+00
-1.350000000000000089e+00 0.000000000000000000e+00 0.000000000000000000e+00 0.000000000000000000e+00 1.000000000000000000e+00
-1.348000000000000087e+00 0.000000000000000000e+00 0.000000000000000000e+00 0.000000000000000000e+00 1.000000000000000000e+00
-1.346000000000000085e+00 0.000000000000000000e+00 0.000000000000000000e+00 0.000000000000000000e+00 1.000000000000000000e+00
-1.344000000000000083e+00 0.000000000000000000e+00 0.000000000000000000e+00 0.000000000000000000e+00 1.000000000000000000e+00
-1.342000000000000082e+00 0.000000000000000000e+00 0.000000000000000000e+00 0.000000000000000000e+00 1.000000000000000000e+00
-1.340000000000000080e+00 0.000000000000000000e+00 0.000000000000000000e+00 0.000000000000000000e+00 1.000000000000000000e+00
-1.338000000000000078e+00 0.000000000000000000e+00 0.000000000000000000e+00 0.000000000000000000e+00 1.000000000000000000e+00
-1.336000000000000076e+00 0.000000000000000000e+00 0.000000000000000000e+00 0.000000000000000000e+00 1.000000000000000000e+00
-1.334000000000000075e+00 0.000000000000000000e+00 0.000000000000000000e+00 0.000000000000000000e+00 1.000000000000000000e+00
-1.332000000000000073e+00 0.000000000000000000e+00 0.000000000000000000e+00 0.000000000000000000e+00 1.000000000000000000e+00
-1.330000000000000071e+00 0.000000000000000000e+00 0.000000000000000000e+00 0.000000000000000000e+00 1.000000000000000000e+00
-1.328000000000000069e+00 0.000000000000000000e+00 0.000000000000000000e+00 0.000000000000000000e+00 1.000000000000000000e+00
-1.326000000000000068e+00 0.000000000000000000e+00 0.000000000000000000e+00 0.000000000000000000e+00 1.000000000000000000e+00
-1.324000000000000066e+00 0.000000000000000000e+00 0.000000000000000000e+00 0.000000000000000000e+00 1.000000000000000000e+00
-1.322000000000000064e+00 0.000000000000000000e+00 0.000000000000000000e+00 0.000000000000000000e+00 1.000000000000000000e+00
-1.320000000000000062e+00 0.000000000000000000e+00 0.000000000000000000e+00 0.000000000000000000e+00 1.000000000000000000e+00
-1.318000000000000060e+00 0.000000000000000000e+00 0.000000000000000000e+00 0.000000000000000000e+00 1.000000000000000000e+00
-1.316000000000000059e+00 0.000000000000000000e+00 0.000000000000000000e+00 0.000000000000000000e+00 1.000000000000000000e+00
-1.314000000000000057e+00 0.000000000000000000e+00 0.000000000000000000e+00 0.000000000000000000e+00 1.000000000000000000e+00
-1.312000000000000055e+00 0.000000000000000000e+00 0.000000000000000000e+00 0.000000000000000000e+00 1.000000000000000000e+00
-1.310000000000000053e+00 0.000000000000000000e+00 0.000000000000000000e+00 0.000000000000000000e+00 1.000000000000000000e+00
-1.308000000000000052e+00 0.000000000000000000e+00 0.000000000000000000e+00 0.000000000000000000e+00 1.000000000000000000e+00
-1.306000000000000050e+00 0.000000000000000000e+00 0.000000000000000000e+00 0.000000000000000000e+00 1.000000000000000000e+00
-1.304000000000000048e+00 0.000000000000000000e+00 0.000000000000000000e+00 0.000000000000000000e+00 1.000000000000000000e+00
-1.302000000000000046e+00 0.000000000000000000e+00 0.000000000000000000e+00 0.000000000000000000e+00 1.000000000000000000e+00
-1.300000000000000044e+00 0.000000000000000000e+00 0.000000000000000000e+00 0.000000000000000000e+00 1.000000000000000000e+00
-1.298000000000000043e+00 0.000000000000000000e+00 0.000000000000000000e+00 0.000000000000000000e+00 1.000000000000000000e+00
-1.296000000000000041e+00 0.000000000000000000e+00 0.000000000000000000e+00 0.000000000000000000e+00 1.000000000000000000e+00
-1.294000000000000039e+00 0.000000000000000000e+00 0.000000000000000000e+00 0.000000000000000000e+00 1.000000000000000000e+00
-1.292000000000000037e+00 0.000000000000000000e+00 0.000000000000000000e+00 0.000000000000000000e+00 1.000000000000000000e+00
-1.290000000000000036e+00 0.000000000000000000e+00 0.000000000000000000e+00 0.000000000000000000e+00 1.000000000000000000e+00
-1.288000000000000034e+00 0.000000000000000000e+00 0.000000000000000000e+00 0.000000000000000000e+00 1.000000000000000000e+00
-1.286000000000000032e+00 0.000000000000000000e+00 0.000000000000000000e+00 0.000000000000000000e+00 1.000000000000000000e+00
-1.284000000000000030e+00 0.000000000000000000e+00 0.000000000000000000e+00 0.000000000000000000e+00 1.000000000000000000e+00
-1.282000000000000028e+00 0.000000000000000000e+00 0.000000000000000000e+00 0.000000000000000000e+00 1.000000000000000000e+00
-1.280000000000000027e+00 0.000000000000000000e+00 0.000000000000000000e+00 0.000000000000000000e+00 1.000000000000000000e+00
-1.278000000000000025e+00 0.000000000000000000e+00 0.000000000000000000e+00 0.000000000000000000e+00 1.000000000000000000e+00
-1.276000000000000023e+00 0.000000000000000000e+00 0.000000000000000000e+00 0.000000000000000000e+00 1.000000000000000000e+00
-1.274000000000000021e+00 0.000000000000000000e+00 0.000000000000000000e+00 0.000000000000000000e+00 1.000000000000000000e+00
-1.272000000000000020e+00 0.000000000000000000e+00 0.000000000000000000e+00 0.000000000000000000e+00 1.000000000000000000e+00
-1.270000000000000018e+00 0.000000000000000000e+00 0.000000000000000000e+00 0.000000000000000000e+00 1.000000000000000000e+00
-1.268000000000000016e+00 0.000000000000000000e+00 0.000000000000000000e+00 0.000000000000000000e+00 1.000000000000000000e+00
-1.266000000000000014e+00 0.000000000000000000e+00 0.000000000000000000e+00 0.000000000000000000e+00 1.000000000000000000e+00
-1.264000000000000012e+00 0.000000000000000000e+00 0.000000000000000000e+00 0.000000000000000000e+00 1.000000000000000000e+00
-1.262000000000000011e+00 0.000000000000000000e+00 0.000000000000000000e+00 0.000000000000000000e+00 1.000000000000000000e+00
-1.260000000000000009e+00 0.000000000000000000e+00 0.000000000000000000e+00 0.000000000000000000e+00 1.000000000000000000e+00
-1.258000000000000007e+00 0.000000000000000000e+00 0.000000000000000000e+00 0.000000000000000000e+00 1.000000000000000000e+00
-1.256000000000000005e+00 0.000000000000000000e+00 0.000000000000000000e+00 0.000000000000000000e+00 1.000000000000000000e+00
-1.254000000000000004e+00 0.000000000000000000e+00 0.000000000000000000e+00 0.000000000000000000e+00 1.000000000000000000e+00
-1.252000000000000002e+00 0.000000000000000000e+00 0.000000000000000000e+00 0.000000000000000000e+00 1.000000000000000000e+00
-1.250000000000000000e+00 0.000000000000000000e+00 0.000000000000000000e+00 0.000000000000000000e+00 1.000000000000000000e+00
-1.247999999999999998e+00 0.000000000000000000e+00 0.000000000000000000e+00 0.000000000000000000e+00 1.000000000000000000e+00
-1.245999999999999996e+00 0.000000000000000000e+00 0.000000000000000000e+00 0.000000000000000000e+00 1.000000000000000000e+00
-1.243999999999999995e+00 0.000000000000000000e+00 0.000000000000000000e+00 0.000000000000000000e+00 1.000000000000000000e+00
-1.241999999999999993e+00 0.000000000000000000e+00 0.000000000000000000e+00 0.000000000000000000e+00 1.000000000000000000e+00
-1.239999999999999991e+00 0.000000000000000000e+00 0.000000000000000000e+00 0.000000000000000000e+00 1.000000000000000000e+00
-1.237999999999999989e+00 0.000000000000000000e+00 0.000000000000000000e+00 0.000000000000000000e+00 1.000000000000000000e+00
-1.235999999999999988e+00 0.000000000000000000e+00 0.000000000000000000e+00 0.000000000000000000e+00 1.000000000000000000e+00
-1.233999999999999986e+00 0.000000000000000000e+00 0.000000000000000000e+00 0.000000000000000000e+00 1.000000000000000000e+00
-1.231999999999999984e+00 0.000000000000000000e+00 0.000000000000000000e+00 0.000000000000000000e+00 1.000000000000000000e+00
-1.229999999999999982e+00 0.000000000000000000e+00 0.000000000000000000e+00 0.000000000000000000e+00 1.000000000000000000e+00
-1.227999999999999980e+00 0.000000000000000000e+00 0.000000000000000000e+00 0.000000000000000000e+00 1.000000000000000000e+00
-1.225999999999999979e+00 0.000000000000000000e+00 0.000000000000000000e+00 0.000000000000000000e+00 1.000000000000000000e+00
-1.223999999999999977e+00 0.000000000000000000e+00 0.000000000000000000e+00 0.000000000000000000e+00 1.000000000000000000e+00
-1.221999999999999975e+00 0.000000000000000000e+00 0.000000000000000000e+00 0.000000000000000000e+00 1.000000000000000000e+00
-1.219999999999999973e+00 0.000000000000000000e+00 0.000000000000000000e+00 0.000000000000000000e+00 1.000000000000000000e+00
-1.217999999999999972e+00 0.000000000000000000e+00 0.000000000000000000e+00 0.000000000000000000e+00 1.000000000000000000e+00
-1.215999999999999970e+00 0.000000000000000000e+00 0.000000000000000000e+00 0.000000000000000000e+00 1.000000000000000000e+00
-1.213999999999999968e+00 0.000000000000000000e+00 0.000000000000000000e+00 0.000000000000000000e+00 1.000000000000000000e+00
-1.211999999999999966e+00 0.000000000000000000e+00 0.000000000000000000e+00 0.000000000000000000e+00 1.000000000000000000e+00
-1.209999999999999964e+00 0.000000000000000000e+00 0.000000000000000000e+00 0.000000000000000000e+00 1.000000000000000000e+00
-1.207999999999999963e+00 0.000000000000000000e+00 0.000000000000000000e+00 0.000000000000000000e+00 1.000000000000000000e+00
-1.205999999999999961e+00 0.000000000000000000e+00 0.000000000000000000e+00 0.000000000000000000e+00 1.000000000000000000e+00
-1.203999999999999959e+00 0.000000000000000000e+00 0.000000000000000000e+00 0.000000000000000000e+00 1.000000000000000000e+00
-1.201999999999999957e+00 0.000000000000000000e+00 0.000000000000000000e+00 0.000000000000000000e+00 1.000000000000000000e+00
-1.199999999999999956e+00 0.000000000000000000e+00 0.000000000000000000e+00 0.000000000000000000e+00 1.000000000000000000e+00
-1.197999999999999954e+00 0.000000000000000000e+00 0.000000000000000000e+00 0.000000000000000000e+00 1.000000000000000000e+00
-1.195999999999999952e+00 0.000000000000000000e+00 0.000000000000000000e+00 0.000000000000000000e+00 1.000000000000000000e+00
-1.193999999999999950e+00 0.000000000000000000e+00 0.000000000000000000e+00 0.000000000000000000e+00 1.000000000000000000e+00
-1.191999999999999948e+00 0.000000000000000000e+00 0.000000000000000000e+00 0.000000000000000000e+00 1.000000000000000000e+00
-1.189999999999999947e+00 0.000000000000000000e+00 0.000000000000000000e+00 0.000000000000000000e+00 1.000000000000000000e+00
-1.187999999999999945e+00 0.000000000000000000e+00 0.000000000000000000e+00 0.000000000000000000e+00 1.000000000000000000e+00
-1.185999999999999943e+00 0.000000000000000000e+00 0.000000000000000000e+00 0.000000000000000000e+00 1.000000000000000000e+00
-1.183999999999999941e+00 0.000000000000000000e+00 0.000000000000000000e+00 0.000000000000000000e+00 1.000000000000000000e+00
-1.181999999999999940e+00 0.000000000000000000e+00 0.000000000000000000e+00 0.000000000000000000e+00 1.000000000000000000e+00
-1.179999999999999938e+00 0.000000000000000000e+00 0.000000000000000000e+00 0.000000000000000000e+00 1.000000000000000000e+00
-1.177999999999999936e+00 0.000000000000000000e+00 0.000000000000000000e+00 0.000000000000000000e+00 1.000000000000000000e+00
-1.175999999999999934e+00 0.000000000000000000e+00 0.000000000000000000e+00 0.000000000000000000e+00 1.000000000000000000e+00
-1.173999999999999932e+00 0.000000000000000000e+00 0.000000000000000000e+00 0.000000000000000000e+00 1.000000000000000000e+00
-1.171999999999999931e+00 0.000000000000000000e+00 0.000000000000000000e+00 0.000000000000000000e+00 1.000000000000000000e+00
-1.169999999999999929e+00 0.000000000000000000e+00 0.000000000000000000e+00 0.000000000000000000e+00 1.000000000000000000e+00
-1.167999999999999927e+00 0.000000000000000000e+00 0.000000000000000000e+00 0.000000000000000000e+00 1.000000000000000000e+00
-1.165999999999999925e+00 0.000000000000000000e+00 0.000000000000000000e+00 0.000000000000000000e+00 1.000000000000000000e+00
-1.163999999999999924e+00 0.000000000000000000e+00 0.000000000000000000e+00 0.000000000000000000e+00 1.000000000000000000e+00
-1.161999999999999922e+00 0.000000000000000000e+00 0.000000000000000000e+00 0.000000000000000000e+00 1.000000000000000000e+00
-1.159999999999999920e+00 0.000000000000000000e+00 0.000000000000000000e+00 0.000000000000000000e+00 1.000000000000000000e+00
-1.157999999999999918e+00 0.000000000000000000e+00 0.000000000000000000e+00 0.000000000000000000e+00 1.000000000000000000e+00
-1.155999999999999917e+00 0.000000000000000000e+00 0.000000000000000000e+00 0.000000000000000000e+00 1.000000000000000000e+00
-1.153999999999999915e+00 0.000000000000000000e+00 0.000000000000000000e+00 0.000000000000000000e+00 1.000000000000000000e+00
-1.151999999999999913e+00 0.000000000000000000e+00 0.000000000000000000e+00 0.000000000000000000e+00 1.000000000000000000e+00
-1.149999999999999911e+00 0.000000000000000000e+00 0.000000000000000000e+00 0.000000000000000000e+00 1.000000000000000000e+00
-1.148000000000000131e+00 0.000000000000000000e+00 0.000000000000000000e+00 0.000000000000000000e+00 1.000000000000000000e+00
-1.145999999999999908e+00 0.000000000000000000e+00 0.000000000000000000e+00 0.000000000000000000e+00 1.000000000000000000e+00
-1.144000000000000128e+00 0.000000000000000000e+00 0.000000000000000000e+00 0.000000000000000000e+00 1.000000000000000000e+00
-1.141999999999999904e+00 0.000000000000000000e+00 0.000000000000000000e+00 0.000000000000000000e+00 1.000000000000000000e+00
-1.140000000000000124e+00 0.000000000000000000e+00 0.000000000000000000e+00 0.000000000000000000e+00 1.000000000000000000e+00
-1.137999999999999901e+00 0.000000000000000000e+00 0.000000000000000000e+00 0.000000000000000000e+00 1.000000000000000000e+00
-1.136000000000000121e+00 0.000000000000000000e+00 0.000000000000000000e+00 0.000000000000000000e+00 1.000000000000000000e+00
-1.133999999999999897e+00 0.000000000000000000e+00 0.000000000000000000e+00 0.000000000000000000e+00 1.000000000000000000e+00
-1.132000000000000117e+00 0.000000000000000000e+00 0.000000000000000000e+00 0.000000000000000000e+00 1.000000000000000000e+00
-1.129999999999999893e+00 0.000000000000000000e+00 0.000000000000000000e+00 0.000000000000000000e+00 1.000000000000000000e+00
-1.128000000000000114e+00 0.000000000000000000e+00 0.000000000000000000e+00 0.000000000000000000e+00 1.000000000000000000e+00
-1.125999999999999890e+00 0.000000000000000000e+00 0.000000000000000000e+00 0.000000000000000000e+00 1.000000000000000000e+00
-1.124000000000000110e+00 0.000000000000000000e+00 0.000000000000000000e+00 0.000000000000000000e+00 1.000000000000000000e+00
-1.121999999999999886e+00 0.000000000000000000e+00 0.000000000000000000e+00 0.000000000000000000e+00 1.000000000000000000e+00
-1.120000000000000107e+00 0.000000000000000000e+00 0.000000000000000000e+00 0.000000000000000000e+00 1.000000000000000000e+00
-1.117999999999999883e+00 0.000000000000000000e+00 0.000000000000000000e+00 0.000000000000000000e+00 1.000000000000000000e+00
-1.116000000000000103e+00 0.000000000000000000e+00 0.000000000000000000e+00 0.000000000000000000e+00 1.000000000000000000e+00
-1.113999999999999879e+00 0.000000000000000000e+00 0.000000000000000000e+00 0.000000000000000000e+00 1.000000000000000000e+00
-1.112000000000000099e+00 0.000000000000000000e+00 0.000000000000000000e+00 0.000000000000000000e+00 1.000000000000000000e+00
-1.109999999999999876e+00 0.000000000000000000e+00 0.000000000000000000e+00 0.000000000000000000e+00 1.000000000000000000e+00
-1.108000000000000096e+00 0.000000000000000000e+00 0.000000000000000000e+00 0.000000000000000000e+00 1.000000000000000000e+00
-1.105999999999999872e+00 0.000000000000000000e+00 0.000000000000000000e+00 0.000000000000000000e+00 1.000000000000000000e+00
-1.104000000000000092e+00 0.000000000000000000e+00 0.000000000000000000e+00 0.000000000000000000e+00 1.000000000000000000e+00
-1.101999999999999869e+00 0.000000000000000000e+00 0.000000000000000000e+00 0.000000000000000000e+00 1.000000000000000000e+00
-1.100000000000000089e+00 0.000000000000000000e+00 0.000000000000000000e+00 0.000000000000000000e+00 1.000000000000000000e+00
-1.097999999999999865e+00 0.000000000000000000e+00 0.000000000000000000e+00 0.000000000000000000e+00 1.000000000000000000e+00
-1.096000000000000085e+00 0.000000000000000000e+00 0.000000000000000000e+00 0.000000000000000000e+00 1.000000000000000000e+00
-1.093999999999999861e+00 0.000000000000000000e+00 0.000000000000000000e+00 0.000000000000000000e+00 1.000000000000000000e+00
-1.092000000000000082e+00 0.000000000000000000e+00 0.000000000000000000e+00 0.000000000000000000e+00 1.000000000000000000e+00
-1.089999999999999858e+00 0.000000000000000000e+00 0.000000000000000000e+00 0.000000000000000000e+00 1.000000000000000000e+00
-1.088000000000000078e+00 0.000000000000000000e+00 0.000000000000000000e+00 0.000000000000000000e+00 1.000000000000000000e+00
-1.085999999999999854e+00 0.000000000000000000e+00 0.000000000000000000e+00 0.000000000000000000e+00 1.000000000000000000e+00
-1.084000000000000075e+00 0.000000000000000000e+00 0.000000000000000000e+00 0.000000000000000000e+00 1.000000000000000000e+00
-1.082000000000000073e+00 0.000000000000000000e+00 0.000000000000000000e+00 0.000000000000000000e+00 1.000000000000000000e+00
-1.080000000000000071e+00 0.000000000000000000e+00 0.000000000000000000e+00 0.000000000000000000e+00 1.000000000000000000e+00
-1.078000000000000069e+00 0.000000000000000000e+00 0.000000000000000000e+00 0.000000000000000000e+00 1.000000000000000000e+00
-1.076000000000000068e+00 0.000000000000000000e+00 0.000000000000000000e+00 0.000000000000000000e+00 1.000000000000000000e+00
-1.074000000000000066e+00 0.000000000000000000e+00 0.000000000000000000e+00 0.000000000000000000e+00 1.000000000000000000e+00
-1.072000000000000064e+00 0.000000000000000000e+00 0.000000000000000000e+00 0.000000000000000000e+00 1.000000000000000000e+00
-1.070000000000000062e+00 0.000000000000000000e+00 0.000000000000000000e+00 0.000000000000000000e+00 1.000000000000000000e+00
-1.068000000000000060e+00 0.000000000000000000e+00 0.000000000000000000e+00 0.000000000000000000e+00 1.000000000000000000e+00
-1.066000000000000059e+00 0.000000000000000000e+00 0.000000000000000000e+00 0.000000000000000000e+00 1.000000000000000000e+00
-1.064000000000000057e+00 0.000000000000000000e+00 0.000000000000000000e+00 0.000000000000000000e+00 1.000000000000000000e+00
-1.062000000000000055e+00 0.000000000000000000e+00 0.000000000000000000e+00 0.000000000000000000e+00 1.000000000000000000e+00
-1.060000000000000053e+00 0.000000000000000000e+00 0.000000000000000000e+00 0.000000000000000000e+00 1.000000000000000000e+00
-1.058000000000000052e+00 0.000000000000000000e+00 0.000000000000000000e+00 0.000000000000000000e+00 1.000000000000000000e+00
-1.056000000000000050e+00 0.000000000000000000e+00 0.000000000000000000e+00 0.000000000000000000e+00 1.000000000000000000e+00
-1.054000000000000048e+00 0.000000000000000000e+00 0.000000000000000000e+00 0.000000000000000000e+00 1.000000000000000000e+00
-1.052000000000000046e+00 0.000000000000000000e+00 0.000000000000000000e+00 0.000000000000000000e+00 1.000000000000000000e+00
-1.050000000000000044e+00 0.000000000000000000e+00 0.000000000000000000e+00 0.000000000000000000e+00 1.000000000000000000e+00
-1.048000000000000043e+00 0.000000000000000000e+00 0.000000000000000000e+00 0.000000000000000000e+00 1.000000000000000000e+00
-1.046000000000000041e+00 0.000000000000000000e+00 0.000000000000000000e+00 0.000000000000000000e+00 1.000000000000000000e+00
-1.044000000000000039e+00 0.000000000000000000e+00 0.000000000000000000e+00 0.000000000000000000e+00 1.000000000000000000e+00
-1.042000000000000037e+00 0.000000000000000000e+00 0.000000000000000000e+00 0.000000000000000000e+00 1.000000000000000000e+00
-1.040000000000000036e+00 0.000000000000000000e+00 0.000000000000000000e+00 0.000000000000000000e+00 1.000000000000000000e+00
-1.038000000000000034e+00 0.000000000000000000e+00 0.000000000000000000e+00 0.000000000000000000e+00 1.000000000000000000e+00
-1.036000000000000032e+00 0.000000000000000000e+00 0.000000000000000000e+00 0.000000000000000000e+00 1.000000000000000000e+00
-1.034000000000000030e+00 0.000000000000000000e+00 0.000000000000000000e+00 0.000000000000000000e+00 1.000000000000000000e+00
-1.032000000000000028e+00 0.000000000000000000e+00 0.000000000000000000e+00 0.000000000000000000e+00 1.000000000000000000e+00
-1.030000000000000027e+00 0.000000000000000000e+00 0.000000000000000000e+00 0.000000000000000000e+00 1.000000000000000000e+00
-1.028000000000000025e+00 0.000000000000000000e+00 0.000000000000000000e+00 0.000000000000000000e+00 1.000000000000000000e+00
-1.026000000000000023e+00 0.000000000000000000e+00 0.000000000000000000e+00 0.000000000000000000e+00 1.000000000000000000e+00
-1.024000000000000021e+00 0.000000000000000000e+00 0.000000000000000000e+00 0.000000000000000000e+00 1.000000000000000000e+00
-1.022000000000000020e+00 0.000000000000000000e+00 0.000000000000000000e+00 0.000000000000000000e+00 1.000000000000000000e+00
-1.020000000000000018e+00 0.000000000000000000e+00 0.000000000000000000e+00 0.000000000000000000e+00 1.000000000000000000e+00
-1.018000000000000016e+00 0.000000000000000000e+00 0.000000000000000000e+00 0.000000000000000000e+00 1.000000000000000000e+00
-1.016000000000000014e+00 0.000000000000000000e+00 0.000000000000000000e+00 0.000000000000000000e+00 1.000000000000000000e+00
-1.014000000000000012e+00 0.000000000000000000e+00 0.000000000000000000e+00 0.000000000000000000e+00 1.000000000000000000e+00
-1.012000000000000011e+00 0.000000000000000000e+00 0.000000000000000000e+00 0.000000000000000000e+00 1.000000000000000000e+00
-1.010000000000000009e+00 0.000000000000000000e+00 0.000000000000000000e+00 0.000000000000000000e+00 1.000000000000000000e+00
-1.008000000000000007e+00 0.000000000000000000e+00 0.000000000000000000e+00 0.000000000000000000e+00 1.000000000000000000e+00
-1.006000000000000005e+00 0.000000000000000000e+00 0.000000000000000000e+00 0.000000000000000000e+00 1.000000000000000000e+00
-1.004000000000000004e+00 0.000000000000000000e+00 0.000000000000000000e+00 0.000000000000000000e+00 1.000000000000000000e+00
-1.002000000000000002e+00 0.000000000000000000e+00 0.000000000000000000e+00 0.000000000000000000e+00 1.000000000000000000e+00
-1.000000000000000000e+00 0.000000000000000000e+00 0.000000000000000000e+00 0.000000000000000000e+00 1.000000000000000000e+00
-9.979999999999999982e-01 5.649261824550010163e-109 0.000000000000000000e+00 5.649261824550010163e-109 1.000000000000000000e+00
-9.959999999999999964e-01 1.093183432245051790e-54 0.000000000000000000e+00 1.093183432245051790e-54 1.000000000000000000e+00
-9.939999999999999947e-01 1.362032075415712879e-36 0.000000000000000000e+00 1.362032075415712879e-36 1.000000000000000000e+00
-9.919999999999999929e-01 1.520126408329869738e-27 0.000000000000000000e+00 1.520126408329869738e-27 1.000000000000000000e+00
-9.899999999999999911e-01 4.078037078607855921e-22 0.000000000000000000e+00 4.078037078607855921e-22 1.000000000000000000e+00
-9.879999999999999893e-01 1.696141478640349279e-18 0.000000000000000000e+00 1.696141478640349279e-18 1.000000000000000000e+00
-9.859999999999999876e-01 6.522863308383748101e-16 0.000000000000000000e+00 6.522863308383748101e-16 1.000000000000000666e+00
-9.839999999999999858e-01 5.664253846304319767e-14 0.000000000000000000e+00 5.664253846304319767e-14 1.000000000000056621e+00
-9.819999999999999840e-01 1.823892410143827719e-12 0.000000000000000000e+00 1.823892410143827719e-12 1.000000000001823874e+00
-9.799999999999999822e-01 2.932662666954545059e-11 0.000000000000000000e+00 2.932662666954545059e-11 1.000000000029326763e+00
-9.779999999999999805e-01 2.845667369138665127e-10 0.000000000000000000e+00 2.845667369138665127e-10 1.000000000284566815e+00
-9.759999999999999787e-01 1.890603454804257480e-09 0.000000000000000000e+00 1.890603454804257480e-09 1.000000001890603452e+00
-9.739999999999999769e-01 9.385855290777380203e-09 0.000000000000000000e+00 9.385855290777380203e-09 1.000000009385855426e+00
-9.719999999999999751e-01 3.706129946519554654e-08 0.000000000000000000e+00 3.706129946519554654e-08 1.000000037061300917e+00
-9.699999999999999734e-01 1.218501564079246147e-07 0.000000000000000000e+00 1.218501564079246147e-07 1.000000121850171286e+00
-9.679999999999999716e-01 3.452265251813880515e-07 0.000000000000000000e+00 3.452265251813880515e-07 1.000000345226644383e+00
-9.659999999999999698e-01 8.652859103493128151e-07 0.000000000000000000e+00 8.652859103493128151e-07 1.000000865286658991e+00
-9.639999999999999680e-01 1.958226436686249492e-06 0.000000000000000000e+00 1.958226436686249492e-06 1.000001958230271271e+00
-9.619999999999999662e-01 4.066463989416002944e-06 0.000000000000000000e+00 4.066463989416002944e-06 1.000004066480525644e+00
-9.599999999999999645e-01 7.849175678309719534e-06 0.000000000000000000e+00 7.849175678309719534e-06 1.000007849237288360e+00
-9.579999999999999627e-01 1.423047850869249594e-05 0.000000000000000000e+00 1.423047850869249594e-05 1.000014230681018024e+00
-9.559999999999999609e-01 2.444071703473627005e-05 0.000000000000000000e+00 2.444071703473627005e-05 1.000024441314397938e+00
-9.539999999999999591e-01 4.004724880774029129e-05 0.000000000000000000e+00 4.004724880774029129e-05 1.000040048852654184e+00
-9.519999999999999574e-01 6.297238835969977899e-05 0.000000000000000000e+00 6.297238835969977899e-05 1.000062976354131106e+00
-9.499999999999999556e-01 9.549752219557516267e-05 0.000000000000000000e+00 9.549752219557516267e-05 1.000095506642843413e+00
-9.479999999999999538e-01 1.402536306823655584e-04 0.000000000000000000e+00 1.402536306823655584e-04 1.000140273304522598e+00
-9.459999999999999520e-01 2.001994243311092298e-04 0.000000000000000000e+00 2.001994243311092298e-04 1.000200239512166300e+00
-9.439999999999999503e-01 2.785889737753114402e-04 0.000000000000000000e+00 2.785889737753114402e-04 1.000278666607219424e+00
-9.419999999999999485e-01 3.789310920727890033e-04 0.000000000000000000e+00 3.789310920727890033e-04 1.000379074735276097e+00
-9.399999999999999467e-01 5.049428557126946909e-04 0.000000000000000000e+00 5.049428557126946909e-04 1.000505197951809144e+00
-9.379999999999999449e-01 6.604995831936769915e-04 0.000000000000000000e+00 6.604995831936769915e-04 1.000660936131232859e+00
-9.359999999999999432e-01 8.495833859512667147e-04 0.000000000000000000e+00 8.495833859512667147e-04 1.000850305791624928e+00
-9.339999999999999414e-01 1.076232118918601195e-03 0.000000000000000000e+00 1.076232118918601195e-03 1.001077391642408720e+00
-9.319999999999999396e-01 1.344490230820679678e-03 0.000000000000000000e+00 1.344490230820679678e-03 1.001346300318446625e+00
-9.299999999999999378e-01 1.658362680570093801e-03 0.000000000000000000e+00 1.658362680570093801e-03 1.001661117415700408e+00
-9.279999999999999361e-01 2.021772768993505397e-03 0.000000000000000000e+00 2.021772768993505397e-03 1.002025868614992765e+00
-9.259999999999999343e-01 2.438524449170010287e-03 0.000000000000000000e+00 2.438524449170010287e-03 1.002444485386550843e+00
-9.239999999999999325e-01 2.912269431727018600e-03 0.000000000000000000e+00 2.912269431727018600e-03 1.002920775516981999e+00
-9.220000000000000417e-01 3.446479196301102665e-03 0.000000000000000000e+00 3.446479196301102665e-03 1.003458398494765813e+00
-9.200000000000000400e-01 4.044421856321670124e-03 0.000000000000000000e+00 4.044421856321670124e-03 1.004060845629139331e+00
-9.180000000000000382e-01 4.709143698355768015e-03 0.000000000000000000e+00 4.709143698355768015e-03 1.004731424656963412e+00
-9.160000000000000364e-01 5.443455125238534642e-03 0.000000000000000000e+00 5.443455125238534642e-03 1.005473248507880557e+00
-9.140000000000000346e-01 6.249920669303620294e-03 0.000000000000000000e+00 6.249920669303620294e-03 1.006289227844402223e+00
-9.120000000000000329e-01 7.130852703351102211e-03 0.000000000000000000e+00 7.130852703351102211e-03 1.007182066964984024e+00
-9.100000000000000311e-01 8.088308457908409757e-03 0.000000000000000000e+00 8.088308457908409757e-03 1.008154262649464172e+00
-9.080000000000000293e-01 9.124089949642040509e-03 0.000000000000000000e+00 9.124089949642040509e-03 1.009208105532789057e+00
-9.060000000000000275e-01 1.023974643377096976e-02 0.000000000000000000e+00 1.023974643377096976e-02 1.010345683610627932e+00
-9.040000000000000258e-01 1.143657900986746329e-02 0.000000000000000000e+00 1.143657900986746329e-02 1.011568887505884806e+00
-9.020000000000000240e-01 1.271564703289131126e-02 0.000000000000000000e+00 1.271564703289131126e-02 1.012879417155429174e+00
-9.000000000000000222e-01 1.407777600755955212e-02 0.000000000000000000e+00 1.407777600755955212e-02 1.014278789609338816e+00
-8.980000000000000204e-01 1.552356667252266682e-02 0.000000000000000000e+00 1.552356667252266682e-02 1.015768347668875915e+00
-8.960000000000000187e-01 1.705340500998297343e-02 0.000000000000000000e+00 1.705340500998297343e-02 1.017349269122963973e+00
-8.940000000000000169e-01 1.866747294537270119e-02 0.000000000000000000e+00 1.866747294537270119e-02 1.019022576375208322e+00
-8.920000000000000151e-01 2.036575952977713946e-02 0.000000000000000000e+00 2.036575952977713946e-02 1.020789146283822779e+00
-8.900000000000000133e-01 2.214807242444618782e-02 0.000000000000000000e+00 2.214807242444618782e-02 1.022649720064835677e+00
-8.880000000000000115e-01 2.401404953164733291e-02 0.000000000000000000e+00 2.401404953164733291e-02 1.024604913134378181e+00
-8.860000000000000098e-01 2.596317063908162165e-02 0.000000000000000000e+00 2.596317063908162165e-02 1.026655224788693532e+00
-8.840000000000000080e-01 2.799476896602121415e-02 0.000000000000000000e+00 2.799476896602121415e-02 1.028801047640702127e+00
-8.820000000000000062e-01 3.010804251821643657e-02 0.000000000000000000e+00 3.010804251821643657e-02 1.031042676749674980e+00
-8.800000000000000044e-01 3.230206517550877204e-02 0.000000000000000000e+00 3.230206517550877204e-02 1.033380318395912933e+00
-8.780000000000000027e-01 3.457579745105757163e-02 0.000000000000000000e+00 3.457579745105757163e-02 1.035814098465492661e+00
-8.760000000000000009e-01 3.692809687425460674e-02 0.000000000000000000e+00 3.692809687425460674e-02 1.038344070421326482e+00
-8.739999999999999991e-01 3.935772796088647663e-02 0.000000000000000000e+00 3.935772796088647663e-02 1.040970222846162585e+00
-8.719999999999999973e-01 4.186337174405590361e-02 0.000000000000000000e+00 4.186337174405590361e-02 1.043692486550960918e+00
-8.699999999999999956e-01 4.444363484791352681e-02 0.000000000000000000e+00 4.444363484791352681e-02 1.046510741248466214e+00
-8.679999999999999938e-01 4.709705809353852829e-02 0.000000000000000000e+00 4.709705809353852829e-02 1.049424821796973273e+00
-8.659999999999999920e-01 4.982212463244989342e-02 0.000000000000000000e+00 4.982212463244989342e-02 1.052434524023386331e+00
-8.639999999999999902e-01 5.261726760837968919e-02 0.000000000000000000e+00 5.261726760837968919e-02 1.055539610137869122e+00
-8.619999999999999885e-01 5.548087735219037198e-02 0.000000000000000000e+00 5.548087735219037198e-02 1.058739813754811632e+00
-8.599999999999999867e-01 5.841130811829568781e-02 0.000000000000000000e+00 5.841130811829568781e-02 1.062034844536593248e+00
-8.579999999999999849e-01 6.140688437373904157e-02 0.000000000000000000e+00 6.140688437373904157e-02 1.065424392477848370e+00
-8.559999999999999831e-01 6.446590665328659486e-02 0.000000000000000000e+00 6.446590665328659486e-02 1.068908131848697041e+00
-8.539999999999999813e-01 6.758665699558830120e-02 0.000000000000000000e+00 6.758665699558830120e-02 1.072485724815789743e+00
-8.519999999999999796e-01 7.076740397671668625e-02 0.000000000000000000e+00 7.076740397671668625e-02 1.076156824760098552e+00
-8.499999999999999778e-01 7.400640735828047101e-02 0.000000000000000000e+00 7.400640735828047101e-02 1.079921079310226517e+00
-8.479999999999999760e-01 7.730192236787859772e-02 0.000000000000000000e+00 7.730192236787859772e-02 1.083778133109646324e+00
-8.459999999999999742e-01 8.065220362997022052e-02 0.000000000000000000e+00 8.065220362997022052e-02 1.087727630335786788e+00
-8.439999999999999725e-01 8.405550876531653337e-02 0.000000000000000000e+00 8.405550876531653337e-02 1.091769216988259350e+00
-8.419999999999999707e-01 8.751010167706001208e-02 0.000000000000000000e+00 8.751010167706001208e-02 1.095902542962825521e+00
-8.399999999999999689e-01 9.101425554125532058e-02 0.000000000000000000e+00 9.101425554125532058e-02 1.100127263926949484e+00
-8.379999999999999671e-01 9.456625551930751550e-02 0.000000000000000000e+00 9.456625551930751550e-02 1.104443043011993808e+00
-8.359999999999999654e-01 9.816440120931001212e-02 0.000000000000000000e+00 9.816440120931001212e-02 1.108849552336304889e+00
-8.339999999999999636e-01 1.018070088527415623e-01 0.000000000000000000e+00 1.018070088527415623e-01 1.113346474372622019e+00
-8.319999999999999618e-01 1.054924133123977398e-01 0.000000000000000000e+00 1.054924133123977398e-01 1.117933503172444221e+00
-8.299999999999999600e-01 1.092189698367993372e-01 0.000000000000000000e+00 1.092189698367993372e-01 1.122610345459185810e+00
-8.279999999999999583e-01 1.129850556256683652e-01 0.000000000000000000e+00 1.129850556256683652e-01 1.127376721601194731e+00
-8.259999999999999565e-01 1.167890712103910184e-01 0.000000000000000000e+00 1.167890712103910184e-01 1.132232366474952956e+00
-8.239999999999999547e-01 1.206294416627086835e-01 0.000000000000000000e+00 1.206294416627086835e-01 1.137177030228069263e+00
-8.219999999999999529e-01 1.245046176442027031e-01 0.000000000000000000e+00 1.245046176442027031e-01 1.142210478950995256e+00
-8.199999999999999512e-01 1.284130763084651572e-01 0.000000000000000000e+00 1.284130763084651572e-01 1.147332495265741548e+00
-8.179999999999999494e-01 1.323533220671920529e-01 0.000000000000000000e+00 1.323533220671920529e-01 1.152542878839261542e+00
-8.159999999999999476e-01 1.363238872307917238e-01 0.000000000000000000e+00 1.363238872307917238e-01 1.157841446828598464e+00
-8.139999999999999458e-01 1.403233325334727333e-01 0.000000000000000000e+00 1.403233325334727333e-01 1.163228034264331523e+00
-8.119999999999999440e-01 1.443502475521783734e-01 0.000000000000000000e+00 1.443502475521783734e-01 1.168702494378365486e+00
-8.099999999999999423e-01 1.484032510281451944e-01 0.000000000000000000e+00 1.484032510281451944e-01 1.174264698881618108e+00
-8.079999999999999405e-01 1.524809910993132622e-01 0.000000000000000000e+00 1.524809910993132622e-01 1.179914538196725093e+00
-8.059999999999999387e-01 1.565821454512771327e-01 0.000000000000000000e+00 1.565821454512771327e-01 1.185651921650458407e+00
-8.039999999999999369e-01 1.607054213939600185e-01 0.000000000000000000e+00 1.607054213939600185e-01 1.191476777630174899e+00
-8.019999999999999352e-01 1.648495558707112618e-01 0.000000000000000000e+00 1.648495558707112618e-01 1.197389053708257434e+00
-7.999999999999999334e-01 1.690133154060661780e-01 0.000000000000000000e+00 1.690133154060661780e-01 1.203388716738169606e+00
-7.979999999999999316e-01 1.731954959979759012e-01 0.000000000000000000e+00 1.731954959979759012e-01 1.209475752925448289e+00
-7.960000000000000409e-01 1.773949229599016131e-01 0.000000000000000000e+00 1.773949229599016131e-01 1.215650167876674237e+00
-7.940000000000000391e-01 1.816104507177838945e-01 0.000000000000000000e+00 1.816104507177838945e-01 1.221911986629189872e+00
-7.920000000000000373e-01 1.858409625665286558e-01 0.000000000000000000e+00 1.858409625665286558e-01 1.228261253664109320e+00
-7.900000000000000355e-01 1.900853703903138681e-01 0.000000000000000000e+00 1.900853703903138681e-01 1.234698032904924414e+00
-7.880000000000000338e-01 1.943426143506961357e-01 0.000000000000000000e+00 1.943426143506961357e-01 1.241222407703827413e+00
-7.860000000000000320e-01 1.986116625461924468e-01 0.000000000000000000e+00 1.986116625461924468e-01 1.247834480817660463e+00
-7.840000000000000302e-01 2.028915106467350793e-01 0.000000000000000000e+00 2.028915106467350793e-01 1.254534374375251504e+00
-7.820000000000000284e-01 2.071811815061284923e-01 0.000000000000000000e+00 2.071811815061284923e-01 1.261322229837724240e+00
-7.800000000000000266e-01 2.114797247553893977e-01 0.000000000000000000e+00 2.114797247553893977e-01 1.268198207953226575e+00
-7.780000000000000249e-01 2.157862163796250010e-01 0.000000000000000000e+00 2.157862163796250010e-01 1.275162488707395125e+00
-7.760000000000000231e-01 2.200997582808832675e-01 0.000000000000000000e+00 2.200997582808832675e-01 1.282215271270749080e+00
-7.740000000000000213e-01 2.244194778292120662e-01 0.000000000000000000e+00 2.244194778292120662e-01 1.289356773944090317e+00
-7.720000000000000195e-01 2.287445274039738297e-01 0.000000000000000000e+00 2.287445274039738297e-01 1.296587234102891673e+00
-7.700000000000000178e-01 2.330740839272941178e-01 0.000000000000000000e+00 2.330740839272941178e-01 1.303906908141565957e+00
-7.680000000000000160e-01 2.374073483913503868e-01 0.000000000000000000e+00 2.374073483913503868e-01 1.311316071418406448e+00
-7.660000000000000142e-01 2.417435453810717616e-01 0.000000000000000000e+00 2.417435453810717616e-01 1.318815018201939582e+00
-7.640000000000000124e-01 2.460819225936647925e-01 0.000000000000000000e+00 2.460819225936647925e-01 1.326404061619330665e+00
-7.620000000000000107e-01 2.504217503562634062e-01 0.000000000000000000e+00 2.504217503562634062e-01 1.334083533607445249e+00
-7.600000000000000089e-01 2.547623211428768353e-01 0.000000000000000000e+00 2.547623211428768353e-01 1.341853784867095944e+00
-7.580000000000000071e-01 2.591029490916955114e-01 0.000000000000000000e+00 2.591029490916955114e-01 1.349715184820951430e+00
-7.560000000000000053e-01 2.634429695237172075e-01 0.000000000000000000e+00 2.634429695237172075e-01 1.357668121575550169e+00
-7.540000000000000036e-01 2.677817384635594600e-01 0.000000000000000000e+00 2.677817384635594600e-01 1.365713001887802092e+00
-7.520000000000000018e-01 2.721186321632310112e-01 0.000000000000000000e+00 2.721186321632310112e-01 1.373850251136329303e+00
-7.500000000000000000e-01 2.764530466295643807e-01 0.000000000000000000e+00 2.764530466295643807e-01 1.382080313297965324e+00
-7.479999999999999982e-01 2.807843971559261798e-01 0.000000000000000000e+00 2.807843971559261798e-01 1.390403650929692647e+00
-7.459999999999999964e-01 2.851121178587617266e-01 0.000000000000000000e+00 2.851121178587617266e-01 1.398820745156277301e+00
-7.439999999999999947e-01 2.894356612194595724e-01 0.000000000000000000e+00 2.894356612194595724e-01 1.407332095663827554e+00
-7.419999999999999929e-01 2.937544976319705903e-01 0.000000000000000000e+00 2.937544976319705903e-01 1.415938220699482830e+00
-7.399999999999999911e-01 2.980681149565543309e-01 0.000000000000000000e+00 2.980681149565543309e-01 1.424639657077417798e+00
-7.379999999999999893e-01 3.023760180799859865e-01 0.000000000000000000e+00 3.023760180799859865e-01 1.433436960191335263e+00
-7.359999999999999876e-01 3.066777284825012995e-01 0.000000000000000000e+00 3.066777284825012995e-01 1.442330704033587541e+00
-7.339999999999999858e-01 3.109727838117242738e-01 0.000000000000000000e+00 3.109727838117242738e-01 1.451321481221071741e+00
-7.319999999999999840e-01 3.152607374637801940e-01 0.000000000000000000e+00 3.152607374637801940e-01 1.460409903028021761e+00
-7.299999999999999822e-01 3.195411581717604865e-01 0.000000000000000000e+00 3.195411581717604865e-01 1.469596599425801120e+00
-7.279999999999999805e-01 3.238136296016806970e-01 0.000000000000000000e+00 3.238136296016806970e-01 1.478882219129812770e+00
-7.259999999999999787e-01 3.280777499560347810e-01 0.000000000000000000e+00 3.280777499560347810e-01 1.488267429653606477e+00
-7.239999999999999769e-01 3.323331315850305834e-01 0.000000000000000000e+00 3.323331315850305834e-01 1.497752917370281267e+00
-7.219999999999999751e-01 3.365794006055632948e-01 0.000000000000000000e+00 3.365794006055632948e-01 1.507339387581256185e+00
-7.199999999999999734e-01 3.408161965279625227e-01 0.000000000000000000e+00 3.408161965279625227e-01 1.517027564592490885e+00
-7.179999999999999716e-01 3.450431718905304646e-01 0.000000000000000000e+00 3.450431718905304646e-01 1.526818191798223312e+00
-7.159999999999999698e-01 3.492599919018679056e-01 0.000000000000000000e+00 3.492599919018679056e-01 1.536712031772294651e+00
-7.139999999999999680e-01 3.534663340909725004e-01 0.000000000000000000e+00 3.534663340909725004e-01 1.546709866367125930e+00
-7.119999999999999662e-01 3.576618879650751981e-01 0.000000000000000000e+00 3.576618879650751981e-01 1.556812496820410896e+00
-7.099999999999999645e-01 3.618463546751725102e-01 0.000000000000000000e+00 3.618463546751725102e-01 1.567020743869587340e+00
-7.079999999999999627e-01 3.660194466891942278e-01 0.000000000000000000e+00 3.660194466891942278e-01 1.577335447874147922e+00
-7.059999999999999609e-01 3.701808874727435805e-01 0.000000000000000000e+00 3.701808874727435805e-01 1.587757468945852901e+00
-7.039999999999999591e-01 3.743304111773300136e-01 0.000000000000000000e+00 3.743304111773300136e-01 1.598287687086904940e+00
-7.019999999999999574e-01 3.784677623360137577e-01 0.000000000000000000e+00 3.784677623360137577e-01 1.608927002336155043e+00
-6.999999999999999556e-01 3.825926955663666029e-01 0.000000000000000000e+00 3.825926955663666029e-01 1.619676334923394689e+00
-6.979999999999999538e-01 3.867049752806536178e-01 0.000000000000000000e+00 3.867049752806536178e-01 1.630536625431807440e+00
-6.959999999999999520e-01 3.908043754031326200e-01 0.000000000000000000e+00 3.908043754031326200e-01 1.641508834968645303e+00
-6.939999999999999503e-01 3.948906790943618184e-01 0.000000000000000000e+00 3.948906790943618184e-01 1.652593945344202897e+00
-6.919999999999999485e-01 3.989636784824038829e-01 0.000000000000000000e+00 3.989636784824038829e-01 1.663792959259158044e+00
-6.899999999999999467e-01 4.030231744008119232e-01 0.000000000000000000e+00 4.030231744008119232e-01 1.675106900500360263e+00
-6.879999999999999449e-01 4.070689761332778045e-01 0.000000000000000000e+00 4.070689761332778045e-01 1.686536814145143781e+00
-6.859999999999999432e-01 4.111009011648229516e-01 0.000000000000000000e+00 4.111009011648229516e-01 1.698083766774252323e+00
-6.839999999999999414e-01 4.151187749394084636e-01 0.000000000000000000e+00 4.151187749394084636e-01 1.709748846693452728e+00
-6.819999999999999396e-01 4.191224306238424679e-01 0.000000000000000000e+00 4.191224306238424679e-01 1.721533164163948415e+00
-6.799999999999999378e-01 4.231117088778562629e-01 0.000000000000000000e+00 4.231117088778562629e-01 1.733437851641664418e+00
-6.779999999999999361e-01 4.270864576302284554e-01 0.000000000000000000e+00 4.270864576302284554e-01 1.745464064025522788e+00
-6.759999999999999343e-01 4.310465318608277530e-01 0.000000000000000000e+00 4.310465318608277530e-01 1.757612978914804724e+00
-6.739999999999999325e-01 4.349917933884493437e-01 0.000000000000000000e+00 4.349917933884493437e-01 1.769885796875709572e+00
-6.719999999999999307e-01 4.389221106643210191e-01 0.000000000000000000e+00 4.389221106643210191e-01 1.782283741717230363e+00
-6.699999999999999289e-01 4.428373585711529170e-01 0.000000000000000000e+00 4.428373585711529170e-01 1.794808060776461600e+00
-6.679999999999999272e-01 4.467374182276043770e-01 0.000000000000000000e+00 4.467374182276043770e-01 1.807460025213463384e+00
-6.660000000000000364e-01 4.506221767980497228e-01 0.000000000000000000e+00 4.506221767980497228e-01 1.820240930315823569e+00
-6.640000000000000346e-01 4.544915273075159079e-01 0.000000000000000000e+00 4.544915273075159079e-01 1.833152095813044058e+00
-6.620000000000000329e-01 4.583453684616712875e-01 0.000000000000000000e+00 4.583453684616712875e-01 1.846194866200895346e+00
-6.600000000000000311e-01 4.621836044717500536e-01 0.000000000000000000e+00 4.621836044717500536e-01 1.859370611075899848e+00
-6.580000000000000293e-01 4.660061448842877097e-01 0.000000000000000000e+00 4.660061448842877097e-01 1.872680725480085906e+00
-6.560000000000000275e-01 4.698129044155574530e-01 0.000000000000000000e+00 4.698129044155574530e-01 1.886126630256187875e+00
-6.540000000000000258e-01 4.736038027905870584e-01 0.000000000000000000e+00 4.736038027905870584e-01 1.899709772413451292e+00
-6.520000000000000240e-01 4.773787645866445772e-01 0.000000000000000000e+00 4.773787645866445772e-01 1.913431625504219191e+00
-6.500000000000000222e-01 4.811377190810848248e-01 0.000000000000000000e+00 4.811377190810848248e-01 1.927293690011500971e+00
-6.480000000000000204e-01 4.848806001034408064e-01 0.000000000000000000e+00 4.848806001034408064e-01 1.941297493747681457e+00
-6.460000000000000187e-01 4.886073458916578849e-01 0.000000000000000000e+00 4.886073458916578849e-01 1.955444592264602655e+00
-6.440000000000000169e-01 4.923178989523623872e-01 0.000000000000000000e+00 4.923178989523623872e-01 1.969736569275202021e+00
-6.420000000000000151e-01 4.960122059250606785e-01 0.000000000000000000e+00 4.960122059250606785e-01 1.984175037086924442e+00
-6.400000000000000133e-01 4.996902174501686722e-01 0.000000000000000000e+00 4.996902174501686722e-01 1.998761637047141271e+00
-6.380000000000000115e-01 5.033518880407704676e-01 0.000000000000000000e+00 5.033518880407704676e-01 2.013498040000786915e+00
-6.360000000000000098e-01 5.069971759580085280e-01 0.000000000000000000e+00 5.069971759580085280e-01 2.028385946760469238e+00
-6.340000000000000080e-01 5.106260430900120273e-01 0.000000000000000000e+00 5.106260430900120273e-01 2.043427088589295337e+00
-6.320000000000000062e-01 5.142384548342655570e-01 0.000000000000000000e+00 5.142384548342655570e-01 2.058623227696657843e+00
-6.300000000000000044e-01 5.178343799833314831e-01 0.000000000000000000e+00 5.178343799833314831e-01 2.073976157747269067e+00
-6.280000000000000027e-01 5.214137906138319734e-01 0.000000000000000000e+00 5.214137906138319734e-01 2.089487704383697686e+00
-6.260000000000000009e-01 5.249766619786070398e-01 0.000000000000000000e+00 5.249766619786070398e-01 2.105159725762704159e+00
-6.239999999999999991e-01 5.285229724019595565e-01 0.000000000000000000e+00 5.285229724019595565e-01 2.120994113105663104e+00
-6.219999999999999973e-01 5.320527031779064275e-01 0.000000000000000000e+00 5.320527031779064275e-01 2.136992791263381708e+00
-6.199999999999999956e-01 5.355658384713543052e-01 0.000000000000000000e+00 5.355658384713543052e-01 2.153157719295636596e+00
-6.179999999999999938e-01 5.390623652221168127e-01 0.000000000000000000e+00 5.390623652221168127e-01 2.169490891065730231e+00
-6.159999999999999920e-01 5.425422730516994418e-01 0.000000000000000000e+00 5.425422730516994418e-01 2.185994335850435011e+00
-6.139999999999999902e-01 5.460055541727761863e-01 0.000000000000000000e+00 5.460055541727761863e-01 2.202670118965659896e+00
-6.119999999999999885e-01 5.494522033012799733e-01 0.000000000000000000e+00 5.494522033012799733e-01 2.219520342408193070e+00
-6.099999999999999867e-01 5.528822175710392806e-01 0.000000000000000000e+00 5.528822175710392806e-01 2.236547145513906543e+00
-6.079999999999999849e-01 5.562955964508884410e-01 0.000000000000000000e+00 5.562955964508884410e-01 2.253752705632804609e+00
-6.059999999999999831e-01 5.596923416641833571e-01 0.000000000000000000e+00 5.596923416641833571e-01 2.271139238821310080e+00
-6.039999999999999813e-01 5.630724571106558995e-01 0.000000000000000000e+00 5.630724571106558995e-01 2.288709000552201722e+00
-6.019999999999999796e-01 5.664359487905430424e-01 0.000000000000000000e+00 5.664359487905430424e-01 2.306464286442639011e+00
-5.999999999999999778e-01 5.697828247309228988e-01 0.000000000000000000e+00 5.697828247309228988e-01 2.324407433000681866e+00
-5.979999999999999760e-01 5.731130949142053677e-01 0.000000000000000000e+00 5.731130949142053677e-01 2.342540818390816071e+00
-5.959999999999999742e-01 5.764267712087043360e-01 0.000000000000000000e+00 5.764267712087043360e-01 2.360866863218881839e+00
-5.939999999999999725e-01 5.797238673012446997e-01 0.000000000000000000e+00 5.797238673012446997e-01 2.379388031336954423e+00
-5.919999999999999707e-01 5.830043986317399174e-01 0.000000000000000000e+00 5.830043986317399174e-01 2.398106830668635503e+00
-5.899999999999999689e-01 5.862683823296876984e-01 0.000000000000000000e+00 5.862683823296876984e-01 2.417025814055293598e+00
-5.879999999999999671e-01 5.895158371525291985e-01 0.000000000000000000e+00 5.895158371525291985e-01 2.436147580123776191e+00
-5.859999999999999654e-01 5.927467834258175472e-01 0.000000000000000000e+00 5.927467834258175472e-01 2.455474774176146457e+00
-5.839999999999999636e-01 5.959612429851490756e-01 0.000000000000000000e+00 5.959612429851490756e-01 2.475010089102030797e+00
-5.819999999999999618e-01 5.991592391198007350e-01 0.000000000000000000e+00 5.991592391198007350e-01 2.494756266314127835e+00
-5.799999999999999600e-01 6.023407965180316292e-01 0.000000000000000000e+00 6.023407965180316292e-01 2.514716096707527715e+00
-5.779999999999999583e-01 6.055059412139991437e-01 0.000000000000000000e+00 6.055059412139991437e-01 2.534892421643451854e+00
-5.759999999999999565e-01 6.086547005362402674e-01 0.000000000000000000e+00 6.086547005362402674e-01 2.555288133958037555e+00
-5.739999999999999547e-01 6.117871030576823577e-01 0.000000000000000000e+00 6.117871030576823577e-01 2.575906178996892670e+00
-5.719999999999999529e-01 6.149031785471297251e-01 0.000000000000000000e+00 6.149031785471297251e-01 2.596749555676050036e+00
-5.699999999999999512e-01 6.180029579221919533e-01 0.000000000000000000e+00 6.180029579221919533e-01 2.617821317570077966e+00
-5.679999999999999494e-01 6.210864732036083247e-01 0.000000000000000000e+00 6.210864732036083247e-01 2.639124574028067549e+00
-5.659999999999999476e-01 6.241537574709312697e-01 0.000000000000000000e+00 6.241537574709312697e-01 2.660662491318262823e+00
-5.639999999999999458e-01 6.272048448195266523e-01 0.000000000000000000e+00 6.272048448195266523e-01 2.682438293802105189e+00
-5.619999999999999440e-01 6.302397703188595823e-01 0.000000000000000000e+00 6.302397703188595823e-01 2.704455265138550502e+00
-5.599999999999999423e-01 6.332585699720214567e-01 0.000000000000000000e+00 6.332585699720214567e-01 2.726716749519437766e+00
-5.579999999999999405e-01 6.362612806764671447e-01 0.000000000000000000e+00 6.362612806764671447e-01 2.749226152936814493e+00
-5.559999999999999387e-01 6.392479401859288979e-01 0.000000000000000000e+00 6.392479401859288979e-01 2.771986944483123771e+00
-5.539999999999999369e-01 6.422185870734684610e-01 0.000000000000000000e+00 6.422185870734684610e-01 2.795002657685139447e+00
-5.519999999999999352e-01 6.451732606956408489e-01 0.000000000000000000e+00 6.451732606956408489e-01 2.818276891872660173e+00
-5.499999999999999334e-01 6.481120011577319318e-01 0.000000000000000000e+00 6.481120011577319318e-01 2.841813313582895795e+00
-5.479999999999999316e-01 6.510348492800447362e-01 0.000000000000000000e+00 6.510348492800447362e-01 2.865615658001622545e+00
-5.459999999999999298e-01 6.539418465651987145e-01 0.000000000000000000e+00 6.539418465651987145e-01 2.889687730442114688e+00
-5.439999999999999281e-01 6.568330351664192213e-01 0.000000000000000000e+00 6.568330351664192213e-01 2.914033407862995251e+00
-5.419999999999999263e-01 6.597084578567833368e-01 0.000000000000000000e+00 6.597084578567833368e-01 2.938656640426095201e+00
-5.400000000000000355e-01 6.625681579993962789e-01 0.000000000000000000e+00 6.625681579993962789e-01 2.963561453095499232e+00
-5.380000000000000338e-01 6.654121795184750887e-01 0.000000000000000000e+00 6.654121795184750887e-01 2.988751947279017607e+00
-5.360000000000000320e-01 6.682405668713070623e-01 0.000000000000000000e+00 6.682405668713070623e-01 3.014232302513278228e+00
-5.340000000000000302e-01 6.710533650210640522e-01 0.000000000000000000e+00 6.710533650210640522e-01 3.040006778193778736e+00
-5.320000000000000284e-01 6.738506194104442182e-01 0.000000000000000000e+00 6.738506194104442182e-01 3.066079715351214041e+00
-5.300000000000000266e-01 6.766323759361189127e-01 0.000000000000000000e+00 6.766323759361189127e-01 3.092455538475461729e+00
-5.280000000000000249e-01 6.793986809239612734e-01 0.000000000000000000e+00 6.793986809239612734e-01 3.119138757388657535e+00
-5.260000000000000231e-01 6.821495811050339864e-01 0.000000000000000000e+00 6.821495811050339864e-01 3.146133969168846800e+00
-5.240000000000000213e-01 6.848851235923139047e-01 0.000000000000000000e+00 6.848851235923139047e-01 3.173445860125722273e+00
-5.220000000000000195e-01 6.876053558581350922e-01 0.000000000000000000e+00 6.876053558581350922e-01 3.201079207830078044e+00
-5.200000000000000178e-01 6.903103257123238690e-01 0.000000000000000000e+00 6.903103257123238690e-01 3.229038883198548593e+00
-5.180000000000000160e-01 6.930000812810128696e-01 0.000000000000000000e+00 6.930000812810128696e-01 3.257329852635406198e+00
-5.160000000000000142e-01 6.956746709861089117e-01 0.000000000000000000e+00 6.956746709861089117e-01 3.285957180233113117e+00
-5.140000000000000124e-01 6.983341435253992424e-01 0.000000000000000000e+00 6.983341435253992424e-01 3.314926030033487070e+00
-5.120000000000000107e-01 7.009785478532765124e-01 0.000000000000000000e+00 7.009785478532765124e-01 3.344241668351343399e+00
-5.100000000000000089e-01 7.036079331620639365e-01 0.000000000000000000e+00 7.036079331620639365e-01 3.373909466162564375e+00
-5.080000000000000071e-01 7.062223488639255420e-01 0.000000000000000000e+00 7.062223488639255420e-01 3.403934901558632653e+00
-5.060000000000000053e-01 7.088218445733429629e-01 0.000000000000000000e+00 7.088218445733429629e-01 3.434323562269709917e+00
-5.040000000000000036e-01 7.114064700901407967e-01 0.000000000000000000e+00 7.114064700901407967e-01 3.465081148258400745e+00
-5.020000000000000018e-01 7.139762753830501962e-01 0.000000000000000000e+00 7.139762753830501962e-01 3.496213474386522524e+00
-5.000000000000000000e-01 7.165313105737891597e-01 0.000000000000000000e+00 7.165313105737891597e-01 3.527726473157128062e+00
-4.979999999999999982e-01 7.190716259216471951e-01 0.000000000000000000e+00 7.190716259216471951e-01 3.559626197534227376e+00
-4.959999999999999964e-01 7.215972718085607029e-01 0.000000000000000000e+00 7.215972718085607029e-01 3.591918823842723096e+00
-4.939999999999999947e-01 7.241082987246635350e-01 0.000000000000000000e+00 7.241082987246635350e-01 3.624610654751128092e+00
-4.919999999999999929e-01 7.266047572542992938e-01 0.000000000000000000e+00 7.266047572542992938e-01 3.657708122339760504e+00
-4.899999999999999911e-01 7.290866980624814975e-01 0.000000000000000000e+00 7.290866980624814975e-01 3.691217791257192626e+00
-4.879999999999999893e-01 7.315541718817909489e-01 0.000000000000000000e+00 7.315541718817909489e-01 3.725146361967875297e+00
-4.859999999999999876e-01 7.340072294996938806e-01 0.000000000000000000e+00 7.340072294996938806e-01 3.759500674093881667e+00
-4.839999999999999858e-01 7.364459217462726581e-01 0.000000000000000000e+00 7.364459217462726581e-01 3.794287709853935375e+00
-4.819999999999999840e-01 7.388702994823537207e-01 0.000000000000000000e+00 7.388702994823537207e-01 3.829514597602900139e+00
-4.799999999999999822e-01 7.412804135880251000e-01 0.000000000000000000e+00 7.412804135880251000e-01 3.865188615475132039e+00
-4.779999999999999805e-01 7.436763149515257521e-01 0.000000000000000000e+00 7.436763149515257521e-01 3.901317195135075355e+00
-4.759999999999999787e-01 7.460580544585058149e-01 0.000000000000000000e+00 7.460580544585058149e-01 3.937907925638853168e+00
-4.739999999999999769e-01 7.484256829816360312e-01 0.000000000000000000e+00 7.484256829816360312e-01 3.974968557410428538e+00
-4.719999999999999751e-01 7.507792513705644488e-01 0.000000000000000000e+00 7.507792513705644488e-01 4.012507006336348603e+00
-4.699999999999999734e-01 7.531188104422072982e-01 0.000000000000000000e+00 7.531188104422072982e-01 4.050531357983063074e+00
-4.679999999999999716e-01 7.554444109713623901e-01 0.000000000000000000e+00 7.554444109713623901e-01 4.089049871940973802e+00
-4.659999999999999698e-01 7.577561036816409246e-01 0.000000000000000000e+00 7.577561036816409246e-01 4.128070986299655409e+00
-4.639999999999999680e-01 7.600539392367016145e-01 0.000000000000000000e+00 7.600539392367016145e-01 4.167603322258657705e+00
-4.619999999999999662e-01 7.623379682317854567e-01 0.000000000000000000e+00 7.623379682317854567e-01 4.207655688878707778e+00
-4.599999999999999645e-01 7.646082411855350536e-01 0.000000000000000000e+00 7.646082411855350536e-01 4.248237087978075088e+00
-4.579999999999999627e-01 7.668648085320985963e-01 0.000000000000000000e+00 7.668648085320985963e-01 4.289356719179319377e+00
-4.559999999999999609e-01 7.691077206135015221e-01 0.000000000000000000e+00 7.691077206135015221e-01 4.331023985111540853e+00
-4.539999999999999591e-01 7.713370276722837371e-01 0.000000000000000000e+00 7.713370276722837371e-01 4.373248496773737948e+00
-4.519999999999999574e-01 7.735527798443944114e-01 0.000000000000000000e+00 7.735527798443944114e-01 4.416040079064956103e+00
-4.499999999999999556e-01 7.757550271523332430e-01 0.000000000000000000e+00 7.757550271523332430e-01 4.459408776487115311e+00
-4.479999999999999538e-01 7.779438194985339727e-01 0.000000000000000000e+00 7.779438194985339727e-01 4.503364859026736333e+00
-4.459999999999999520e-01 7.801192066589830443e-01 0.000000000000000000e+00 7.801192066589830443e-01 4.547918828221992449e+00
-4.439999999999999503e-01 7.822812382770659712e-01 0.000000000000000000e+00 7.822812382770659712e-01 4.593081423421774723e+00
-4.419999999999999485e-01 7.844299638576317513e-01 0.000000000000000000e+00 7.844299638576317513e-01 4.638863628243644399e+00
-4.399999999999999467e-01 7.865654327612755514e-01 0.000000000000000000e+00 7.865654327612755514e-01 4.685276677238086940e+00
-4.379999999999999449e-01 7.886876941988273382e-01 0.000000000000000000e+00 7.886876941988273382e-01 4.732332062766458236e+00
-4.359999999999999432e-01 7.907967972260417922e-01 0.000000000000000000e+00 7.907967972260417922e-01 4.780041542100525120e+00
-4.339999999999999414e-01 7.928927907384869522e-01 0.000000000000000000e+00 7.928927907384869522e-01 4.828417144751855794e+00
-4.319999999999999396e-01 7.949757234666197103e-01 0.000000000000000000e+00 7.949757234666197103e-01 4.877471180039445464e+00
-4.299999999999999378e-01 7.970456439710482677e-01 0.000000000000000000e+00 7.970456439710482677e-01 4.927216244904585984e+00
-4.279999999999999361e-01 7.991026006379732260e-01 0.000000000000000000e+00 7.991026006379732260e-01 4.977665231982181915e+00
-4.259999999999999343e-01 8.011466416748018737e-01 0.000000000000000000e+00 8.011466416748018737e-01 5.028831337938147961e+00
-4.239999999999999325e-01 8.031778151059323356e-01 0.000000000000000000e+00 8.031778151059323356e-01 5.080728072082998814e+00
-4.219999999999999307e-01 8.051961687686994829e-01 0.000000000000000000e+00 8.051961687686994829e-01 5.133369265272041737e+00
-4.199999999999999289e-01 8.072017503094823798e-01 0.000000000000000000e+00 8.072017503094823798e-01 5.186769079103226154e+00
-4.179999999999999272e-01 8.091946071799634987e-01 0.000000000000000000e+00 8.091946071799634987e-01 5.240942015423946998e+00
-4.159999999999999254e-01 8.111747866335375923e-01 0.000000000000000000e+00 8.111747866335375923e-01 5.295902926158757573e+00
-4.139999999999999236e-01 8.131423357218684478e-01 0.000000000000000000e+00 8.131423357218684478e-01 5.351667023470509044e+00
-4.119999999999999218e-01 8.150973012915821991e-01 0.000000000000000000e+00 8.150973012915821991e-01 5.408249890267688542e+00
-4.099999999999999201e-01 8.170397299810993053e-01 0.000000000000000000e+00 8.170397299810993053e-01 5.465667491071668493e+00
-4.079999999999999183e-01 8.189696682175999776e-01 0.000000000000000000e+00 8.189696682175999776e-01 5.523936183257998955e+00
-4.059999999999999165e-01 8.208871622141156177e-01 0.000000000000000000e+00 8.208871622141156177e-01 5.583072728686388153e+00
-4.039999999999999147e-01 8.227922579667463765e-01 0.000000000000000000e+00 8.227922579667463765e-01 5.643094305734941862e+00
-4.019999999999999130e-01 8.246850012519977291e-01 0.000000000000000000e+00 8.246850012519977291e-01 5.704018521754660398e+00
-3.999999999999999112e-01 8.265654376242379531e-01 0.000000000000000000e+00 8.265654376242379531e-01 5.765863425961241795e+00
-3.979999999999999094e-01 8.284336124132649637e-01 0.000000000000000000e+00 8.284336124132649637e-01 5.828647522781535528e+00
-3.959999999999999076e-01 8.302895707219843935e-01 0.000000000000000000e+00 8.302895707219843935e-01 5.892389785673240787e+00
-3.939999999999999059e-01 8.321333574241965847e-01 0.000000000000000000e+00 8.321333574241965847e-01 5.957109671437139653e+00
-3.919999999999999041e-01 8.339650171624843900e-01 0.000000000000000000e+00 8.339650171624843900e-01 6.022827135041868729e+00
-3.899999999999999023e-01 8.357845943462024474e-01 0.000000000000000000e+00 8.357845943462024474e-01 6.089562644982416728e+00
-3.879999999999999005e-01 8.375921331495637112e-01 0.000000000000000000e+00 8.375921331495637112e-01 6.157337199194385491e+00
-3.859999999999998987e-01 8.393876775098210175e-01 0.000000000000000000e+00 8.393876775098210175e-01 6.226172341547127509e+00
-3.839999999999998970e-01 8.411712711255369124e-01 0.000000000000000000e+00 8.411712711255369124e-01 6.296090178939804716e+00
-3.819999999999998952e-01 8.429429574549467397e-01 0.000000000000000000e+00 8.429429574549467397e-01 6.367113399025966736e+00
-3.799999999999998934e-01 8.447027797144029959e-01 0.000000000000000000e+00 8.447027797144029959e-01 6.439265288592835645e+00
-3.779999999999998916e-01 8.464507808769053954e-01 0.000000000000000000e+00 8.464507808769053954e-01 6.512569752623345032e+00
-3.759999999999998899e-01 8.481870036707107596e-01 0.000000000000000000e+00 8.481870036707107596e-01 6.587051334069943032e+00
-3.739999999999998881e-01 8.499114905780212892e-01 0.000000000000000000e+00 8.499114905780212892e-01 6.662735234370724235e+00
-3.719999999999998863e-01 8.516242838337464427e-01 0.000000000000000000e+00 8.516242838337464427e-01 6.739647334739800932e+00
-3.699999999999998845e-01 8.533254254243409775e-01 0.000000000000000000e+00 8.533254254243409775e-01 6.817814218265694670e+00
-3.679999999999998828e-01 8.550149570867116022e-01 0.000000000000000000e+00 8.550149570867116022e-01 6.897263192852746805e+00
-3.659999999999998810e-01 8.566929203071919074e-01 0.000000000000000000e+00 8.566929203071919074e-01 6.978022315042577972e+00
-3.639999999999998792e-01 8.583593563205872412e-01 0.000000000000000000e+00 8.583593563205872412e-01 7.060120414754570639e+00
-3.619999999999998774e-01 8.600143061092773156e-01 0.000000000000000000e+00 8.600143061092773156e-01 7.143587120985605665e+00
-3.599999999999998757e-01 8.616578104023879803e-01 0.000000000000000000e+00 8.616578104023879803e-01 7.228452888512481245e+00
-3.579999999999998739e-01 8.632899096750193957e-01 0.000000000000000000e+00 8.632899096750193957e-01 7.314749025641402724e+00
-3.559999999999998721e-01 8.649106441475313822e-01 0.000000000000000000e+00 8.649106441475313822e-01 7.402507723051860111e+00
-3.539999999999998703e-01 8.665200537848889439e-01 0.000000000000000000e+00 8.665200537848889439e-01 7.491762083784774262e+00
-3.519999999999998685e-01 8.681181782960586402e-01 0.000000000000000000e+00 8.681181782960586402e-01 7.582546154426637486e+00
-3.499999999999998668e-01 8.697050571334592473e-01 0.000000000000000000e+00 8.697050571334592473e-01 7.674894957544789342e+00
-3.479999999999998650e-01 8.712807294924643786e-01 0.000000000000000000e+00 8.712807294924643786e-01 7.768844525431465087e+00
-3.460000000000000853e-01 8.728452343109507350e-01 0.000000000000000000e+00 8.728452343109507350e-01 7.864431935217047531e+00
-3.440000000000000835e-01 8.743986102688992013e-01 0.000000000000000000e+00 8.743986102688992013e-01 7.961695345416906378e+00
-3.420000000000000817e-01 8.759408957880369107e-01 0.000000000000000000e+00 8.759408957880369107e-01 8.060674033978470376e+00
-3.400000000000000799e-01 8.774721290315266042e-01 0.000000000000000000e+00 8.774721290315266042e-01 8.161408437899826396e+00
-3.380000000000000782e-01 8.789923479036981790e-01 0.000000000000000000e+00 8.789923479036981790e-01 8.263940194494209024e+00
-3.360000000000000764e-01 8.805015900498222026e-01 0.000000000000000000e+00 8.805015900498222026e-01 8.368312184379087526e+00
-3.340000000000000746e-01 8.819998928559221740e-01 0.000000000000000000e+00 8.819998928559221740e-01 8.474568576272584863e+00
-3.320000000000000728e-01 8.834872934486269758e-01 0.000000000000000000e+00 8.834872934486269758e-01 8.582754873684768526e+00
-3.300000000000000711e-01 8.849638286950589627e-01 0.000000000000000000e+00 8.849638286950589627e-01 8.692917963595750308e+00
-3.280000000000000693e-01 8.864295352027596886e-01 0.000000000000000000e+00 8.864295352027596886e-01 8.805106167218040625e+00
-3.260000000000000675e-01 8.878844493196490495e-01 0.000000000000000000e+00 8.878844493196490495e-01 8.919369292945525274e+00
-3.240000000000000657e-01 8.893286071340191778e-01 0.000000000000000000e+00 8.893286071340191778e-01 9.035758691597610692e+00
-3.220000000000000639e-01 8.907620444745585342e-01 0.000000000000000000e+00 8.907620444745585342e-01 9.154327314072629562e+00
-3.200000000000000622e-01 8.921847969104095277e-01 0.000000000000000000e+00 8.921847969104095277e-01 9.275129771531727130e+00
-3.180000000000000604e-01 8.935968997512543366e-01 0.000000000000000000e+00 8.935968997512543366e-01 9.398222398240585918e+00
-3.160000000000000586e-01 8.949983880474300380e-01 0.000000000000000000e+00 8.949983880474300380e-01 9.523663317204194456e+00
-3.140000000000000568e-01 8.963892965900721599e-01 0.000000000000000000e+00 8.963892965900721599e-01 9.651512508737406293e+00
-3.120000000000000551e-01 8.977696599112838793e-01 0.000000000000000000e+00 8.977696599112838793e-01 9.781831882122213884e+00
-3.100000000000000533e-01 8.991395122843315324e-01 0.000000000000000000e+00 8.991395122843315324e-01 9.914685350511666329e+00
-3.080000000000000515e-01 9.004988877238651046e-01 0.000000000000000000e+00 9.004988877238651046e-01 1.005013890924963604e+01
-3.060000000000000497e-01 9.018478199861618139e-01 0.000000000000000000e+00 9.018478199861618139e-01 1.018826071778551423e+01
-3.040000000000000480e-01 9.031863425693931191e-01 0.000000000000000000e+00 9.031863425693931191e-01 1.032912118537376678e+01
-3.020000000000000462e-01 9.045144887139128231e-01 0.000000000000000000e+00 9.045144887139128231e-01 1.047279306075943062e+01
-3.000000000000000444e-01 9.058322914025678241e-01 0.000000000000000000e+00 9.058322914025678241e-01 1.061935152606302957e+01
-2.980000000000000426e-01 9.071397833610271855e-01 0.000000000000000000e+00 9.071397833610271855e-01 1.076887429509082850e+01
-2.960000000000000409e-01 9.084369970581311904e-01 0.000000000000000000e+00 9.084369970581311904e-01 1.092144171631064076e+01
-2.940000000000000391e-01 9.097239647062604906e-01 0.000000000000000000e+00 9.097239647062604906e-01 1.107713688074811031e+01
-2.920000000000000373e-01 9.110007182617204657e-01 0.000000000000000000e+00 9.110007182617204657e-01 1.123604573507349258e+01
-2.900000000000000355e-01 9.122672894251441233e-01 0.000000000000000000e+00 9.122672894251441233e-01 1.139825720016678900e+01
-2.880000000000000338e-01 9.135237096419109859e-01 0.000000000000000000e+00 9.135237096419109859e-01 1.156386329546639402e+01
-2.860000000000000320e-01 9.147700101025821873e-01 0.000000000000000000e+00 9.147700101025821873e-01 1.173295926942608602e+01
-2.840000000000000302e-01 9.160062217433484477e-01 0.000000000000000000e+00 9.160062217433484477e-01 1.190564373642531137e+01
-2.820000000000000284e-01 9.172323752464950353e-01 0.000000000000000000e+00 9.172323752464950353e-01 1.208201882050086162e+01
-2.800000000000000266e-01 9.184485010408772743e-01 0.000000000000000000e+00 9.184485010408772743e-01 1.226219030629032147e+01
-2.780000000000000249e-01 9.196546293024113750e-01 0.000000000000000000e+00 9.196546293024113750e-01 1.244626779760458035e+01
-2.760000000000000231e-01 9.208507899545758102e-01 0.000000000000000000e+00 9.208507899545758102e-01 1.263436488407267966e+01
-2.740000000000000213e-01 9.220370126689256818e-01 0.000000000000000000e+00 9.220370126689256818e-01 1.282659931633253514e+01
-2.720000000000000195e-01 9.232133268656169678e-01 0.000000000000000000e+00 9.232133268656169678e-01 1.302309319027166623e+01
-2.700000000000000178e-01 9.243797617139422051e-01 0.000000000000000000e+00 9.243797617139422051e-01 1.322397314085654507e+01
-2.680000000000000160e-01 9.255363461328748320e-01 0.000000000000000000e+00 9.255363461328748320e-01 1.342937054612476189e+01
-2.660000000000000142e-01 9.266831087916245213e-01 0.000000000000000000e+00 9.266831087916245213e-01 1.363942174195410040e+01
-2.640000000000000124e-01 9.278200781102007300e-01 0.000000000000000000e+00 9.278200781102007300e-01 1.385426824826369874e+01
-2.620000000000000107e-01 9.289472822599829094e-01 0.000000000000000000e+00 9.289472822599829094e-01 1.407405700734789988e+01
-2.600000000000000089e-01 9.300647491643027065e-01 0.000000000000000000e+00 9.300647491643027065e-01 1.429894063509337521e+01
-2.580000000000000071e-01 9.311725064990280520e-01 0.000000000000000000e+00 9.311725064990280520e-01 1.452907768587967752e+01
-2.560000000000000053e-01 9.322705816931596834e-01 0.000000000000000000e+00 9.322705816931596834e-01 1.476463293202394489e+01
-2.540000000000000036e-01 9.333590019294298878e-01 0.000000000000000000e+00 9.333590019294298878e-01 1.500577765868753310e+01
-2.520000000000000018e-01 9.344377941449089064e-01 0.000000000000000000e+00 9.344377941449089064e-01 1.525268997523131809e+01
-2.500000000000000000e-01 9.355069850316176661e-01 0.000000000000000000e+00 9.355069850316176661e-01 1.550555514407644786e+01
-2.479999999999999982e-01 9.365666010371447303e-01 0.000000000000000000e+00 9.365666010371447303e-01 1.576456592820401426e+01
-2.459999999999999964e-01 9.376166683652676914e-01 0.000000000000000000e+00 9.376166683652676914e-01 1.602992295851098348e+01
-2.439999999999999947e-01 9.386572129765797801e-01 0.000000000000000000e+00 9.386572129765797801e-01 1.630183512232999021e+01
-2.419999999999999929e-01 9.396882605891204721e-01 0.000000000000000000e+00 9.396882605891204721e-01 1.658051997451779158e+01
-2.399999999999999911e-01 9.407098366790093147e-01 0.000000000000000000e+00 9.407098366790093147e-01 1.686620417262313154e+01
-2.379999999999999893e-01 9.417219664810823065e-01 0.000000000000000000e+00 9.417219664810823065e-01 1.715912393775931122e+01
-2.359999999999999876e-01 9.427246749895336064e-01 0.000000000000000000e+00 9.427246749895336064e-01 1.745952554293252490e+01
-2.339999999999999858e-01 9.437179869585563541e-01 0.000000000000000000e+00 9.437179869585563541e-01 1.776766583070941508e+01
-2.319999999999999840e-01 9.447019269029897082e-01 0.000000000000000000e+00 9.447019269029897082e-01 1.808381276225817302e+01
-2.299999999999999822e-01 9.456765190989638858e-01 0.000000000000000000e+00 9.456765190989638858e-01 1.840824599995260868e+01
-2.279999999999999805e-01 9.466417875845498653e-01 0.000000000000000000e+00 9.466417875845498653e-01 1.874125752590701666e+01
-2.259999999999999787e-01 9.475977561604091992e-01 0.000000000000000000e+00 9.475977561604091992e-01 1.908315229899530863e+01
-2.239999999999999769e-01 9.485444483904443835e-01 0.000000000000000000e+00 9.485444483904443835e-01 1.943424895311575540e+01
-2.219999999999999751e-01 9.494818876024514465e-01 0.000000000000000000e+00 9.494818876024514465e-01 1.979488053968790240e+01
-2.199999999999999734e-01 9.504100968887709833e-01 0.000000000000000000e+00 9.504100968887709833e-01 2.016539531761178949e+01
-2.179999999999999716e-01 9.513290991069414115e-01 0.000000000000000000e+00 9.513290991069414115e-01 2.054615759419031562e+01
-2.159999999999999698e-01 9.522389168803514492e-01 0.000000000000000000e+00 9.522389168803514492e-01 2.093754862080603729e+01
-2.139999999999999680e-01 9.531395725988919265e-01 0.000000000000000000e+00 9.531395725988919265e-01 2.133996754746529945e+01
-2.119999999999999662e-01 9.540310884196060437e-01 0.000000000000000000e+00 9.540310884196060437e-01 2.175383244067294086e+01
-2.099999999999999645e-01 9.549134862673431812e-01 0.000000000000000000e+00 9.549134862673431812e-01 2.217958136948799819e+01
-2.079999999999999627e-01 9.557867878354058266e-01 0.000000000000000000e+00 9.557867878354058266e-01 2.261767356502537396e+01
-2.059999999999999609e-01 9.566510145861993886e-01 0.000000000000000000e+00 9.566510145861993886e-01 2.306859065914007090e+01
-2.039999999999999591e-01 9.575061877518791231e-01 0.000000000000000000e+00 9.575061877518791231e-01 2.353283800853196084e+01
-2.019999999999999574e-01 9.583523283349953958e-01 0.000000000000000000e+00 9.583523283349953958e-01 2.401094611107090060e+01
-1.999999999999999556e-01 9.591894571091381660e-01 0.000000000000000000e+00 9.591894571091381660e-01 2.450347212175696754e+01
-1.979999999999999538e-01 9.600175946195773635e-01 0.000000000000000000e+00 9.600175946195773635e-01 2.501100147640565652e+01
-1.959999999999999520e-01 9.608367611839029321e-01 0.000000000000000000e+00 9.608367611839029321e-01 2.553414963189855058e+01
-1.939999999999999503e-01 9.616469768926622086e-01 0.000000000000000000e+00 9.616469768926622086e-01 2.607356393266109151e+01
-1.919999999999999485e-01 9.624482616099928611e-01 0.000000000000000000e+00 9.624482616099928611e-01 2.662992561393933144e+01
-1.899999999999999467e-01 9.632406349742558271e-01 0.000000000000000000e+00 9.632406349742558271e-01 2.720395195345884787e+01
-1.879999999999999449e-01 9.640241163986629225e-01 0.000000000000000000e+00 9.640241163986629225e-01 2.779639858415691833e+01
-1.859999999999999432e-01 9.647987250719035623e-01 0.000000000000000000e+00 9.647987250719035623e-01 2.840806198192084864e+01
-1.839999999999999414e-01 9.655644799587658200e-01 0.000000000000000000e+00 9.655644799587658200e-01 2.903978214362868471e+01
-1.819999999999999396e-01 9.663213998007553762e-01 0.000000000000000000e+00 9.663213998007553762e-01 2.969244547231594922e+01
-1.799999999999999378e-01 9.670695031167113598e-01 0.000000000000000000e+00 9.670695031167113598e-01 3.036698788798032567e+01
-1.779999999999999361e-01 9.678088082034180806e-01 0.000000000000000000e+00 9.678088082034180806e-01 3.106439818441828038e+01
-1.759999999999999343e-01 9.685393331362113223e-01 0.000000000000000000e+00 9.685393331362113223e-01 3.178572165458460219e+01
-1.739999999999999325e-01 9.692610957695840801e-01 0.000000000000000000e+00 9.692610957695840801e-01 3.253206400931193087e+01
-1.719999999999999307e-01 9.699741137377840827e-01 0.000000000000000000e+00 9.699741137377840827e-01 3.330459561682891945e+01
-1.699999999999999289e-01 9.706784044554100932e-01 0.000000000000000000e+00 9.706784044554100932e-01 3.410455609345272876e+01
-1.679999999999999272e-01 9.713739851180034357e-01 0.000000000000000000e+00 9.713739851180034357e-01 3.493325927909437212e+01
-1.659999999999999254e-01 9.720608727026339713e-01 0.000000000000000000e+00 9.720608727026339713e-01 3.579209863488740240e+01
-1.639999999999999236e-01 9.727390839684807444e-01 0.000000000000000000e+00 9.727390839684807444e-01 3.668255310437086081e+01
-1.619999999999999218e-01 9.734086354574110755e-01 0.000000000000000000e+00 9.734086354574110755e-01 3.760619348429422359e+01
-1.599999999999999201e-01 9.740695434945517706e-01 0.000000000000000000e+00 9.740695434945517706e-01 3.856468935631313144e+01
-1.579999999999999183e-01 9.747218241888568890e-01 0.000000000000000000e+00 9.747218241888568890e-01 3.955981663673613014e+01
-1.559999999999999165e-01 9.753654934336700721e-01 0.000000000000000000e+00 9.753654934336700721e-01 4.059346580811100580e+01
-1.539999999999999147e-01 9.760005669072812085e-01 0.000000000000000000e+00 9.760005669072812085e-01 4.166765090394534354e+01
-1.519999999999999130e-01 9.766270600734784368e-01 0.000000000000000000e+00 9.766270600734784368e-01 4.278451932635515931e+01
-1.499999999999999112e-01 9.772449881820962636e-01 0.000000000000000000e+00 9.772449881820962636e-01 4.394636258607415158e+01
-1.479999999999999094e-01 9.778543662695549088e-01 0.000000000000000000e+00 9.778543662695549088e-01 4.515562806519430694e+01
-1.459999999999999076e-01 9.784552091593968770e-01 0.000000000000000000e+00 9.784552091593968770e-01 4.641493191548691044e+01
-1.439999999999999059e-01 9.790475314628171999e-01 0.000000000000000000e+00 9.790475314628171999e-01 4.772707321933803826e+01
-1.419999999999999041e-01 9.796313475791877945e-01 0.000000000000000000e+00 9.796313475791877945e-01 4.909504955655405922e+01
-1.399999999999999023e-01 9.802066716965758264e-01 0.000000000000000000e+00 9.802066716965758264e-01 5.052207413884018905e+01
-1.379999999999999005e-01 9.807735177922572989e-01 0.000000000000000000e+00 9.807735177922572989e-01 5.201159469501340737e+01
-1.359999999999998987e-01 9.813318996332236477e-01 0.000000000000000000e+00 9.813318996332236477e-01 5.356731431440670832e+01
-1.339999999999998970e-01 9.818818307766830067e-01 0.000000000000000000e+00 9.818818307766830067e-01 5.519321448400317109e+01
-1.319999999999998952e-01 9.824233245705549233e-01 0.000000000000000000e+00 9.824233245705549233e-01 5.689358058718909916e+01
-1.299999999999998934e-01 9.829563941539598559e-01 0.000000000000000000e+00 9.829563941539598559e-01 5.867303016939556670e+01
-1.279999999999998916e-01 9.834810524577012325e-01 0.000000000000000000e+00 9.834810524577012325e-01 6.053654431914495859e+01
-1.259999999999998899e-01 9.839973122047419585e-01 0.000000000000000000e+00 9.839973122047419585e-01 6.248950256320832608e+01
-1.239999999999998881e-01 9.845051859106759284e-01 0.000000000000000000e+00 9.845051859106759284e-01 6.453772173291191905e+01
-1.219999999999998863e-01 9.850046858841903230e-01 0.000000000000000000e+00 9.850046858841903230e-01 6.668749932658577961e+01
-1.199999999999998845e-01 9.854958242275243530e-01 0.000000000000000000e+00 9.854958242275243530e-01 6.894566197258066609e+01
-1.179999999999998828e-01 9.859786128369188996e-01 0.000000000000000000e+00 9.859786128369188996e-01 7.131961969020025549e+01
-1.159999999999998810e-01 9.864530634030623801e-01 0.000000000000000000e+00 9.864530634030623801e-01 7.381742675506852436e+01
-1.139999999999998792e-01 9.869191874115288421e-01 0.000000000000000000e+00 9.869191874115288421e-01 7.644785010385021451e+01
-1.119999999999998774e-01 9.873769961432076192e-01 0.000000000000000000e+00 9.873769961432076192e-01 7.922044636482500835e+01
-1.099999999999998757e-01 9.878265006747292132e-01 0.000000000000000000e+00 9.878265006747292132e-01 8.214564878022498817e+01
-1.079999999999998739e-01 9.882677118788845139e-01 0.000000000000000000e+00 9.882677118788845139e-01 8.523486549910280985e+01
-1.059999999999998721e-01 9.887006404250331393e-01 0.000000000000000000e+00 9.887006404250331393e-01 8.850059097291209298e+01
-1.039999999999998703e-01 9.891252967795107764e-01 0.000000000000000000e+00 9.891252967795107764e-01 9.195653248871032304e+01
-1.019999999999998685e-01 9.895416912060244208e-01 0.000000000000000000e+00 9.895416912060244208e-01 9.561775423728562373e+01
-9.999999999999986677e-02 9.899498337660451730e-01 0.000000000000000000e+00 9.899498337660451730e-01 9.950084174940968751e+01
-9.799999999999986500e-02 9.903497343191911551e-01 0.000000000000000000e+00 9.903497343191911551e-01 1.036240900588536107e+02
-9.599999999999986322e-02 9.907414025236036537e-01 0.000000000000000000e+00 9.907414025236036537e-01 1.080077195870515823e+02
-9.399999999999986144e-02 9.911248478363189340e-01 0.000000000000000000e+00 9.911248478363189340e-01 1.126741245172340911e+02
-9.200000000000008171e-02 9.915000795136298395e-01 0.000000000000000000e+00 9.915000795136298395e-01 1.176481593684935660e+02
-9.000000000000007994e-02 9.918671066114418400e-01 0.000000000000000000e+00 9.918671066114418400e-01 1.229574706348493010e+02
-8.800000000000007816e-02 9.922259379856217532e-01 0.000000000000000000e+00 9.922259379856217532e-01 1.286328817740950115e+02
-8.600000000000007638e-02 9.925765822923402482e-01 0.000000000000000000e+00 9.925765822923402482e-01 1.347088415849432295e+02
-8.400000000000007461e-02 9.929190479884050236e-01 0.000000000000000000e+00 9.929190479884050236e-01 1.412239481869827102e+02
-8.200000000000007283e-02 9.932533433315895444e-01 0.000000000000000000e+00 9.932533433315895444e-01 1.482215635312008146e+02
-8.000000000000007105e-02 9.935794763809528973e-01 0.000000000000000000e+00 9.935794763809528973e-01 1.557505367682790620e+02
-7.800000000000006928e-02 9.938974549971517636e-01 0.000000000000000000e+00 9.938974549971517636e-01 1.638660590840822522e+02
-7.600000000000006750e-02 9.942072868427473953e-01 0.000000000000000000e+00 9.942072868427473953e-01 1.726306780352101384e+02
-7.400000000000006573e-02 9.945089793825031554e-01 0.000000000000000000e+00 9.945089793825031554e-01 1.821155063256461517e+02
-7.200000000000006395e-02 9.948025398836770616e-01 0.000000000000000000e+00 9.948025398836770616e-01 1.924016688188600881e+02
-7.000000000000006217e-02 9.950879754163034496e-01 0.000000000000000000e+00 9.950879754163034496e-01 2.035820429969120369e+02
-6.800000000000006040e-02 9.953652928534715283e-01 0.000000000000000000e+00 9.953652928534715283e-01 2.157633629018024521e+02
-6.600000000000005862e-02 9.956344988715930544e-01 0.000000000000000000e+00 9.956344988715930544e-01 2.290687759746196832e+02
-6.400000000000005684e-02 9.958955999506655665e-01 0.000000000000000000e+00 9.958955999506655665e-01 2.436409677370896816e+02
-6.200000000000005507e-02 9.961486023745251828e-01 0.000000000000000000e+00 9.961486023745251828e-01 2.596460031510549697e+02
-6.000000000000005329e-02 9.963935122310945136e-01 0.000000000000000000e+00 9.963935122310945136e-01 2.772780788616079803e+02
-5.800000000000005151e-02 9.966303354126223590e-01 0.000000000000000000e+00 9.966303354126223590e-01 2.967654418026885992e+02
-5.600000000000004974e-02 9.968590776159147460e-01 0.000000000000000000e+00 9.968590776159147460e-01 3.183778131758053291e+02
-5.400000000000004796e-02 9.970797443425608586e-01 0.000000000000000000e+00 9.970797443425608586e-01 3.424357718313366945e+02
-5.200000000000004619e-02 9.972923408991488659e-01 0.000000000000000000e+00 9.972923408991488659e-01 3.693227111513620002e+02
-5.000000000000004441e-02 9.974968723974761975e-01 0.000000000000000000e+00 9.974968723974761975e-01 3.995002088554096531e+02
-4.800000000000004263e-02 9.976933437547527150e-01 0.000000000000000000e+00 9.976933437547527150e-01 4.335279702211523158e+02
-4.600000000000004086e-02 9.978817596937924472e-01 0.000000000000000000e+00 9.978817596937924472e-01 4.720899687676967460e+02
-4.400000000000003908e-02 9.980621247432038823e-01 0.000000000000000000e+00 9.980621247432038823e-01 5.160290872660691548e+02
-4.200000000000003730e-02 9.982344432375673815e-01 0.000000000000000000e+00 9.982344432375673815e-01 5.663935712959919329e+02
-4.000000000000003553e-02 9.983987193176080410e-01 0.000000000000000000e+00 9.983987193176080410e-01 6.245001335469939931e+02
-3.800000000000003375e-02 9.985549569303593387e-01 0.000000000000000000e+00 9.985549569303593387e-01 6.920208961305698949e+02
-3.600000000000003197e-02 9.987031598293212298e-01 0.000000000000000000e+00 9.987031598293212298e-01 7.711050464118465015e+02
-3.400000000000003020e-02 9.988433315746071406e-01 0.000000000000000000e+00 9.988433315746071406e-01 8.645519995588646225e+02
-3.200000000000002842e-02 9.989754755330889635e-01 0.000000000000000000e+00 9.989754755330889635e-01 9.760625854207481780e+02
-3.000000000000002665e-02 9.990995948785273972e-01 0.000000000000000000e+00 9.990995948785273972e-01 1.110611186178629168e+03
-2.800000000000002487e-02 9.992156925917007326e-01 0.000000000000000000e+00 9.992156925917007326e-01 1.275010269466218006e+03
-2.600000000000002309e-02 9.993237714605227584e-01 0.000000000000000000e+00 9.993237714605227584e-01 1.478789997199836989e+03
-2.400000000000002132e-02 9.994238340801540055e-01 0.000000000000000000e+00 9.994238340801540055e-01 1.735611159138488574e+03
-2.200000000000001954e-02 9.995158828531055528e-01 0.000000000000000000e+00 9.995158828531055528e-01 2.065615742831830630e+03
-2.000000000000001776e-02 9.995999199893343956e-01 0.000000000000000000e+00 9.995999199893343956e-01 2.499500033346634154e+03
-1.800000000000001599e-02 9.996759475063315969e-01 0.000000000000000000e+00 9.996759475063315969e-01 3.085919780093658574e+03
-1.600000000000001421e-02 9.997439672292038892e-01 0.000000000000000000e+00 9.997439672292038892e-01 3.905750021337465569e+03
-1.400000000000001243e-02 9.998039807907451726e-01 0.000000000000000000e+00 9.998039807907451726e-01 5.101540832663943547e+03
-1.200000000000001066e-02 9.998559896315022399e-01 0.000000000000000000e+00 9.998559896315022399e-01 6.943944456440676731e+03
-1.000000000000000888e-02 9.998999949998333969e-01 0.000000000000000000e+00 9.998999949998333969e-01 9.999500008340108252e+03
-8.000000000000007105e-03 9.999359979519564234e-01 0.000000000000000000e+00 9.999359979519564234e-01 1.562450000536135849e+04
-6.000000000000005329e-03 9.999639993519920944e-01 0.000000000000000000e+00 9.999639993519920944e-01 2.777727778067784311e+04
-4.000000000000003553e-03 9.999839998719992629e-01 0.000000000000000000e+00 9.999839998719992629e-01 6.249950000112057751e+04
-2.000000000000001776e-03 9.999959999919999509e-01 0.000000000000000000e+00 9.999959999919999509e-01 2.499994999979330460e+05
0.000000000000000000e+00 1.000000000000000000e+00 0.000000000000000000e+00 1.000000000000000000e+00 1.000000000004550966e+05
2.000000000000001776e-03 9.999959999919999509e-01 0.000000000000000000e+00 9.999959999919999509e-01 2.499994999979330460e+05
4.000000000000003553e-03 9.999839998719992629e-01 0.000000000000000000e+00 9.999839998719992629e-01 6.249950000112057751e+04
6.000000000000005329e-03 9.999639993519920944e-01 0.000000000000000000e+00 9.999639993519920944e-01 2.777727778067784311e+04
8.000000000000007105e-03 9.999359979519564234e-01 0.000000000000000000e+00 9.999359979519564234e-01 1.562450000536135849e+04
1.000000000000000888e-02 9.998999949998333969e-01 0.000000000000000000e+00 9.998999949998333969e-01 9.999500008340108252e+03
1.200000000000001066e-02 9.998559896315022399e-01 0.000000000000000000e+00 9.998559896315022399e-01 6.943944456440676731e+03
1.400000000000001243e-02 9.998039807907451726e-01 0.000000000000000000e+00 9.998039807907451726e-01 5.101540832663943547e+03
1.600000000000001421e-02 9.997439672292038892e-01 0.000000000000000000e+00 9.997439672292038892e-01 3.905750021337465569e+03
1.800000000000001599e-02 9.996759475063315969e-01 0.000000000000000000e+00 9.996759475063315969e-01 3.085919780093658574e+03
2.000000000000001776e-02 9.995999199893343956e-01 0.000000000000000000e+00 9.995999199893343956e-01 2.499500033346634154e+03
2.200000000000001954e-02 9.995158828531055528e-01 0.000000000000000000e+00 9.995158828531055528e-01 2.065615742831830630e+03
2.400000000000002132e-02 9.994238340801540055e-01 0.000000000000000000e+00 9.994238340801540055e-01 1.735611159138488574e+03
2.600000000000002309e-02 9.993237714605227584e-01 0.000000000000000000e+00 9.993237714605227584e-01 1.478789997199836989e+03
2.800000000000002487e-02 9.992156925917007326e-01 0.000000000000000000e+00 9.992156925917007326e-01 1.275010269466218006e+03
3.000000000000002665e-02 9.990995948785273972e-01 0.000000000000000000e+00 9.990995948785273972e-01 1.110611186178629168e+03
3.200000000000002842e-02 9.989754755330889635e-01 0.000000000000000000e+00 9.989754755330889635e-01 9.760625854207481780e+02
3.400000000000003020e-02 9.988433315746071406e-01 0.000000000000000000e+00 9.988433315746071406e-01 8.645519995588646225e+02
3.600000000000003197e-02 9.987031598293212298e-01 0.000000000000000000e+00 9.987031598293212298e-01 7.711050464118465015e+02
3.800000000000003375e-02 9.985549569303593387e-01 0.000000000000000000e+00 9.985549569303593387e-01 6.920208961305698949e+02
4.000000000000003553e-02 9.983987193176080410e-01 0.000000000000000000e+00 9.983987193176080410e-01 6.245001335469939931e+02
4.200000000000003730e-02 9.982344432375673815e-01 0.000000000000000000e+00 9.982344432375673815e-01 5.663935712959919329e+02
4.400000000000003908e-02 9.980621247432038823e-01 0.000000000000000000e+00 9.980621247432038823e-01 5.160290872660691548e+02
4.600000000000004086e-02 9.978817596937924472e-01 0.000000000000000000e+00 9.978817596937924472e-01 4.720899687676967460e+02
4.800000000000004263e-02 9.976933437547527150e-01 0.000000000000000000e+00 9.976933437547527150e-01 4.335279702211523158e+02
5.000000000000004441e-02 9.974968723974761975e-01 0.000000000000000000e+00 9.974968723974761975e-01 3.995002088554096531e+02
5.200000000000004619e-02 9.972923408991488659e-01 0.000000000000000000e+00 9.972923408991488659e-01 3.693227111513620002e+02
5.400000000000004796e-02 9.970797443425608586e-01 0.000000000000000000e+00 9.970797443425608586e-01 3.424357718313366945e+02
5.600000000000004974e-02 9.968590776159147460e-01 0.000000000000000000e+00 9.968590776159147460e-01 3.183778131758053291e+02
5.800000000000005151e-02 9.966303354126223590e-01 0.000000000000000000e+00 9.966303354126223590e-01 2.967654418026885992e+02
6.000000000000005329e-02 9.963935122310945136e-01 0.000000000000000000e+00 9.963935122310945136e-01 2.772780788616079803e+02
6.200000000000005507e-02 9.961486023745251828e-01 0.000000000000000000e+00 9.961486023745251828e-01 2.596460031510549697e+02
6.400000000000005684e-02 9.958955999506655665e-01 0.000000000000000000e+00 9.958955999506655665e-01 2.436409677370896816e+02
6.600000000000005862e-02 9.956344988715930544e-01 0.000000000000000000e+00 9.956344988715930544e-01 2.290687759746196832e+02
6.800000000000006040e-02 9.953652928534715283e-01 0.000000000000000000e+00 9.953652928534715283e-01 2.157633629018024521e+02
7.000000000000006217e-02 9.950879754163034496e-01 0.000000000000000000e+00 9.950879754163034496e-01 2.035820429969120369e+02
7.200000000000006395e-02 9.948025398836770616e-01 0.000000000000000000e+00 9.948025398836770616e-01 1.924016688188600881e+02
7.400000000000006573e-02 9.945089793825031554e-01 0.000000000000000000e+00 9.945089793825031554e-01 1.821155063256461517e+02
7.600000000000006750e-02 9.942072868427473953e-01 0.000000000000000000e+00 9.942072868427473953e-01 1.726306780352101384e+02
7.800000000000006928e-02 9.938974549971517636e-01 0.000000000000000000e+00 9.938974549971517636e-01 1.638660590840822522e+02
8.000000000000007105e-02 9.935794763809528973e-01 0.000000000000000000e+00 9.935794763809528973e-01 1.557505367682790620e+02
8.200000000000007283e-02 9.932533433315895444e-01 0.000000000000000000e+00 9.932533433315895444e-01 1.482215635312008146e+02
8.400000000000007461e-02 9.929190479884050236e-01 0.000000000000000000e+00 9.929190479884050236e-01 1.412239481869827102e+02
8.600000000000007638e-02 9.925765822923402482e-01 0.000000000000000000e+00 9.925765822923402482e-01 1.347088415849432295e+02
8.800000000000007816e-02 9.922259379856217532e-01 0.000000000000000000e+00 9.922259379856217532e-01 1.286328817740950115e+02
9.000000000000007994e-02 9.918671066114418400e-01 0.000000000000000000e+00 9.918671066114418400e-01 1.229574706348493010e+02
9.200000000000008171e-02 9.915000795136298395e-01 0.000000000000000000e+00 9.915000795136298395e-01 1.176481593684935660e+02
9.400000000000008349e-02 9.911248478363189340e-01 0.000000000000000000e+00 9.911248478363189340e-01 1.126741245172340911e+02
9.600000000000008527e-02 9.907414025236036537e-01 0.000000000000000000e+00 9.907414025236036537e-01 1.080077195870515823e+02
9.800000000000008704e-02 9.903497343191908220e-01 0.000000000000000000e+00 9.903497343191908220e-01 1.036240900588500295e+02
1.000000000000000888e-01 9.899498337660451730e-01 0.000000000000000000e+00 9.899498337660451730e-01 9.950084174940968751e+01
1.020000000000000906e-01 9.895416912060244208e-01 2.108779646869281986e-76 9.895416912060244208e-01 9.561775423728562373e+01
1.040000000000000924e-01 9.891252967795105544e-01 2.111750451427988895e-38 9.891252967795105544e-01 9.195653248870843299e+01
1.060000000000000941e-01 9.887006404250331393e-01 9.804123322093330869e-26 9.887006404250331393e-01 8.850059097291209298e+01
1.080000000000000959e-01 9.882677118788845139e-01 2.112094238346033893e-19 9.882677118788845139e-01 8.523486549910280985e+01
1.100000000000000977e-01 9.878265006747292132e-01 1.332394678967601648e-15 9.878265006747305454e-01 8.214564878023398364e+01
1.120000000000000995e-01 9.873769961432076192e-01 4.548411990517782813e-13 9.873769961436624776e-01 7.922044636767964221e+01
1.140000000000001013e-01 9.869191874115288421e-01 2.932662666954545059e-11 9.869191874408554943e-01 7.644785027524319787e+01
1.160000000000001030e-01 9.864530634030623801e-01 6.672274167944737753e-10 9.864530640702897646e-01 7.381743039079906055e+01
1.180000000000001048e-01 9.859786128369185665e-01 7.580394491211089264e-09 9.859786204173131008e-01 7.131965824780640162e+01
1.200000000000001066e-01 9.854958242275241309e-01 5.296560012291699836e-08 9.854958771931242589e-01 6.894591374570724440e+01
1.220000000000001084e-01 9.850046858841903230e-01 2.598705535638464912e-07 9.850049457547438436e-01 6.668865504880454864e+01
1.240000000000001101e-01 9.845051859106758174e-01 9.780609982579803797e-07 9.845061639716741198e-01 6.454179572907554530e+01
1.260000000000001119e-01 9.839973122047419585e-01 3.001887877299508703e-06 9.840003140926192327e-01 6.250122694837984483e+01
1.280000000000001137e-01 9.834810524577008994e-01 7.849175678309719534e-06 9.834889016333792089e-01 6.056532265725110875e+01
1.300000000000001155e-01 9.829563941539598559e-01 1.805403921092787377e-05 9.829744481931708133e-01 5.873524754709483631e+01
1.320000000000001172e-01 9.824233245705549233e-01 3.741840159775072073e-05 9.824607429721526897e-01 5.701495784070480966e+01
1.340000000000001190e-01 9.818818307766828957e-01 7.117704489831196959e-05 9.819530078215812363e-01 5.541089562812775426e+01
1.360000000000001208e-01 9.813318996332236477e-01 1.260514422268376583e-04 9.814579510754505298e-01 5.393147241004260906e+01
1.380000000000001226e-01 9.807735177922569658e-01 2.101894370892748247e-04 9.809837072293462468e-01 5.258648528714365966e+01
1.400000000000001243e-01 9.802066716965758264e-01 3.330050372649523416e-04 9.805396767338407926e-01 5.138660783394917075e+01
1.420000000000001261e-01 9.796313475791874614e-01 5.049428557126946909e-04 9.801362904349001370e-01 5.034306390368190876e+01
1.440000000000001279e-01 9.790475314628170889e-01 7.371954170098388289e-04 9.797847268798268727e-01 4.946754832622492870e+01
1.460000000000001297e-01 9.784552091593968770e-01 1.041400324951741998e-03 9.794966094843485793e-01 4.877242128498905060e+01
1.480000000000001315e-01 9.778543662695549088e-01 1.429340104916256970e-03 9.792837063744711523e-01 4.827118296719314117e+01
1.500000000000001332e-01 9.772449881820962636e-01 1.912662058736543927e-03 9.791576502408327887e-01 4.797923514166939185e+01
1.520000000000001350e-01 9.766270600734784368e-01 2.502629880847366105e-03 9.791296899543258103e-01 4.791495659678860619e+01
1.540000000000001368e-01 9.760005669072808754e-01 3.209913789149962827e-03 9.792104806964307961e-01 4.810116027205675238e+01
1.560000000000001386e-01 9.753654934336700721e-01 4.044421856321709155e-03 9.794099152899917726e-01 4.856706585155183120e+01
1.580000000000001403e-01 9.747218241888568890e-01 5.015172167634740323e-03 9.797369963564915851e-01 4.935102503030770293e+01
1.600000000000001421e-01 9.740695434945517706e-01 6.130203310031615699e-03 9.801997468045834383e-01 5.050440467253640264e+01
1.620000000000001439e-01 9.734086354574109645e-01 7.396519370718046375e-03 9.808051548281290222e-01 5.209732045483996643e+01
1.640000000000001457e-01 9.727390839684807444e-01 8.820064924781541998e-03 9.815591488932622344e-01 5.422743203184522542e+01
1.659999999999999254e-01 9.720608727026339713e-01 1.040572525912354315e-02 9.824665979617575040e-01 5.703399704283729932e+01
1.679999999999999272e-01 9.713739851180034357e-01 1.215734717381990009e-02 9.835313322918233236e-01 6.072136603396891985e+01
1.699999999999999289e-01 9.706784044554100932e-01 1.407777600755941508e-02 9.847561804629695326e-01 6.560035675906475205e+01
1.719999999999999307e-01 9.699741137377840827e-01 1.616890496287275852e-02 9.861430187006567927e-01 7.216578982086076621e+01
1.739999999999999325e-01 9.692610957695840801e-01 1.843173329455663131e-02 9.876928290641406871e-01 8.125344201455001780e+01
1.759999999999999343e-01 9.685393331362113223e-01 2.086643042556244124e-02 9.894057635617737878e-01 9.439094604230199081e+01
1.779999999999999361e-01 9.678088082034180806e-01 2.347240353848654981e-02 9.912812117419046443e-01 1.146948372179476365e+02
1.799999999999999378e-01 9.670695031167113598e-01 2.624836663913435869e-02 9.933178697558456838e-01 1.496528746764287234e+02
1.819999999999999396e-01 9.663213998007553762e-01 2.919240949137247298e-02 9.955138092921278492e-01 2.229062617077888149e+02
1.839999999999999414e-01 9.655644799587658200e-01 3.230206517550855000e-02 9.978665451342744186e-01 4.687232976264079980e+02
1.859999999999999432e-01 9.647987250719035623e-01 3.557437532563620386e-02 1.000373100397539794e+00 -2.680243726873387914e+03
1.879999999999999449e-01 9.640241163986629225e-01 3.900595235716812492e-02 1.003030068755831117e+00 -3.300255144625291450e+02
1.899999999999999467e-01 9.632406349742558271e-01 4.259303820804849483e-02 1.005833673182304322e+00 -1.714185846120705037e+02
1.919999999999999485e-01 9.624482616099928611e-01 4.633155929052509836e-02 1.008779820900517876e+00 -1.138975397483353191e+02
1.939999999999999503e-01 9.616469768926622086e-01 5.021717748972218121e-02 1.011864154382384307e+00 -8.428750737471715127e+01
1.959999999999999520e-01 9.608367611839029321e-01 5.424533715536251216e-02 1.015082098339265437e+00 -6.630377136558998075e+01
1.979999999999999538e-01 9.600175946195773635e-01 5.841130811829532699e-02 1.018428902737872788e+00 -5.426259035731543889e+01
1.999999999999999556e-01 9.591894571091381660e-01 6.271022482807145360e-02 1.021899681937209703e+00 -4.566276363589108200e+01
2.019999999999999574e-01 9.583523283349953958e-01 6.713712175525789194e-02 1.025489450090253385e+00 -3.923191737990371308e+01
2.039999999999999591e-01 9.575061877518791231e-01 7.168696523567326395e-02 1.029193152987552429e+00 -3.425460759330746896e+01
2.059999999999999609e-01 9.566510145861993886e-01 7.635468195592727547e-02 1.033005696542126595e+00 -3.029780022135442152e+01
2.079999999999999627e-01 9.557867878354058266e-01 8.113518429288958667e-02 1.036921972128295399e+00 -2.708414373222613847e+01
2.099999999999999645e-01 9.549134862673431812e-01 8.602339272589748509e-02 1.040936878993240722e+00 -2.442785147751773422e+01
2.119999999999999662e-01 9.540310884196060437e-01 9.101425554125483486e-02 1.045045343960860906e+00 -2.219985268330689365e+01
2.139999999999999680e-01 9.531395725988919265e-01 9.610276604519203680e-02 1.049242338644083894e+00 -2.030772760871182925e+01
2.159999999999999698e-01 9.522389168803514492e-01 1.012839774950120841e-01 1.053522894375363617e+00 -1.868359347285777972e+01
2.179999999999999716e-01 9.513290991069414115e-01 1.065530159495364365e-01 1.057882115056477890e+00 -1.727649376710336426e+01
2.199999999999999734e-01 9.504100968887709833e-01 1.119050912298470840e-01 1.062315188118618137e+00 -1.604745215719290030e+01
2.219999999999999751e-01 9.494818876024514465e-01 1.173355061702833491e-01 1.066817393772734768e+00 -1.496616290364883817e+01
2.239999999999999769e-01 9.485444483904443835e-01 1.228396643280991185e-01 1.071384112718543502e+00 -1.400871933427042926e+01
2.259999999999999787e-01 9.475977561604091992e-01 1.284130763084646298e-01 1.076010832468873746e+00 -1.315601957667675315e+01
2.279999999999999805e-01 9.466417875845498653e-01 1.340513648498603272e-01 1.080693152434410109e+00 -1.239262527031436711e+01
2.299999999999999822e-01 9.456765190989638858e-01 1.397502688035323903e-01 1.085426787902496359e+00 -1.170593000805989270e+01
2.319999999999999840e-01 9.447019269029897082e-01 1.455056461297220272e-01 1.090207573032711652e+00 -1.108554377842948391e+01
2.339999999999999858e-01 9.437179869585563541e-01 1.513134760229053744e-01 1.095031462981461701e+00 -1.052283074075241132e+01
2.359999999999999876e-01 9.427246749895336064e-01 1.571698602683842538e-01 1.099894535257917916e+00 -1.001055760876305989e+01
2.379999999999999893e-01 9.417219664810823065e-01 1.630710239232508185e-01 1.104792990404333208e+00 -9.542622995503808880e+00
2.399999999999999911e-01 9.407098366790093147e-01 1.690133154060659282e-01 1.109723152085075215e+00 -9.113846813520609658e+00
2.419999999999999929e-01 9.396882605891204721e-01 1.749932060714968762e-01 1.114681466660617293e+00 -8.719804769844380132e+00
2.439999999999999947e-01 9.386572129765797801e-01 1.810072893387008608e-01 1.119664502315280696e+00 -8.356697104420279132e+00
2.459999999999999964e-01 9.376166683652676914e-01 1.870522794353319807e-01 1.124668947800599561e+00 -8.021243602692784691e+00
2.479999999999999982e-01 9.365666010371447303e-01 1.931250098127411385e-01 1.129691610849885786e+00 -7.710598962005881241e+00
2.500000000000000000e-01 9.355069850316176661e-01 1.992224312821253285e-01 1.134729416313742911e+00 -7.422284066542016667e+00
2.520000000000000018e-01 9.344377941449089064e-01 2.053416099161065322e-01 1.139779404061015411e+00 -7.154129799862988470e+00
2.540000000000000036e-01 9.333590019294298878e-01 2.114797247553892034e-01 1.144838726684819008e+00 -6.904230815119510645e+00
2.560000000000000053e-01 9.322705816931596834e-01 2.176340653557725380e-01 1.149904647048932249e+00 -6.670907271297449981e+00
2.580000000000000071e-01 9.311725064990280520e-01 2.238020292068167161e-01 1.154974535705844740e+00 -6.452672985567691200e+00
2.600000000000000089e-01 9.300647491643027065e-01 2.299811190498679825e-01 1.160045868214170772e+00 -6.248208786382515534e+00
2.620000000000000107e-01 9.289472822599829094e-01 2.361689401198991678e-01 1.165116222379882105e+00 -6.056340107511088533e+00
2.640000000000000124e-01 9.278200781102007300e-01 2.423631973326893230e-01 1.170183275442890025e+00 -5.876018059927276660e+00
2.660000000000000142e-01 9.266831087916245213e-01 2.485616924362307190e-01 1.175244801227855351e+00 -5.706303371018625725e+00
2.680000000000000160e-01 9.255363461328748320e-01 2.547623211428766132e-01 1.180298667275751390e+00 -5.546352699715663803e+00
2.700000000000000178e-01 9.243797617139422051e-01 2.609630702566188010e-01 1.185342831970561006e+00 -5.395406929785314887e+00
2.720000000000000195e-01 9.232133268656169678e-01 2.671620148079664192e-01 1.190375341673583387e+00 -5.252781117601853289e+00
2.740000000000000213e-01 9.220370126689256818e-01 2.733573152072050205e-01 1.195394327876130758e+00 -5.117855829642838472e+00
2.760000000000000231e-01 9.208507899545758102e-01 2.795472144252727498e-01 1.200398004379848560e+00 -4.990069652113547249e+00
2.780000000000000249e-01 9.196546293024113750e-01 2.857300352101456720e-01 1.205384664512556991e+00 -4.868912693035370332e+00
2.800000000000000266e-01 9.184485010408772743e-01 2.919041773453999178e-01 1.210352678386277248e+00 -4.753920927803299001e+00
2.820000000000000284e-01 9.172323752464950353e-01 2.980681149565541643e-01 1.215300490203049311e+00 -4.644671264133688915e+00
2.840000000000000302e-01 9.160062217433484477e-01 3.042203938698246901e-01 1.220226615613173138e+00 -4.540777222660927315e+00
2.860000000000000320e-01 9.147700101025821873e-01 3.103596290270971836e-01 1.225129639129679315e+00 -4.441885146113432548e+00
2.880000000000000338e-01 9.135237096419109859e-01 3.164845019601549847e-01 1.230008211602065860e+00 -4.347670863725886292e+00
2.900000000000000355e-01 9.122672894251441233e-01 3.225937583265548469e-01 1.234861047751699026e+00 -4.257836748890029277e+00
2.920000000000000373e-01 9.110007182617204657e-01 3.286862055089544432e-01 1.239686923770674909e+00 -4.172109117461782368e+00
2.940000000000000391e-01 9.097239647062604906e-01 3.347607102791914091e-01 1.244484674985451900e+00 -4.090235921983679468e+00
2.960000000000000409e-01 9.084369970581311904e-01 3.408161965279624117e-01 1.249253193586093547e+00 -4.011984703636682248e+00
2.980000000000000426e-01 9.071397833610271855e-01 3.468516430605682599e-01 1.253991426421595445e+00 -3.937140769232577941e+00
3.000000000000000444e-01 9.058322914025678241e-01 3.528660814588487904e-01 1.258698372861416725e+00 -3.865505565184572667e+00
3.020000000000000462e-01 9.045144887139128231e-01 3.588585940091398307e-01 1.263373082723052709e+00 -3.796895224298755700e+00
3.040000000000000480e-01 9.031863425693931191e-01 3.648283116958352390e-01 1.268014654265228414e+00 -3.731139264535870748e+00
3.060000000000000497e-01 9.018478199861618139e-01 3.707744122599157532e-01 1.272622232246077623e+00 -3.668079421700896958e+00
3.080000000000000515e-01 9.004988877238651046e-01 3.766961183216330777e-01 1.277195006045498182e+00 -3.607568600409280624e+00
3.100000000000000533e-01 8.991395122843315324e-01 3.825926955663666029e-01 1.281732207850698080e+00 -3.549469929721143835e+00
3.120000000000000551e-01 8.977696599112838793e-01 3.884634509925575796e-01 1.286233110903841403e+00 -3.493655911583007256e+00
3.140000000000000568e-01 8.963892965900721599e-01 3.943077312205070517e-01 1.290697027810579156e+00 -3.440007651717750470e+00
3.160000000000000586e-01 8.949983880474300380e-01 4.001249208607371433e-01 1.295123308908167292e+00 -3.388414163895022035e+00
3.180000000000000604e-01 8.935968997512543366e-01 4.059144409405498477e-01 1.299511340691804184e+00 -3.338771739628368262e+00
3.200000000000000622e-01 8.921847969104095277e-01 4.116757473873609019e-01 1.303860544297770430e+00 -3.290983376308450392e+00
3.220000000000000639e-01 8.907620444745585342e-01 4.174083295673379768e-01 1.308170374041896622e+00 -3.244958257616441966e+00
3.240000000000000657e-01 8.893286071340191778e-01 4.231117088778562629e-01 1.312440316011875385e+00 -3.200611280786156421e+00
3.260000000000000675e-01 8.878844493196490495e-01 4.287854373922513895e-01 1.316669886711900439e+00 -3.157862625914218402e+00
3.280000000000000693e-01 8.864295352027596886e-01 4.344290965553505579e-01 1.320858631758110135e+00 -3.116637363067368049e+00
3.300000000000000711e-01 8.849638286950589627e-01 4.400422959282516699e-01 1.325006124623310688e+00 -3.076865093416384589e+00
3.320000000000000728e-01 8.834872934486269758e-01 4.456246719808295009e-01 1.329111965429456532e+00 -3.038479621046609847e+00
3.340000000000000746e-01 8.819998928559221740e-01 4.511758869304585695e-01 1.333175779786380799e+00 -3.001418652463755610e+00
3.360000000000000764e-01 8.805015900498222026e-01 4.566956276254535707e-01 1.337197217675275773e+00 -2.965623521137739083e+00
3.380000000000000782e-01 8.789923479036981790e-01 4.621836044717500536e-01 1.341175952375448288e+00 -2.931038934712334232e+00
3.400000000000000799e-01 8.774721290315266042e-01 4.676395504013702853e-01 1.345111679432896779e+00 -2.897612742759808846e+00
3.420000000000000817e-01 8.759408957880369107e-01 4.730632198812474432e-01 1.349004115669284243e+00 -2.865295723181667142e+00
3.440000000000000835e-01 8.743986102688992013e-01 4.784543879610027584e-01 1.352852998229902015e+00 -2.834041385552994896e+00
3.460000000000000853e-01 8.728452343109507350e-01 4.838128493583097045e-01 1.356658083669260328e+00 -2.803805789881745003e+00
3.480000000000000870e-01 8.712807294924641566e-01 4.891384175805035261e-01 1.360419147072967627e+00 -2.774547379408641490e+00
3.500000000000000888e-01 8.697050571334592473e-01 4.944309240811305961e-01 1.364135981214589899e+00 -2.746226826210528937e+00
3.520000000000000906e-01 8.681181782960583071e-01 4.996902174501686722e-01 1.367808395746227035e+00 -2.718806888491908325e+00
3.540000000000000924e-01 8.665200537848887219e-01 5.049161626366769351e-01 1.371436216421565657e+00 -2.692252278558208367e+00
3.560000000000000941e-01 8.649106441475313822e-01 5.101086402026772104e-01 1.375019284350208704e+00 -2.666529540561327849e+00
3.580000000000000959e-01 8.632899096750192847e-01 5.152675456070978655e-01 1.378557455282117150e+00 -2.641606937194665328e+00
3.600000000000000977e-01 8.616578104023879803e-01 5.203927885186510061e-01 1.382050598921038986e+00 -2.617454344592395010e+00
3.620000000000000995e-01 8.600143061092770935e-01 5.254842921565456848e-01 1.385498598265822778e+00 -2.594043154757320835e+00
3.640000000000001013e-01 8.583593563205869081e-01 5.305419926579747480e-01 1.388901348978561767e+00 -2.571346184903887000e+00
3.660000000000001030e-01 8.566929203071919074e-01 5.355658384713545273e-01 1.392258758778546435e+00 -2.549337593158907289e+00
3.680000000000001048e-01 8.550149570867111581e-01 5.405557897743156204e-01 1.395570746861026779e+00 -2.527992800113005423e+00
3.700000000000001066e-01 8.533254254243408665e-01 5.455118179154977431e-01 1.398837243339838610e+00 -2.507288415760928757e+00
3.720000000000001084e-01 8.516242838337462207e-01 5.504339048792129541e-01 1.402058188712959286e+00 -2.487202171409890639e+00
3.740000000000001101e-01 8.499114905780209561e-01 5.553220427720898522e-01 1.405233533350110697e+00 -2.467712856171819791e+00
3.760000000000001119e-01 8.481870036707107596e-01 5.601762333308351050e-01 1.408363237001545976e+00 -2.448800257688755089e+00
3.780000000000001137e-01 8.464507808769050623e-01 5.649964874502813039e-01 1.411447268327186366e+00 -2.430445106770745323e+00
3.800000000000001155e-01 8.447027797144026628e-01 5.697828247309231209e-01 1.414485604445325784e+00 -2.412629025652707870e+00
3.820000000000001172e-01 8.429429574549464066e-01 5.745352730451651624e-01 1.417478230500111458e+00 -2.395334479601644695e+00
3.840000000000001190e-01 8.411712711255369124e-01 5.792538681215452234e-01 1.420425139247082136e+00 -2.378544731627725284e+00
3.860000000000001208e-01 8.393876775098206844e-01 5.839386531462109620e-01 1.423326330656031757e+00 -2.362243800073321687e+00
3.880000000000001226e-01 8.375921331495636002e-01 5.885896783809693167e-01 1.426181811530532917e+00 -2.346416418872340870e+00
3.900000000000001243e-01 8.357845943462020033e-01 5.932070007972379821e-01 1.428991595143439985e+00 -2.331048000289223765e+00
3.920000000000001261e-01 8.339650171624841679e-01 5.977906837252700001e-01 1.431755700887754168e+00 -2.316124599962086528e+00
3.940000000000001279e-01 8.321333574241963627e-01 6.023407965180317403e-01 1.434474153942228103e+00 -2.301632884088588682e+00
3.960000000000001297e-01 8.302895707219842825e-01 6.068574142291512930e-01 1.437146984951135575e+00 -2.287560098605690317e+00
3.980000000000001315e-01 8.284336124132647416e-01 6.113406173043660630e-01 1.439774229717630805e+00 -2.273894040226226210e+00
4.000000000000001332e-01 8.265654376242378421e-01 6.157904912859287760e-01 1.442355928910166618e+00 -2.260623029205695023e+00
4.020000000000001350e-01 8.246850012519973960e-01 6.202071265294470948e-01 1.444892127781444380e+00 -2.247735883722481454e+00
4.040000000000001368e-01 8.227922579667458214e-01 6.245906179326555785e-01 1.447382875899401400e+00 -2.235221895763529698e+00
4.060000000000001386e-01 8.208871622141155067e-01 6.289410646756354861e-01 1.449828226889751104e+00 -2.223070808415700039e+00
4.080000000000001403e-01 8.189696682175998665e-01 6.332585699720214567e-01 1.452228238189621212e+00 -2.211272794470423353e+00
4.100000000000001421e-01 8.170397299810989722e-01 6.375432408307470933e-01 1.454582970811846065e+00 -2.199818436256171239e+00
4.120000000000001439e-01 8.150973012915817550e-01 6.417951878279035682e-01 1.456892489119485212e+00 -2.188698706619541134e+00
4.140000000000001457e-01 8.131423357218681147e-01 6.460145248883008007e-01 1.459156860610169026e+00 -2.177904950981479182e+00
4.160000000000001474e-01 8.111747866335373702e-01 6.502013690763350784e-01 1.461376155709872560e+00 -2.167428870400555763e+00
4.180000000000001492e-01 8.091946071799630547e-01 6.543558403957875358e-01 1.463550447575750590e+00 -2.157262505580012757e+00
4.199999999999999289e-01 8.072017503094823798e-01 6.584780615981876695e-01 1.465679811907670160e+00 -2.147398221759866388e+00
4.219999999999999307e-01 8.051961687686994829e-01 6.625681579993959458e-01 1.467764326768095540e+00 -2.137828694439479982e+00
4.239999999999999325e-01 8.031778151059323356e-01 6.666262573040668826e-01 1.469804072409999218e+00 -2.128546895879815715e+00
4.259999999999999343e-01 8.011466416748018737e-01 6.706524894376753032e-01 1.471799131112477177e+00 -2.119546082338162218e+00
4.279999999999999361e-01 7.991026006379732260e-01 6.746469863857946780e-01 1.473749587023768015e+00 -2.110819781991345678e+00
4.299999999999999378e-01 7.970456439710482677e-01 6.786098820403371201e-01 1.475655526011385277e+00 -2.102361783506461634e+00
4.319999999999999396e-01 7.949757234666197103e-01 6.825413120524598254e-01 1.477517035519079425e+00 -2.094166125220980668e+00
4.339999999999999414e-01 7.928927907384869522e-01 6.864414136918794984e-01 1.479334204430366562e+00 -2.086227084896611128e+00
4.359999999999999432e-01 7.907967972260417922e-01 6.903103257123235359e-01 1.481107122938365439e+00 -2.078539170013722348e+00
4.379999999999999449e-01 7.886876941988273382e-01 6.941481882228708322e-01 1.482835882421698059e+00 -2.071097108575336687e+00
4.399999999999999467e-01 7.865654327612755514e-01 6.979551425649402896e-01 1.484520575326215841e+00 -2.063895840391761549e+00
4.419999999999999485e-01 7.844299638576317513e-01 7.017313311946986598e-01 1.486161295052330411e+00 -2.056930508818806569e+00
4.439999999999999503e-01 7.822812382770659712e-01 7.054768975706631196e-01 1.487758135847728980e+00 -2.050196452924335055e+00
4.459999999999999520e-01 7.801192066589830443e-01 7.091919860462869707e-01 1.489311192705270015e+00 -2.043689200059513933e+00
4.479999999999999538e-01 7.779438194985339727e-01 7.128767417673261830e-01 1.490820561265860267e+00 -2.037404458812667851e+00
4.499999999999999556e-01 7.757550271523332430e-01 7.165313105737889376e-01 1.492286337726122181e+00 -2.031338112325064227e+00
4.519999999999999574e-01 7.735527798443944114e-01 7.201558389062804322e-01 1.493708618750674955e+00 -2.025486211949247828e+00
4.539999999999999591e-01 7.713370276722837371e-01 7.237504737165654234e-01 1.495087501388849160e+00 -2.019844971231832709e+00
4.559999999999999609e-01 7.691077206135015221e-01 7.273153623821724256e-01 1.496423082995673948e+00 -2.014410760203740214e+00
4.579999999999999627e-01 7.668648085320985963e-01 7.308506526248764734e-01 1.497715461156975181e+00 -2.009180099961991317e+00
4.599999999999999645e-01 7.646082411855350536e-01 7.343564924328982446e-01 1.498964733618433298e+00 -2.004149657528134565e+00
4.619999999999999662e-01 7.623379682317854567e-01 7.378330299866709963e-01 1.500170998218456564e+00 -1.999316240969325920e+00
4.639999999999999680e-01 7.600539392367016145e-01 7.412804135880247669e-01 1.501334352824726270e+00 -1.994676794768968087e+00
4.659999999999999698e-01 7.577561036816409246e-01 7.446987915926500667e-01 1.502454895274290880e+00 -1.990228395434576303e+00
4.679999999999999716e-01 7.554444109713623901e-01 7.480883123457048312e-01 1.503532723317067221e+00 -1.985968247331394432e+00
4.699999999999999734e-01 7.531188104422072982e-01 7.514491241204366290e-01 1.504567934562643927e+00 -1.981893678730879405e+00
4.719999999999999751e-01 7.507792513705644488e-01 7.547813750596934490e-01 1.505560626430257898e+00 -1.978002138063949866e+00
4.739999999999999769e-01 7.484256829816360312e-01 7.580852131202071575e-01 1.506510896101843189e+00 -1.974291190369440452e+00
4.759999999999999787e-01 7.460580544585058149e-01 7.613607860195327204e-01 1.507418840478038646e+00 -1.970758513928850597e+00
4.779999999999999805e-01 7.436763149515257521e-01 7.646082411855347205e-01 1.508284556137060584e+00 -1.967401897078979500e+00
4.799999999999999822e-01 7.412804135880251000e-01 7.678277257083169216e-01 1.509108139296341911e+00 -1.964219235194587077e+00
4.819999999999999840e-01 7.388702994823537207e-01 7.710193862944896281e-01 1.509889685776843349e+00 -1.961208527833717907e+00
4.839999999999999858e-01 7.364459217462726581e-01 7.741833692236845810e-01 1.510629290969957239e+00 -1.958367876038734190e+00
4.859999999999999876e-01 7.340072294996938806e-01 7.773198203072181345e-01 1.511327049806912015e+00 -1.955695479786608848e+00
4.879999999999999893e-01 7.315541718817909489e-01 7.804288848488172281e-01 1.511983056730608066e+00 -1.953189635582361694e+00
4.899999999999999911e-01 7.290866980624814975e-01 7.835107076073207777e-01 1.512597405669802164e+00 -1.950848734189977618e+00
4.919999999999999929e-01 7.266047572542992938e-01 7.865654327612752184e-01 1.513170190015574512e+00 -1.948671258495452419e+00
4.939999999999999947e-01 7.241082987246635350e-01 7.895932038753451510e-01 1.513701502600008686e+00 -1.946655781496994031e+00
4.959999999999999964e-01 7.215972718085607029e-01 7.925941638684604884e-01 1.514191435677021191e+00 -1.944800964417714439e+00
4.979999999999999982e-01 7.190716259216471951e-01 7.955684549836350428e-01 1.514640080905282238e+00 -1.943105554936453983e+00
5.000000000000000000e-01 7.165313105737891597e-01 7.985162187593768390e-01 1.515047529333165999e+00 -1.941568385532697949e+00
5.020000000000002238e-01 7.139762753830499742e-01 8.014375960026308698e-01 1.515413871385680844e+00 -1.940188371941791390e+00
5.040000000000000036e-01 7.114064700901407967e-01 8.043327267631843469e-01 1.515739196853325144e+00 -1.938964511716950945e+00
5.060000000000002274e-01 7.088218445733426298e-01 8.072017503094824908e-01 1.516023594882825121e+00 -1.937895882894798083e+00
5.080000000000000071e-01 7.062223488639255420e-01 8.100448051057775878e-01 1.516267153969703241e+00 -1.936981642761422373e+00
5.100000000000002309e-01 7.036079331620636035e-01 8.128620287905781172e-01 1.516469961952641832e+00 -1.936221026716159477e+00
5.120000000000000107e-01 7.009785478532765124e-01 8.156535581563201243e-01 1.516632106009596637e+00 -1.935613347230542791e+00
5.140000000000002345e-01 6.983341435253987983e-01 8.184195291302280850e-01 1.516753672655626772e+00 -1.935157992900065071e+00
5.160000000000000142e-01 6.956746709861089117e-01 8.211600767562984293e-01 1.516834747742407341e+00 -1.934854427586599313e+00
5.180000000000002380e-01 6.930000812810125366e-01 8.238753351783723033e-01 1.516875416459384951e+00 -1.934702189649559534e+00
5.200000000000000178e-01 6.903103257123238690e-01 8.265654376242379531e-01 1.516875763336561711e+00 -1.934700891263987810e+00
5.220000000000002416e-01 6.876053558581347591e-01 8.292305163907295329e-01 1.516835872248864181e+00 -1.934850217824054308e+00
5.240000000000000213e-01 6.848851235923139047e-01 8.318707028297694928e-01 1.516755826422083508e+00 -1.935149927430533046e+00
5.260000000000002451e-01 6.821495811050336533e-01 8.344861273353241238e-01 1.516635708440357888e+00 -1.935599850461058979e+00
5.280000000000000249e-01 6.793986809239612734e-01 8.370769193312211920e-01 1.516475600255182465e+00 -1.936199889222096404e+00
5.300000000000002487e-01 6.766323759361186907e-01 8.396432072598046803e-01 1.516275583195923371e+00 -1.936950017681750902e+00
5.320000000000000284e-01 6.738506194104442182e-01 8.421851185713759014e-01 1.516035737981820120e+00 -1.937850281282708087e+00
5.340000000000002522e-01 6.710533650210638301e-01 8.447027797144031069e-01 1.515756144735466826e+00 -1.938900796834720275e+00
5.360000000000000320e-01 6.682405668713070623e-01 8.471963161264459696e-01 1.515436882997752921e+00 -1.940101752486268261e+00
5.380000000000002558e-01 6.654121795184747556e-01 8.496658522257861668e-01 1.515078031744260922e+00 -1.941453407775126205e+00
5.400000000000000355e-01 6.625681579993962789e-01 8.521115114037079996e-01 1.514679669403104167e+00 -1.942956093757778335e+00
5.420000000000002593e-01 6.597084578567826707e-01 8.545334160174246074e-01 1.514241873874207389e+00 -1.944610213217715433e+00
5.440000000000000391e-01 6.568330351664192213e-01 8.569316873835978177e-01 1.513764722550017039e+00 -1.946416240952873133e+00
5.460000000000002629e-01 6.539418465651981593e-01 8.593064457724446381e-01 1.513248292337642908e+00 -1.948374724142569736e+00
5.480000000000000426e-01 6.510348492800444031e-01 8.616578104023879803e-01 1.512692659682432383e+00 -1.950486282794474224e+00
5.499999999999998224e-01 6.481120011577322648e-01 8.639858994352404009e-01 1.512097900592972666e+00 -1.952751610272316363e+00
5.520000000000000462e-01 6.451732606956406268e-01 8.662908299718833360e-01 1.511464090667523852e+00 -1.955171473905189305e+00
5.539999999999998259e-01 6.422185870734687940e-01 8.685727180484276166e-01 1.510791305121896411e+00 -1.957746715679425487e+00
5.560000000000000497e-01 6.392479401859286758e-01 8.708316786328345049e-01 1.510079618818763070e+00 -1.960478253014283023e+00
5.579999999999998295e-01 6.362612806764674778e-01 8.730678256219628341e-01 1.509329106298430201e+00 -1.963367079622722278e+00
5.600000000000000533e-01 6.332585699720211236e-01 8.752812718390413638e-01 1.508539841811062487e+00 -1.966414266458849980e+00
5.619999999999998330e-01 6.302397703188598044e-01 8.774721290315260491e-01 1.507711899350385742e+00 -1.969620962753667603e+00
5.640000000000000568e-01 6.272048448195265413e-01 8.796405078693432245e-01 1.506845352688869877e+00 -1.972988397141042904e+00
5.659999999999998366e-01 6.241537574709312697e-01 8.817865179434780654e-01 1.505940275414409335e+00 -1.976517878875945433e+00
5.680000000000000604e-01 6.210864732036083247e-01 8.839102677649179896e-01 1.504996740968526314e+00 -1.980210799147166245e+00
5.699999999999998401e-01 6.180029579221923974e-01 8.860118647639065870e-01 1.504014822686098984e+00 -1.984068632487027362e+00
5.720000000000000639e-01 6.149031785471295031e-01 8.880914152895131863e-01 1.502994593836642689e+00 -1.988092938280703548e+00
5.739999999999998437e-01 6.117871030576823577e-01 8.901490246094898584e-01 1.501936127667172105e+00 -1.992285362377995916e+00
5.760000000000000675e-01 6.086547005362400453e-01 8.921847969104095277e-01 1.500839497446649684e+00 -1.996647638810718606e+00
5.779999999999998472e-01 6.055059412139992547e-01 8.941988352980624333e-01 1.499704776512061688e+00 -2.001181591618951483e+00
5.800000000000000711e-01 6.023407965180316292e-01 8.961912417981062751e-01 1.498532038316137793e+00 -2.005889136789765548e+00
5.819999999999998508e-01 5.991592391198009571e-01 8.981621173569479533e-01 1.497321356476748910e+00 -2.010772284312211333e+00
5.840000000000000746e-01 5.959612429851490756e-01 9.001115618428537912e-01 1.496072804828002756e+00 -2.015833140352690123e+00
5.859999999999998543e-01 5.927467834258177692e-01 9.020396740472660380e-01 1.494786457473083807e+00 -2.021073909555011650e+00
5.880000000000000782e-01 5.895158371525289764e-01 9.039465516863236516e-01 1.493462388838852739e+00 -2.026496897469858283e+00
5.899999999999998579e-01 5.862683823296879204e-01 9.058322914025676020e-01 1.492100673732255522e+00 -2.032104513118559108e+00
5.920000000000000817e-01 5.830043986317396953e-01 9.076969887668288051e-01 1.490701387398568389e+00 -2.037899271696490544e+00
5.939999999999998614e-01 5.797238673012449217e-01 9.095407382802777052e-01 1.489264605581522627e+00 -2.043883797421714998e+00
5.960000000000000853e-01 5.764267712087042250e-01 9.113636333766371722e-01 1.487790404585341397e+00 -2.050060826534862546e+00
5.979999999999998650e-01 5.731130949142055897e-01 9.131657664245406147e-01 1.486278861338746093e+00 -2.056433210456563909e+00
6.000000000000000888e-01 5.697828247309228988e-01 9.149472287300309814e-01 1.484730053460953769e+00 -2.063003919109283046e+00
6.019999999999998685e-01 5.664359487905431534e-01 9.167081105391869933e-01 1.483144059329730258e+00 -2.069776044410663651e+00
6.040000000000000924e-01 5.630724571106558995e-01 9.184485010408772743e-01 1.481520958151533174e+00 -2.076752803946080750e+00
6.059999999999998721e-01 5.596923416641834681e-01 9.201684883696216177e-01 1.479860830033805197e+00 -2.083937544828470489e+00
6.080000000000000959e-01 5.562955964508883300e-01 9.218681596085652741e-01 1.478163756059453604e+00 -2.091333747754111627e+00
6.099999999999998757e-01 5.528822175710395026e-01 9.235476007925456088e-01 1.476429818363585111e+00 -2.098945031263460770e+00
6.120000000000000995e-01 5.494522033012798623e-01 9.252068969112583474e-01 1.474659100212538210e+00 -2.106775156216808664e+00
6.139999999999998792e-01 5.460055541727762973e-01 9.268461319124998710e-01 1.472851686085276057e+00 -2.114828030495075506e+00
6.160000000000001030e-01 5.425422730516992198e-01 9.284653887054972188e-01 1.471007661757196328e+00 -2.123107713936717822e+00
6.179999999999998828e-01 5.390623652221168127e-01 9.300647491643023734e-01 1.469127114386419297e+00 -2.131618423522417594e+00
6.200000000000001066e-01 5.355658384713543052e-01 9.316442941312584880e-01 1.467210132602612793e+00 -2.140364538819952145e+00
6.219999999999998863e-01 5.320527031779068716e-01 9.332041034205222907e-01 1.465256806598429051e+00 -2.149350607702375182e+00
6.240000000000001101e-01 5.285229724019592235e-01 9.347442558216466635e-01 1.463267228223605887e+00 -2.158581352353567517e+00
6.259999999999998899e-01 5.249766619786072619e-01 9.362648291032056314e-01 1.461241491081812782e+00 -2.168061675575983394e+00
6.280000000000001137e-01 5.214137906138319734e-01 9.377659000164717540e-01 1.459179690630303838e+00 -2.177796667416466825e+00
6.299999999999998934e-01 5.178343799833318162e-01 9.392475442991262691e-01 1.457081924282458196e+00 -2.187791612126932961e+00
6.320000000000001172e-01 5.142384548342652240e-01 9.407098366790093147e-01 1.454948291513274539e+00 -2.198051995477868115e+00
6.339999999999998970e-01 5.106260430900122493e-01 9.421528508778964639e-01 1.452778893967908713e+00 -2.208583512443661689e+00
6.360000000000001208e-01 5.069971759580081949e-01 9.435766596153065677e-01 1.450573835573314874e+00 -2.219392075280158139e+00
6.379999999999999005e-01 5.033518880407705787e-01 9.449813346123250302e-01 1.448333222653095609e+00 -2.230483822015939754e+00
6.400000000000001243e-01 4.996902174501684502e-01 9.463669465954506199e-01 1.446057164045619015e+00 -2.241865125380495538e+00
6.419999999999999041e-01 4.960122059250609006e-01 9.477335653004551608e-01 1.443745771225516172e+00 -2.253542602193700173e+00
6.440000000000001279e-01 4.923178989523619986e-01 9.490812594762512155e-01 1.441399158428613214e+00 -2.265523123242946468e+00
6.459999999999999076e-01 4.886073458916582735e-01 9.504100968887706502e-01 1.439017442780428979e+00 -2.277813823675661986e+00
6.480000000000001315e-01 4.848806001034405844e-01 9.517201443248459736e-01 1.436600744428286447e+00 -2.290422113937220505e+00
6.499999999999999112e-01 4.811377190810851578e-01 9.530114675960891235e-01 1.434149186677174281e+00 -2.303355691285867923e+00
6.520000000000001350e-01 4.773787645866444662e-01 9.542841315427733617e-01 1.431662896129417772e+00 -2.316622551918819273e+00
6.539999999999999147e-01 4.736038027905872805e-01 9.555382000377039553e-01 1.429142002828291291e+00 -2.330231003745678375e+00
6.560000000000001386e-01 4.698129044155572864e-01 9.567737359900871930e-01 1.426586640405644424e+00 -2.344189679848136976e+00
6.579999999999999183e-01 4.660061448842877652e-01 9.579908013493807495e-01 1.423996946233668570e+00 -2.358507552667350904e+00
6.600000000000001421e-01 4.621836044717496095e-01 9.591894571091382771e-01 1.421373061580887942e+00 -2.373193948963529643e+00
6.619999999999999218e-01 4.583453684616716761e-01 9.603697633108314591e-01 1.418715131772503080e+00 -2.388258565595192007e+00
6.640000000000001457e-01 4.544915273075156859e-01 9.615317790476602955e-01 1.416023306355175926e+00 -2.403711486169141764e+00
6.659999999999999254e-01 4.506221767980500004e-01 9.626755624683348556e-01 1.413297739266384800e+00 -2.419563198615672039e+00
6.680000000000001492e-01 4.467374182276039329e-01 9.638011707808440409e-01 1.410538589008448085e+00 -2.435824613747629819e+00
6.699999999999999289e-01 4.428373585711529170e-01 9.649086602561887105e-01 1.407746018827341627e+00 -2.452507084866096143e+00
6.720000000000001528e-01 4.389221106643206305e-01 9.659980862320981521e-01 1.404920196896418894e+00 -2.469622428480163556e+00
6.739999999999999325e-01 4.349917933884493437e-01 9.670695031167113598e-01 1.402061296505160648e+00 -2.487182946213188917e+00
6.760000000000001563e-01 4.310465318608273089e-01 9.681229643922293349e-01 1.399169496253056533e+00 -2.505201447973475215e+00
6.779999999999999361e-01 4.270864576302284554e-01 9.691585226185361890e-01 1.396244980248764644e+00 -2.523691276472940448e+00
6.800000000000001599e-01 4.231117088778559854e-01 9.701762294367863859e-01 1.393287938314642371e+00 -2.542666333184033345e+00
6.819999999999999396e-01 4.191224306238424679e-01 9.711761355729545686e-01 1.390298566196797037e+00 -2.562141105831729604e+00
6.840000000000001634e-01 4.151187749394080195e-01 9.721582908413505253e-01 1.387277065780758489e+00 -2.582130697525244933e+00
6.859999999999999432e-01 4.111009011648229516e-01 9.731227441480940765e-01 1.384223645312917084e+00 -2.602650857642001991e+00
6.880000000000001670e-01 4.070689761332774159e-01 9.740695434945517706e-01 1.381138519627829186e+00 -2.623718014585540548e+00
6.899999999999999467e-01 4.030231744008119232e-01 9.749987359807308351e-01 1.378021910381542758e+00 -2.645349310548391397e+00
6.920000000000001705e-01 3.989636784824034943e-01 9.759103678086323841e-01 1.374874046291035823e+00 -2.667562638421876020e+00
6.939999999999999503e-01 3.948906790943618184e-01 9.768044842855576615e-01 1.371695163379919480e+00 -2.690376681005863801e+00
6.960000000000001741e-01 3.908043754031322314e-01 9.776811298273746509e-01 1.368485505230506938e+00 -2.713810952684414968e+00
6.979999999999999538e-01 3.867049752806536178e-01 9.785403479617337252e-01 1.365245323242387343e+00 -2.737885843746645786e+00
7.000000000000001776e-01 3.825926955663662143e-01 9.793821813312402202e-01 1.361974876897606546e+00 -2.762622667547379063e+00
7.019999999999999574e-01 3.784677623360137577e-01 9.802066716965758264e-01 1.358674434032589584e+00 -2.788043710718279833e+00
7.040000000000001812e-01 3.743304111773295695e-01 9.810138599395736847e-01 1.355344271116903254e+00 -2.814172286658349176e+00
7.059999999999999609e-01 3.701808874727435805e-01 9.818037860662424121e-01 1.351984673538985993e+00 -2.841032792552086850e+00
7.080000000000001847e-01 3.660194466891936727e-01 9.825764892097391678e-01 1.348595935898932785e+00 -2.868650770185475096e+00
7.099999999999999645e-01 3.618463546751725102e-01 9.833320076332924264e-01 1.345178362308464992e+00 -2.897052970853255971e+00
7.120000000000001883e-01 3.576618879650747540e-01 9.840703787330707941e-01 1.341732266698145493e+00 -2.926267424677538642e+00
7.139999999999999680e-01 3.534663340909725004e-01 9.847916390409993115e-01 1.338257973131971923e+00 -2.956323514685781806e+00
7.160000000000001918e-01 3.492599919018675725e-01 9.854958242275243530e-01 1.334755816129391981e+00 -2.987252056028426139e+00
7.179999999999999716e-01 3.450431718905304646e-01 9.861829691043186852e-01 1.331226140994849150e+00 -3.019085380750642145e+00
7.200000000000001954e-01 3.408161965279620231e-01 9.868531076269383417e-01 1.327669304154900365e+00 -3.051857428571539632e+00
7.219999999999999751e-01 3.365794006055632948e-01 9.875062728974161042e-01 1.324085673502979343e+00 -3.085603844166246112e+00
7.240000000000001990e-01 3.323331315850301393e-01 9.881424971668061330e-01 1.320475628751836217e+00 -3.120362081493444517e+00
7.259999999999999787e-01 3.280777499560347810e-01 9.887618118376654275e-01 1.316839561793700319e+00 -3.156171515762659752e+00
7.280000000000002025e-01 3.238136296016800864e-01 9.893642474664827713e-01 1.313177877068162802e+00 -3.193073563693488826e+00
7.299999999999999822e-01 3.195411581717604865e-01 9.899498337660451730e-01 1.309490991937805715e+00 -3.231111812782443415e+00
7.320000000000002061e-01 3.152607374637796389e-01 9.905185996077507937e-01 1.305779337071530488e+00 -3.270332160364621377e+00
7.339999999999999858e-01 3.109727838117242738e-01 9.910705730238580369e-01 1.302043356835582255e+00 -3.310782963335795248e+00
7.360000000000002096e-01 3.066777284825009109e-01 9.916057812096796820e-01 1.298283509692180537e+00 -3.352515199489134901e+00
7.379999999999999893e-01 3.023760180799859865e-01 9.921242505257135136e-01 1.294500268605699445e+00 -3.395582641518334555e+00
7.400000000000002132e-01 2.980681149565539423e-01 9.926260064997161070e-01 1.290694121456270160e+00 -3.440042044848961478e+00
7.419999999999999929e-01 2.937544976319705903e-01 9.931110738287135531e-01 1.286865571460684254e+00 -3.485953350582026378e+00
7.440000000000002167e-01 2.894356612194590728e-01 9.935794763809528973e-01 1.283015137600411970e+00 -3.533379904971360119e+00
7.459999999999999964e-01 2.851121178587617266e-01 9.940312371977919614e-01 1.279143355056553633e+00 -3.582388697009831979e+00
7.480000000000002203e-01 2.807843971559256802e-01 9.944663784955274366e-01 1.275250775651453061e+00 -3.633050615872881917e+00
7.500000000000000000e-01 2.764530466295643807e-01 9.948849216671608042e-01 1.271337968296725185e+00 -3.685440730161423151e+00
7.520000000000002238e-01 2.721186321632305671e-01 9.952868872841036385e-01 1.267405519447334150e+00 -3.739638591106011933e+00
7.540000000000000036e-01 2.677817384635594600e-01 9.956722950978196263e-01 1.263454033561379086e+00 -3.795728562140316065e+00
7.560000000000002274e-01 2.634429695237167079e-01 9.960411640414025269e-01 1.259484133565119235e+00 -3.853800177532024307e+00
7.580000000000000071e-01 2.591029490916955114e-01 9.963935122310945136e-01 1.255496461322790136e+00 -3.913948533074264269e+00
7.600000000000002309e-01 2.547623211428763912e-01 9.967293569677392329e-01 1.251491678110615569e+00 -3.976274712200067896e+00
7.620000000000000107e-01 2.504217503562634062e-01 9.970487147381714710e-01 1.247470465094434822e+00 -4.040886251288207554e+00
7.640000000000002345e-01 2.460819225936643762e-01 9.973516012165445366e-01 1.243433523810208996e+00 -4.107897648393086243e+00
7.660000000000000142e-01 2.417435453810717616e-01 9.976380312655934723e-01 1.239381576646665151e+00 -4.177430920158204053e+00
7.680000000000002380e-01 2.374073483913499150e-01 9.979080189378344290e-01 1.235315367329184344e+00 -4.249616212276918326e+00
7.700000000000000178e-01 2.330740839272941178e-01 9.981615774766990912e-01 1.231235661403993209e+00 -4.324592469553794061e+00
7.720000000000002416e-01 2.287445274039734411e-01 9.983987193176080410e-01 1.227143246721581482e+00 -4.402508172412185949e+00
7.740000000000000213e-01 2.244194778292120662e-01 9.986194560889752880e-01 1.223038933918187299e+00 -4.483522147603203223e+00
7.760000000000002451e-01 2.200997582808829067e-01 9.988237986131535129e-01 1.218923556894036420e+00 -4.567804461920107251e+00
7.780000000000000249e-01 2.157862163796250010e-01 9.990117569073092563e-01 1.214797973286934285e+00 -4.655537408931539112e+00
7.800000000000002487e-01 2.114797247553888981e-01 9.991833401842388218e-01 1.210663064939627720e+00 -4.746916600148118448e+00
7.820000000000000284e-01 2.071811815061284923e-01 9.993385568531159002e-01 1.206519738359244309e+00 -4.842152173660439374e+00
7.840000000000002522e-01 2.028915106467346630e-01 9.994774145201756888e-01 1.202368925166910296e+00 -4.941470135176227352e+00
7.860000000000000320e-01 1.986116625461924468e-01 9.995999199893343956e-01 1.198211582535526842e+00 -5.045113848585327077e+00
7.880000000000002558e-01 1.943426143506956916e-01 9.997060792627422421e-01 1.194048693613438017e+00 -5.153345695756589073e+00
7.900000000000000355e-01 1.900853703903138681e-01 9.997958975412738480e-01 1.189881267931587772e+00 -5.266448928286541431e+00
7.920000000000002593e-01 1.858409625665282394e-01 9.998693792249513379e-01 1.185710341791479605e+00 -5.384729737468395783e+00
7.940000000000000391e-01 1.816104507177838945e-01 9.999265279133032758e-01 1.181536978631087198e+00 -5.508519572930445918e+00
7.960000000000002629e-01 1.773949229599011967e-01 9.999673464056584304e-01 1.177362269365559655e+00 -5.638177745340581026e+00
7.980000000000000426e-01 1.731954959979757347e-01 9.999918367013743703e-01 1.173187332699350049e+00 -5.774094354440928889e+00
8.000000000000002665e-01 1.690133154060654841e-01 1.000000000000000000e+00 1.169013315406065567e+00 -5.916693590664348079e+00
8.020000000000000462e-01 1.648495558707109843e-01 9.999918367013743703e-01 1.164841392572085299e+00 -6.066437466928696232e+00
8.040000000000002700e-01 1.607054213939592968e-01 9.999673464056584304e-01 1.160672767799617811e+00 -6.223830047212136840e+00
8.060000000000000497e-01 1.565821454512768829e-01 9.999265279133032758e-01 1.156508673364580186e+00 -6.389422250551848315e+00
8.079999999999998295e-01 1.524809910993134010e-01 9.998693792249513379e-01 1.152350370324264794e+00 -6.563817323657206160e+00
8.100000000000000533e-01 1.484032510281449169e-01 9.997958975412738480e-01 1.148199148569418737e+00 -6.747677092973208168e+00
8.119999999999998330e-01 1.443502475521786510e-01 9.997060792627422421e-01 1.144056326814920865e+00 -6.941729128528796089e+00
8.140000000000000568e-01 1.403233325334725945e-01 9.995999199893343956e-01 1.139923252522806907e+00 -7.146774978211746010e+00
8.159999999999998366e-01 1.363238872307918348e-01 9.994774145201756888e-01 1.135801301750967607e+00 -7.363699663452415223e+00
8.180000000000000604e-01 1.323533220671919419e-01 9.993385568531159002e-01 1.131691878920307870e+00 -7.593482667258022900e+00
8.199999999999998401e-01 1.284130763084652682e-01 9.991833401842388218e-01 1.127596416492704146e+00 -7.837210695154429807e+00
8.220000000000000639e-01 1.245046176442025920e-01 9.990117569073092563e-01 1.123516374551511765e+00 -8.096092551542273696e+00
8.239999999999998437e-01 1.206294416627089472e-01 9.988237986131535129e-01 1.119453240275862349e+00 -8.371476551750498984e+00
8.260000000000000675e-01 1.167890712103907547e-01 9.986194560889752880e-01 1.115408527299366126e+00 -8.664870988311211164e+00
8.279999999999998472e-01 1.129850556256686150e-01 9.983987193176080410e-01 1.111383774943276670e+00 -8.977968294837019414e+00
8.300000000000000711e-01 1.092189698367992401e-01 9.981615774766990912e-01 1.107380547313498331e+00 -9.312673710634872037e+00
8.319999999999998508e-01 1.054924133123979618e-01 9.979080189378344290e-01 1.103400432250232432e+00 -9.671139455006988683e+00
8.340000000000000746e-01 1.018070088527412709e-01 9.976380312655934723e-01 1.099445040118334660e+00 -1.005580568734297486e+01
8.359999999999998543e-01 9.816440120931022029e-02 9.973516012165445366e-01 1.095516002425854785e+00 -1.046944987858196363e+01
8.380000000000000782e-01 9.456625551930740448e-02 9.970487147381714710e-01 1.091614970257478889e+00 -1.091524668064132264e+01
8.399999999999998579e-01 9.101425554125544548e-02 9.967293569677392329e-01 1.087743612508994762e+00 -1.139684099395255856e+01
8.420000000000000817e-01 8.751010167705979004e-02 9.963935122310945136e-01 1.083903613908154373e+00 -1.191843775757569190e+01
8.439999999999998614e-01 8.405550876531675542e-02 9.960411640414025269e-01 1.080096672806719393e+00 -1.248491310510602048e+01
8.460000000000000853e-01 8.065220362997001236e-02 9.956722950978196263e-01 1.076324498727789569e+00 -1.310195306446084018e+01
8.479999999999998650e-01 7.730192236787883364e-02 9.952868872841036385e-01 1.072588809651982444e+00 -1.377622811001267600e+01
8.500000000000000888e-01 7.400640735828027672e-02 9.948849216671608042e-01 1.068891329025441150e+00 -1.451561486977128901e+01
8.519999999999998685e-01 7.076740397671690830e-02 9.944663784955274366e-01 1.065233782472244428e+00 -1.532948055596007286e+01
8.540000000000000924e-01 6.758665699558807916e-02 9.940312371977919614e-01 1.061617894193380041e+00 -1.622905185402190753e+01
8.559999999999998721e-01 6.446590665328669201e-02 9.935794763809528973e-01 1.058045383034239562e+00 -1.722789906322307019e+01
8.580000000000000959e-01 6.140688437373885422e-02 9.931110738287135531e-01 1.054517958202452421e+00 -1.834257982088214334e+01
8.599999999999998757e-01 5.841130811829579189e-02 9.926260064997161070e-01 1.051037314618011864e+00 -1.959350736778545965e+01
8.620000000000000995e-01 5.548087735219017769e-02 9.921242505257135136e-01 1.047605127877903719e+00 -2.100614040077303457e+01
8.639999999999998792e-01 5.261726760837978634e-02 9.916057812096796820e-01 1.044223048818059496e+00 -2.261264265415429975e+01
8.660000000000001030e-01 4.982212463244971301e-02 9.910705730238580369e-01 1.040892697656307764e+00 -2.445424384580185162e+01
8.679999999999998828e-01 4.709705809353870176e-02 9.905185996077507937e-01 1.037615657701289607e+00 -2.658467407219404421e+01
8.700000000000001066e-01 4.444363484791336721e-02 9.899498337660451730e-01 1.034393468613958644e+00 -2.907528784677880296e+01
8.719999999999998863e-01 4.186337174405597994e-02 9.893642474664827713e-01 1.031227619210538737e+00 -3.202293435365442775e+01
8.740000000000001101e-01 3.935772796088633091e-02 9.887618118376654275e-01 1.028119539798551862e+00 -3.556245966911234291e+01
8.759999999999998899e-01 3.692809687425469695e-02 9.881424971668061330e-01 1.025070594041060934e+00 -3.988736758140582594e+01
8.780000000000001137e-01 3.457579745105741204e-02 9.875062728974161042e-01 1.022082070348473426e+00 -4.528560883192421471e+01
8.799999999999998934e-01 3.230206517550883449e-02 9.868531076269383417e-01 1.019155172802447273e+00 -5.220521946281996151e+01
8.820000000000001172e-01 3.010804251821635677e-02 9.861829691043186852e-01 1.016291011622534990e+00 -6.138354223605871596e+01
8.839999999999998970e-01 2.799476896602134252e-02 9.854958242275243530e-01 1.013490593193545619e+00 -7.412572491463427582e+01
8.860000000000001208e-01 2.596317063908150369e-02 9.847916390409993115e-01 1.010754809680080912e+00 -9.298165469651310389e+01
8.879999999999999005e-01 2.401404953164746128e-02 9.840703787330707941e-01 1.008084428264718335e+00 -1.236945851030864958e+02
8.900000000000001243e-01 2.214807242444609067e-02 9.833320076332924264e-01 1.005480080057738590e+00 -1.824790859739118503e+02
8.919999999999999041e-01 2.036575952977724702e-02 9.825764892097391678e-01 1.002942248739516318e+00 -3.398760908856373817e+02
8.940000000000001279e-01 1.866747294537260404e-02 9.818037860662424121e-01 1.000471259011614933e+00 -2.121975337029953607e+03
8.959999999999999076e-01 1.705340500998306363e-02 9.810138599395736847e-01 9.980672649495567761e-01 5.174014926519158735e+02
8.980000000000001315e-01 1.552356667252256968e-02 9.802066716965758264e-01 9.957302383690983527e-01 2.342051117708014942e+02
8.999999999999999112e-01 1.407777600755963886e-02 9.793821813312402202e-01 9.934599573387998817e-01 1.529042013644138649e+02
9.020000000000001350e-01 1.271564703289122973e-02 9.785403479617337252e-01 9.912559949946249116e-01 1.143640699410948400e+02
9.039999999999999147e-01 1.143657900986753441e-02 9.776811298273746509e-01 9.891177088372421489e-01 9.189241355922095522e+01
9.060000000000001386e-01 1.023974643377089690e-02 9.768044842855576615e-01 9.870442307193285636e-01 7.718569066306919524e+01
9.079999999999999183e-01 9.124089949642106429e-03 9.759103678086323841e-01 9.850344577582744732e-01 6.682016487260270310e+01
9.100000000000001421e-01 8.088308457908350776e-03 9.749987359807308351e-01 9.830870444386391460e-01 5.912627135877945506e+01
9.119999999999999218e-01 7.130852703351159456e-03 9.740695434945517706e-01 9.812003961979028910e-01 5.319261036173801216e+01
9.140000000000001457e-01 6.249920669303564782e-03 9.731227441480940765e-01 9.793726648173975979e-01 4.847935960450307391e+01
9.159999999999999254e-01 5.443455125238558928e-03 9.721582908413505253e-01 9.776017459665891085e-01 4.464633709879020529e+01
9.180000000000001492e-01 4.709143698355726382e-03 9.711761355729545686e-01 9.758852792713103019e-01 4.146844623459739410e+01
9.199999999999999289e-01 4.044421856321709155e-03 9.701762294367863859e-01 9.742206512931080864e-01 3.879073949345576722e+01
9.220000000000001528e-01 3.446479196301068405e-03 9.691585226185361890e-01 9.726050018148372223e-01 3.650301391666466344e+01
9.239999999999999325e-01 2.912269431727018600e-03 9.681229643922293349e-01 9.710352338239564007e-01 3.452470473685672658e+01
9.260000000000001563e-01 2.438524449169971256e-03 9.670695031167113598e-01 9.695080275658812807e-01 3.279551698928662518e+01
9.279999999999999361e-01 2.021772768993505397e-03 9.659980862320981521e-01 9.680198590010916648e-01 3.126940559874753944e+01
9.300000000000001599e-01 1.658362680570053902e-03 9.649086602561887105e-01 9.665670229367587796e-01 2.991058792366644070e+01
9.319999999999999396e-01 1.344490230820679678e-03 9.638011707808440409e-01 9.651456610116647683e-01 2.869083244799655930e+01
9.340000000000001634e-01 1.076232118918571705e-03 9.626755624683348556e-01 9.637517945872534630e-01 2.758757264293017997e+01
9.359999999999999432e-01 8.495833859512667147e-04 9.615317790476602955e-01 9.623813624336116090e-01 2.658256823456793327e+01
9.380000000000001670e-01 6.604995831936570421e-04 9.603697633108314591e-01 9.610302628940251557e-01 2.566093780105793698e+01
9.399999999999999467e-01 5.049428557126946909e-04 9.591894571091382771e-01 9.596943999648509527e-01 2.481044815429956074e+01
9.420000000000001705e-01 3.789310920727761555e-04 9.579908013493807495e-01 9.583697324414535146e-01 2.402098421764058500e+01
9.439999999999999503e-01 2.785889737753114402e-04 9.567737359900871930e-01 9.570523249638624996e-01 2.328414749246773141e+01
9.460000000000001741e-01 2.001994243311010712e-04 9.555382000377039553e-01 9.557383994620350931e-01 2.259294711094464247e+01
9.479999999999999538e-01 1.402536306823655584e-04 9.542841315427733617e-01 9.544243851734557360e-01 2.194155808552202913e+01
9.500000000000001776e-01 9.549752219557195072e-05 9.530114675960891235e-01 9.531069651182847435e-01 2.132512861499447254e+01
9.519999999999999574e-01 6.297238835969977899e-05 9.517201443248459736e-01 9.517831167132057013e-01 2.073962338154447238e+01
9.540000000000001812e-01 4.004724880773808901e-05 9.504100968887706502e-01 9.504501441375783344e-01 2.018169341958458674e+01
9.559999999999999609e-01 2.444071703473627005e-05 9.490812594762512155e-01 9.491057001932859949e-01 1.964856582756404180e+01
9.580000000000001847e-01 1.423047850869156251e-05 9.477335653004551608e-01 9.477477957789638419e-01 1.913794862643155525e+01
9.599999999999999645e-01 7.849175678309719534e-06 9.463669465954506199e-01 9.463747957711289294e-01 1.864794762798523209e+01
9.620000000000001883e-01 4.066463989415677683e-06 9.449813346123250302e-01 9.449854010763144574e-01 1.817699337201689502e+01
9.639999999999999680e-01 1.958226436686249492e-06 9.435766596153065677e-01 9.435786178417432390e-01 1.772377708144568942e+01
9.660000000000001918e-01 8.652859103492482288e-07 9.421528508778964639e-01 9.421537161638068314e-01 1.728719519531731308e+01
9.679999999999999716e-01 3.452265251813880515e-07 9.407098366790093147e-01 9.407101819055344594e-01 1.686630237938520338e+01
9.700000000000001954e-01 1.218501564079094740e-07 9.392475442991262691e-01 9.392476661492826784e-01 1.646027299061849547e+01
9.719999999999999751e-01 3.706129946519554654e-08 9.377659000164717540e-01 9.377659370777712278e-01 1.606837080924086436e+01
9.740000000000001990e-01 9.385855290775780436e-09 9.362648291032056314e-01 9.362648384890609465e-01 1.568992650671116706e+01
9.759999999999999787e-01 1.890603454804257480e-09 9.347442558216466635e-01 9.347442577122501151e-01 1.532432189017831092e+01
9.780000000000002025e-01 2.845667369137997696e-10 9.332041034205222907e-01 9.332041037050889942e-01 1.497097958810064178e+01
9.799999999999999822e-01 2.932662666954545059e-11 9.316442941312584880e-01 9.316442941605851402e-01 1.462935665311184508e+01
9.820000000000002061e-01 1.823892410143192794e-12 9.300647491643023734e-01 9.300647491661262478e-01 1.429894063546621652e+01
9.839999999999999858e-01 5.664253846304319767e-14 9.284653887054972188e-01 9.284653887055538402e-01 1.397924699533019677e+01
9.860000000000002096e-01 6.522863308380040455e-16 9.268461319124998710e-01 9.268461319125005371e-01 1.366981714218991506e+01
9.879999999999999893e-01 1.696141478640349279e-18 9.252068969112583474e-01 9.252068969112583474e-01 1.337021675399006959e+01
9.900000000000002132e-01 4.078037078603277605e-22 9.235476007925456088e-01 9.235476007925456088e-01 1.308003424832345019e+01
9.919999999999999929e-01 1.520126408329869738e-27 9.218681596085652741e-01 9.218681596085652741e-01 1.279887936838648876e+01
9.940000000000002167e-01 1.362032075411493252e-36 9.201684883696216177e-01 9.201684883696216177e-01 1.252638187073321951e+01
9.959999999999999964e-01 1.093183432245051790e-54 9.184485010408772743e-01 9.184485010408772743e-01 1.226219030629032147e+01
9.980000000000002203e-01 5.649261824392819426e-109 9.167081105391869933e-01 9.167081105391869933e-01 1.200597088712314431e+01
1.000000000000000000e+00 0.000000000000000000e+00 9.149472287300309814e-01 9.149472287300309814e-01 1.175740643212981951e+01
1.002000000000000224e+00 0.000000000000000000e+00 9.131657664245406147e-01 9.131657664245406147e-01 1.151619538544087007e+01
1.004000000000000004e+00 0.000000000000000000e+00 9.113636333766371722e-01 9.113636333766371722e-01 1.128205090185205606e+01
1.006000000000000227e+00 0.000000000000000000e+00 9.095407382802777052e-01 9.095407382802777052e-01 1.105469999410768978e+01
1.008000000000000007e+00 0.000000000000000000e+00 9.076969887668288051e-01 9.076969887668288051e-01 1.083388273730150075e+01
1.010000000000000231e+00 0.000000000000000000e+00 9.058322914025676020e-01 9.058322914025676020e-01 1.061935152606300470e+01
1.012000000000000011e+00 0.000000000000000000e+00 9.039465516863236516e-01 9.039465516863236516e-01 1.041087038056516434e+01
1.014000000000000234e+00 0.000000000000000000e+00 9.020396740472660380e-01 9.020396740472660380e-01 1.020821429771989308e+01
1.016000000000000014e+00 0.000000000000000000e+00 9.001115618428537912e-01 9.001115618428537912e-01 1.001116864423070396e+01
1.018000000000000238e+00 0.000000000000000000e+00 8.981621173569479533e-01 8.981621173569479533e-01 9.819528588443464656e+00
1.020000000000000018e+00 0.000000000000000000e+00 8.961912417981062751e-01 8.961912417981062751e-01 9.633098568187646649e+00
1.022000000000000242e+00 0.000000000000000000e+00 8.941988352980624333e-01 8.941988352980624333e-01 9.451691792025108896e+00
1.024000000000000021e+00 0.000000000000000000e+00 8.921847969104095277e-01 8.921847969104095277e-01 9.275129771531727130e+00
1.026000000000000245e+00 0.000000000000000000e+00 8.901490246094898584e-01 8.901490246094898584e-01 9.103241882423818154e+00
1.028000000000000025e+00 0.000000000000000000e+00 8.880914152895131863e-01 8.880914152895131863e-01 8.935864952515043313e+00
1.030000000000000249e+00 0.000000000000000000e+00 8.860118647639065870e-01 8.860118647639065870e-01 8.772842874644712907e+00
1.032000000000000028e+00 0.000000000000000000e+00 8.839102677649179896e-01 8.839102677649179896e-01 8.614026242863557670e+00
1.034000000000000252e+00 0.000000000000000000e+00 8.817865179434780654e-01 8.817865179434780654e-01 8.459272010292917088e+00
1.036000000000000032e+00 0.000000000000000000e+00 8.796405078693432245e-01 8.796405078693432245e-01 8.308443167194869972e+00
1.038000000000000256e+00 0.000000000000000000e+00 8.774721290315260491e-01 8.774721290315260491e-01 8.161408437899789092e+00
1.040000000000000036e+00 0.000000000000000000e+00 8.752812718390413638e-01 8.752812718390413638e-01 8.018041995340322359e+00
1.042000000000000259e+00 0.000000000000000000e+00 8.730678256219628341e-01 8.730678256219628341e-01 7.878223192031192923e+00
1.044000000000000039e+00 0.000000000000000000e+00 8.708316786328345049e-01 8.708316786328345049e-01 7.741836306422724689e+00
1.046000000000000263e+00 0.000000000000000000e+00 8.685727180484276166e-01 8.685727180484276166e-01 7.608770303630524978e+00
1.048000000000000043e+00 0.000000000000000000e+00 8.662908299718833360e-01 8.662908299718833360e-01 7.478918609619054081e+00
1.050000000000000266e+00 0.000000000000000000e+00 8.639858994352404009e-01 8.639858994352404009e-01 7.352178897980329531e+00
1.052000000000000046e+00 0.000000000000000000e+00 8.616578104023879803e-01 8.616578104023879803e-01 7.228452888512481245e+00
1.054000000000000270e+00 0.000000000000000000e+00 8.593064457724439720e-01 8.593064457724439720e-01 7.107646156856711528e+00
1.056000000000000050e+00 0.000000000000000000e+00 8.569316873835978177e-01 8.569316873835978177e-01 6.989667954505211611e+00
1.058000000000000274e+00 0.000000000000000000e+00 8.545334160174241633e-01 8.545334160174241633e-01 6.874431038538591388e+00
1.060000000000000053e+00 0.000000000000000000e+00 8.521115114037079996e-01 8.521115114037079996e-01 6.761851510497301376e+00
1.061999999999999833e+00 0.000000000000000000e+00 8.496658522257861668e-01 8.496658522257861668e-01 6.651848663830492114e+00
1.064000000000000057e+00 0.000000000000000000e+00 8.471963161264459696e-01 8.471963161264459696e-01 6.544344839405220604e+00
1.065999999999999837e+00 0.000000000000000000e+00 8.447027797144031069e-01 8.447027797144031069e-01 6.439265288592840086e+00
1.068000000000000060e+00 0.000000000000000000e+00 8.421851185713759014e-01 8.421851185713759014e-01 6.336538043481508176e+00
1.069999999999999840e+00 0.000000000000000000e+00 8.396432072598046803e-01 8.396432072598046803e-01 6.236093793794980300e+00
1.072000000000000064e+00 0.000000000000000000e+00 8.370769193312211920e-01 8.370769193312211920e-01 6.137865770123701381e+00
1.073999999999999844e+00 0.000000000000000000e+00 8.344861273353241238e-01 8.344861273353241238e-01 6.041789633101980250e+00
1.076000000000000068e+00 0.000000000000000000e+00 8.318707028297694928e-01 8.318707028297694928e-01 5.947803368186939998e+00
1.077999999999999847e+00 0.000000000000000000e+00 8.292305163907295329e-01 8.292305163907295329e-01 5.855847185718804582e+00
1.080000000000000071e+00 0.000000000000000000e+00 8.265654376242379531e-01 8.265654376242379531e-01 5.765863425961241795e+00
1.081999999999999851e+00 0.000000000000000000e+00 8.238753351783723033e-01 8.238753351783723033e-01 5.677796468840758948e+00
1.084000000000000075e+00 0.000000000000000000e+00 8.211600767562984293e-01 8.211600767562984293e-01 5.591592648120968789e+00
1.085999999999999854e+00 0.000000000000000000e+00 8.184195291302280850e-01 8.184195291302280850e-01 5.507200169764908892e+00
1.088000000000000078e+00 0.000000000000000000e+00 8.156535581563201243e-01 8.156535581563201243e-01 5.424569034253285515e+00
1.089999999999999858e+00 0.000000000000000000e+00 8.128620287905781172e-01 8.128620287905781172e-01 5.343650962641475211e+00
1.092000000000000082e+00 0.000000000000000000e+00 8.100448051057775878e-01 8.100448051057775878e-01 5.264399326150861036e+00
1.093999999999999861e+00 0.000000000000000000e+00 8.072017503094824908e-01 8.072017503094824908e-01 5.186769079103229707e+00
1.096000000000000085e+00 0.000000000000000000e+00 8.043327267631843469e-01 8.043327267631843469e-01 5.110716695017782918e+00
1.097999999999999865e+00 0.000000000000000000e+00 8.014375960026308698e-01 8.014375960026308698e-01 5.036200105702032026e+00
1.100000000000000089e+00 0.000000000000000000e+00 7.985162187593768390e-01 7.985162187593768390e-01 4.963178643176962446e+00
1.101999999999999869e+00 0.000000000000000000e+00 7.955684549836352648e-01 7.955684549836352648e-01 4.891612984287479371e+00
1.104000000000000092e+00 0.000000000000000000e+00 7.925941638684604884e-01 7.925941638684604884e-01 4.821465097856681759e+00
1.105999999999999872e+00 0.000000000000000000e+00 7.895932038753452620e-01 7.895932038753452620e-01 4.752698194252022112e+00
1.108000000000000096e+00 0.000000000000000000e+00 7.865654327612752184e-01 7.865654327612752184e-01 4.685276677238079834e+00
1.109999999999999876e+00 0.000000000000000000e+00 7.835107076073212218e-01 7.835107076073212218e-01 4.619166097998747667e+00
1.112000000000000099e+00 0.000000000000000000e+00 7.804288848488172281e-01 7.804288848488172281e-01 4.554333111217581553e+00
1.113999999999999879e+00 0.000000000000000000e+00 7.773198203072185786e-01 7.773198203072185786e-01 4.490745433112369511e+00
1.116000000000000103e+00 0.000000000000000000e+00 7.741833692236845810e-01 7.741833692236845810e-01 4.428371801324759716e+00
1.117999999999999883e+00 0.000000000000000000e+00 7.710193862944900722e-01 7.710193862944900722e-01 4.367181936572550605e+00
1.120000000000000107e+00 0.000000000000000000e+00 7.678277257083169216e-01 7.678277257083169216e-01 4.307146505976326090e+00
1.121999999999999886e+00 0.000000000000000000e+00 7.646082411855352756e-01 7.646082411855352756e-01 4.248237087978079529e+00
1.124000000000000110e+00 0.000000000000000000e+00 7.613607860195327204e-01 7.613607860195327204e-01 4.190426138773028164e+00
1.125999999999999890e+00 0.000000000000000000e+00 7.580852131202074906e-01 7.580852131202074906e-01 4.133686960181148784e+00
1.128000000000000114e+00 0.000000000000000000e+00 7.547813750596934490e-01 7.547813750596934490e-01 4.077993668888035828e+00
1.129999999999999893e+00 0.000000000000000000e+00 7.514491241204369620e-01 7.514491241204369620e-01 4.023321166989395792e+00
1.132000000000000117e+00 0.000000000000000000e+00 7.480883123457048312e-01 7.480883123457048312e-01 3.969645113776243406e+00
1.133999999999999897e+00 0.000000000000000000e+00 7.446987915926502888e-01 7.446987915926502888e-01 3.916941898702002600e+00
1.136000000000000121e+00 0.000000000000000000e+00 7.412804135880247669e-01 7.412804135880247669e-01 3.865188615475126710e+00
1.137999999999999901e+00 0.000000000000000000e+00 7.378330299866714403e-01 7.378330299866714403e-01 3.814363037224559605e+00
1.140000000000000124e+00 0.000000000000000000e+00 7.343564924328982446e-01 7.343564924328982446e-01 3.764443592687463980e+00
1.141999999999999904e+00 0.000000000000000000e+00 7.308506526248768065e-01 7.308506526248768065e-01 3.715409343371967488e+00
1.144000000000000128e+00 0.000000000000000000e+00 7.273153623821724256e-01 7.273153623821724256e-01 3.667239961649463975e+00
1.145999999999999908e+00 0.000000000000000000e+00 7.237504737165657565e-01 7.237504737165657565e-01 3.619915709734075282e+00
1.148000000000000131e+00 0.000000000000000000e+00 7.201558389062804322e-01 7.201558389062804322e-01 3.573417419508355675e+00
1.149999999999999911e+00 0.000000000000000000e+00 7.165313105737893817e-01 7.165313105737893817e-01 3.527726473157130727e+00
1.152000000000000135e+00 0.000000000000000000e+00 7.128767417673261830e-01 7.128767417673261830e-01 3.482824784572616572e+00
1.153999999999999915e+00 0.000000000000000000e+00 7.091919860462874148e-01 7.091919860462874148e-01 3.438694781496524744e+00
1.156000000000000139e+00 0.000000000000000000e+00 7.054768975706631196e-01 7.054768975706631196e-01 3.395319388365888535e+00
1.157999999999999918e+00 0.000000000000000000e+00 7.017313311946991039e-01 7.017313311946991039e-01 3.352682009831760901e+00
1.160000000000000142e+00 0.000000000000000000e+00 6.979551425649402896e-01 6.979551425649402896e-01 3.310766514920725268e+00
1.161999999999999922e+00 0.000000000000000000e+00 6.941481882228711653e-01 6.941481882228711653e-01 3.269557221811358882e+00
1.164000000000000146e+00 0.000000000000000000e+00 6.903103257123235359e-01 6.903103257123235359e-01 3.229038883198545040e+00
1.165999999999999925e+00 0.000000000000000000e+00 6.864414136918799425e-01 6.864414136918799425e-01 3.189196672220433459e+00
1.168000000000000149e+00 0.000000000000000000e+00 6.825413120524598254e-01 6.825413120524598254e-01 3.150016168923527093e+00
1.169999999999999929e+00 0.000000000000000000e+00 6.786098820403374532e-01 6.786098820403374532e-01 3.111483347243144681e+00
1.172000000000000153e+00 0.000000000000000000e+00 6.746469863857946780e-01 6.746469863857946780e-01 3.073584562477028825e+00
1.173999999999999932e+00 0.000000000000000000e+00 6.706524894376756363e-01 6.706524894376756363e-01 3.036306539231496959e+00
1.176000000000000156e+00 0.000000000000000000e+00 6.666262573040668826e-01 6.666262573040668826e-01 2.999636359820005538e+00
1.177999999999999936e+00 0.000000000000000000e+00 6.625681579993965009e-01 6.625681579993965009e-01 2.963561453095501008e+00
1.180000000000000160e+00 0.000000000000000000e+00 6.584780615981876695e-01 6.584780615981876695e-01 2.928069583698209133e+00
1.181999999999999940e+00 0.000000000000000000e+00 6.543558403957875358e-01 6.543558403957875358e-01 2.893148841702033458e+00
1.184000000000000163e+00 0.000000000000000000e+00 6.502013690763345233e-01 6.502013690763345233e-01 2.858787632642919796e+00
1.185999999999999943e+00 0.000000000000000000e+00 6.460145248883008007e-01 6.460145248883008007e-01 2.824974667913853210e+00
1.188000000000000167e+00 0.000000000000000000e+00 6.417951878279032352e-01 6.417951878279032352e-01 2.791698955511400460e+00
1.189999999999999947e+00 0.000000000000000000e+00 6.375432408307470933e-01 6.375432408307470933e-01 2.758949791119882811e+00
1.192000000000000171e+00 0.000000000000000000e+00 6.332585699720209016e-01 6.332585699720209016e-01 2.726716749519433769e+00
1.193999999999999950e+00 0.000000000000000000e+00 6.289410646756354861e-01 6.289410646756354861e-01 2.694989676305304283e+00
1.196000000000000174e+00 0.000000000000000000e+00 6.245906179326551344e-01 6.245906179326551344e-01 2.663758679905899651e+00
1.197999999999999954e+00 0.000000000000000000e+00 6.202071265294470948e-01 6.202071265294470948e-01 2.633014123888068880e+00
1.200000000000000178e+00 0.000000000000000000e+00 6.157904912859283320e-01 6.157904912859283320e-01 2.602746619538245376e+00
1.201999999999999957e+00 0.000000000000000000e+00 6.113406173043660630e-01 6.113406173043660630e-01 2.572947018708970024e+00
1.204000000000000181e+00 0.000000000000000000e+00 6.068574142291509599e-01 6.068574142291509599e-01 2.543606406920439600e+00
1.205999999999999961e+00 0.000000000000000000e+00 6.023407965180317403e-01 6.023407965180317403e-01 2.514716096707528159e+00
1.208000000000000185e+00 0.000000000000000000e+00 5.977906837252696670e-01 5.977906837252696670e-01 2.486267621202853828e+00
1.209999999999999964e+00 0.000000000000000000e+00 5.932070007972379821e-01 5.932070007972379821e-01 2.458252727947168204e+00
1.212000000000000188e+00 0.000000000000000000e+00 5.885896783809686506e-01 5.885896783809686506e-01 2.430663372918500986e+00
1.213999999999999968e+00 0.000000000000000000e+00 5.839386531462109620e-01 5.839386531462109620e-01 2.403491714772092891e+00
1.216000000000000192e+00 0.000000000000000000e+00 5.792538681215446683e-01 5.792538681215446683e-01 2.376730109283283543e+00
1.217999999999999972e+00 0.000000000000000000e+00 5.745352730451651624e-01 5.745352730451651624e-01 2.350371103986147681e+00
1.220000000000000195e+00 0.000000000000000000e+00 5.697828247309224547e-01 5.697828247309224547e-01 2.324407433000679646e+00
1.221999999999999975e+00 0.000000000000000000e+00 5.649964874502813039e-01 5.649964874502813039e-01 2.298832012041983397e+00
1.224000000000000199e+00 0.000000000000000000e+00 5.601762333308344388e-01 5.601762333308344388e-01 2.273637933604887973e+00
1.225999999999999979e+00 0.000000000000000000e+00 5.553220427720898522e-01 5.553220427720898522e-01 2.248818462318048716e+00
1.228000000000000203e+00 0.000000000000000000e+00 5.504339048792125100e-01 5.504339048792125100e-01 2.224367030461503969e+00
1.229999999999999982e+00 0.000000000000000000e+00 5.455118179154977431e-01 5.455118179154977431e-01 2.200277233642285779e+00
1.232000000000000206e+00 0.000000000000000000e+00 5.405557897743148432e-01 5.405557897743148432e-01 2.176542826622598348e+00
1.233999999999999986e+00 0.000000000000000000e+00 5.355658384713545273e-01 5.355658384713545273e-01 2.153157719295637484e+00
1.236000000000000210e+00 0.000000000000000000e+00 5.305419926579741929e-01 5.305419926579741929e-01 2.130115972804028424e+00
1.237999999999999989e+00 0.000000000000000000e+00 5.254842921565456848e-01 5.254842921565456848e-01 2.107411795796454879e+00
1.240000000000000213e+00 0.000000000000000000e+00 5.203927885186504509e-01 5.203927885186504509e-01 2.085039540817844816e+00
1.241999999999999993e+00 0.000000000000000000e+00 5.152675456070978655e-01 5.152675456070978655e-01 2.062993700829128585e+00
1.244000000000000217e+00 0.000000000000000000e+00 5.101086402026767663e-01 5.101086402026767663e-01 2.041268905852346105e+00
1.245999999999999996e+00 0.000000000000000000e+00 5.049161626366769351e-01 5.049161626366769351e-01 2.019859919737469145e+00
1.248000000000000220e+00 0.000000000000000000e+00 4.996902174501681726e-01 4.996902174501681726e-01 1.998761637047139050e+00
1.250000000000000000e+00 0.000000000000000000e+00 4.944309240811305961e-01 4.944309240811305961e-01 1.977969080055984152e+00
1.252000000000000224e+00 0.000000000000000000e+00 4.891384175805028045e-01 4.891384175805028045e-01 1.957477395861103808e+00
1.254000000000000004e+00 0.000000000000000000e+00 4.838128493583097045e-01 4.838128493583097045e-01 1.937281853600704817e+00
1.256000000000000227e+00 0.000000000000000000e+00 4.784543879610021477e-01 4.784543879610021477e-01 1.917377841777770264e+00
1.258000000000000007e+00 0.000000000000000000e+00 4.730632198812474432e-01 4.730632198812474432e-01 1.897760865686081155e+00
1.260000000000000231e+00 0.000000000000000000e+00 4.676395504013697302e-01 4.676395504013697302e-01 1.878426544935754672e+00
1.262000000000000011e+00 0.000000000000000000e+00 4.621836044717500536e-01 4.621836044717500536e-01 1.859370611075899848e+00
1.264000000000000234e+00 0.000000000000000000e+00 4.566956276254529601e-01 4.566956276254529601e-01 1.840588905311833168e+00
1.266000000000000014e+00 0.000000000000000000e+00 4.511758869304585695e-01 4.511758869304585695e-01 1.822077376314713781e+00
1.268000000000000238e+00 0.000000000000000000e+00 4.456246719808288348e-01 4.456246719808288348e-01 1.803832078121301752e+00
1.270000000000000018e+00 0.000000000000000000e+00 4.400422959282516699e-01 4.400422959282516699e-01 1.785849168121934394e+00
1.272000000000000242e+00 0.000000000000000000e+00 4.344290965553501138e-01 4.344290965553501138e-01 1.768124905134667912e+00
1.274000000000000021e+00 0.000000000000000000e+00 4.287854373922513895e-01 4.287854373922513895e-01 1.750655647563903461e+00
1.276000000000000245e+00 0.000000000000000000e+00 4.231117088778554858e-01 4.231117088778554858e-01 1.733437851641662419e+00
1.278000000000000025e+00 0.000000000000000000e+00 4.174083295673379768e-01 4.174083295673379768e-01 1.716468069750035186e+00
1.280000000000000249e+00 0.000000000000000000e+00 4.116757473873602913e-01 4.116757473873602913e-01 1.699742948823177002e+00
1.282000000000000028e+00 0.000000000000000000e+00 4.059144409405498477e-01 4.059144409405498477e-01 1.683259228827560072e+00
1.284000000000000252e+00 0.000000000000000000e+00 4.001249208607364216e-01 4.001249208607364216e-01 1.667013741319041786e+00
1.286000000000000032e+00 0.000000000000000000e+00 3.943077312205070517e-01 3.943077312205070517e-01 1.651003408075624401e+00
1.288000000000000256e+00 0.000000000000000000e+00 3.884634509925569135e-01 3.884634509925569135e-01 1.635225239804642960e+00
1.290000000000000036e+00 0.000000000000000000e+00 3.825926955663666029e-01 3.825926955663666029e-01 1.619676334923394689e+00
1.292000000000000259e+00 0.000000000000000000e+00 3.766961183216324116e-01 3.766961183216324116e-01 1.604353878412090761e+00
1.294000000000000039e+00 0.000000000000000000e+00 3.707744122599157532e-01 3.707744122599157532e-01 1.589255140738288441e+00
1.296000000000000263e+00 0.000000000000000000e+00 3.648283116958346284e-01 3.648283116958346284e-01 1.574377476851784419e+00
1.298000000000000043e+00 0.000000000000000000e+00 3.588585940091398307e-01 3.588585940091398307e-01 1.559718325249228155e+00
1.300000000000000266e+00 0.000000000000000000e+00 3.528660814588479577e-01 3.528660814588479577e-01 1.545275207107551507e+00
1.302000000000000046e+00 0.000000000000000000e+00 3.468516430605682599e-01 3.468516430605682599e-01 1.531045725485508324e+00
1.304000000000000270e+00 0.000000000000000000e+00 3.408161965279616901e-01 3.408161965279616901e-01 1.517027564592488664e+00
1.306000000000000050e+00 0.000000000000000000e+00 3.347607102791914091e-01 3.347607102791914091e-01 1.503218489123944623e+00
1.308000000000000274e+00 0.000000000000000000e+00 3.286862055089538881e-01 3.286862055089538881e-01 1.489616343662572895e+00
1.310000000000000053e+00 0.000000000000000000e+00 3.225937583265548469e-01 3.225937583265548469e-01 1.476219052144586596e+00
1.312000000000000277e+00 0.000000000000000000e+00 3.164845019601541520e-01 3.164845019601541520e-01 1.463024617390174420e+00
1.314000000000000057e+00 0.000000000000000000e+00 3.103596290270971836e-01 3.103596290270971836e-01 1.450031120697386822e+00
1.315999999999999837e+00 0.000000000000000000e+00 3.042203938698253562e-01 3.042203938698253562e-01 1.437236721498428293e+00
1.318000000000000060e+00 0.000000000000000000e+00 2.980681149565541643e-01 2.980681149565541643e-01 1.424639657077417576e+00
1.319999999999999840e+00 0.000000000000000000e+00 2.919041773454005839e-01 2.919041773454005839e-01 1.412238242348434092e+00
1.322000000000000064e+00 0.000000000000000000e+00 2.857300352101456720e-01 2.857300352101456720e-01 1.400030869692540536e+00
1.323999999999999844e+00 0.000000000000000000e+00 2.795472144252736379e-01 2.795472144252736379e-01 1.388016008852364536e+00
1.326000000000000068e+00 0.000000000000000000e+00 2.733573152072050205e-01 2.733573152072050205e-01 1.376192206882470792e+00
1.327999999999999847e+00 0.000000000000000000e+00 2.671620148079671409e-01 2.671620148079671409e-01 1.364558088153632109e+00
1.330000000000000071e+00 0.000000000000000000e+00 2.609630702566188010e-01 2.609630702566188010e-01 1.353112354408640972e+00
1.331999999999999851e+00 0.000000000000000000e+00 2.547623211428773904e-01 2.547623211428773904e-01 1.341853784867096833e+00
1.334000000000000075e+00 0.000000000000000000e+00 2.485616924362307190e-01 2.485616924362307190e-01 1.330781236375997656e+00
1.335999999999999854e+00 0.000000000000000000e+00 2.423631973326900724e-01 2.423631973326900724e-01 1.319893643602626732e+00
1.338000000000000078e+00 0.000000000000000000e+00 2.361689401198991678e-01 2.361689401198991678e-01 1.309190019265478400e+00
1.339999999999999858e+00 0.000000000000000000e+00 2.299811190498685654e-01 2.299811190498685654e-01 1.298669454398434286e+00
1.342000000000000082e+00 0.000000000000000000e+00 2.238020292068167161e-01 2.238020292068167161e-01 1.288331118642473738e+00
1.343999999999999861e+00 0.000000000000000000e+00 2.176340653557731208e-01 2.176340653557731208e-01 1.278174260558443187e+00
1.346000000000000085e+00 0.000000000000000000e+00 2.114797247553892034e-01 2.114797247553892034e-01 1.268198207953226131e+00
1.347999999999999865e+00 0.000000000000000000e+00 2.053416099161072539e-01 2.053416099161072539e-01 1.258402368210608246e+00
1.350000000000000089e+00 0.000000000000000000e+00 1.992224312821253285e-01 1.992224312821253285e-01 1.248786228616643790e+00
1.351999999999999869e+00 0.000000000000000000e+00 1.931250098127417492e-01 1.931250098127417492e-01 1.239349356667904134e+00
1.354000000000000092e+00 0.000000000000000000e+00 1.870522794353319807e-01 1.870522794353319807e-01 1.230091400349098363e+00
1.355999999999999872e+00 0.000000000000000000e+00 1.810072893387015547e-01 1.810072893387015547e-01 1.221012088364677339e+00
1.358000000000000096e+00 0.000000000000000000e+00 1.749932060714968762e-01 1.749932060714968762e-01 1.212111230306622378e+00
1.359999999999999876e+00 0.000000000000000000e+00 1.690133154060664555e-01 1.690133154060664555e-01 1.203388716738169828e+00
1.362000000000000099e+00 0.000000000000000000e+00 1.630710239232508185e-01 1.630710239232508185e-01 1.194844519170162656e+00
1.363999999999999879e+00 0.000000000000000000e+00 1.571698602683848089e-01 1.571698602683848089e-01 1.186478689903558648e+00
1.366000000000000103e+00 0.000000000000000000e+00 1.513134760229053744e-01 1.513134760229053744e-01 1.178291361707764384e+00
1.367999999999999883e+00 0.000000000000000000e+00 1.455056461297227488e-01 1.455056461297227488e-01 1.170282747300413817e+00
1.370000000000000107e+00 0.000000000000000000e+00 1.397502688035323903e-01 1.397502688035323903e-01 1.162453138589375046e+00
1.371999999999999886e+00 0.000000000000000000e+00 1.340513648498609656e-01 1.340513648498609656e-01 1.154802905632640542e+00
1.374000000000000110e+00 0.000000000000000000e+00 1.284130763084646298e-01 1.284130763084646298e-01 1.147332495265740659e+00
1.375999999999999890e+00 0.000000000000000000e+00 1.228396643280996181e-01 1.228396643280996181e-01 1.140042429339905183e+00
1.378000000000000114e+00 0.000000000000000000e+00 1.173355061702833491e-01 1.173355061702833491e-01 1.132933302506806905e+00
1.379999999999999893e+00 0.000000000000000000e+00 1.119050912298477224e-01 1.119050912298477224e-01 1.126005779477798896e+00
1.382000000000000117e+00 0.000000000000000000e+00 1.065530159495364365e-01 1.065530159495364365e-01 1.119260591676604966e+00
1.383999999999999897e+00 0.000000000000000000e+00 1.012839774950126670e-01 1.012839774950126670e-01 1.112698533194839801e+00
1.386000000000000121e+00 0.000000000000000000e+00 9.610276604519203680e-02 9.610276604519203680e-02 1.106320455949085124e+00
1.387999999999999901e+00 0.000000000000000000e+00 9.101425554125544548e-02 9.101425554125544548e-02 1.100127263926949484e+00
1.390000000000000124e+00 0.000000000000000000e+00 8.602339272589748509e-02 8.602339272589748509e-02 1.094119906397231334e+00
1.391999999999999904e+00 0.000000000000000000e+00 8.113518429289026668e-02 8.113518429289026668e-02 1.088299369946440720e+00
1.394000000000000128e+00 0.000000000000000000e+00 7.635468195592727547e-02 7.635468195592727547e-02 1.082666669190309294e+00
1.395999999999999908e+00 0.000000000000000000e+00 7.168696523567380519e-02 7.168696523567380519e-02 1.077222835995051087e+00
1.398000000000000131e+00 0.000000000000000000e+00 6.713712175525789194e-02 6.713712175525789194e-02 1.071968907029060780e+00
1.399999999999999911e+00 0.000000000000000000e+00 6.271022482807192544e-02 6.271022482807192544e-02 1.066905909452142476e+00
1.402000000000000135e+00 0.000000000000000000e+00 5.841130811829532699e-02 5.841130811829532699e-02 1.062034844536592804e+00
1.403999999999999915e+00 0.000000000000000000e+00 5.424533715536287298e-02 5.424533715536287298e-02 1.057356669003570060e+00
1.406000000000000139e+00 0.000000000000000000e+00 5.021717748972218121e-02 5.021717748972218121e-02 1.052872273849929208e+00
1.407999999999999918e+00 0.000000000000000000e+00 4.633155929052554939e-02 4.633155929052554939e-02 1.048582460436729535e+00
1.410000000000000142e+00 0.000000000000000000e+00 4.259303820804849483e-02 4.259303820804849483e-02 1.044487913612335062e+00
1.411999999999999922e+00 0.000000000000000000e+00 3.900595235716843717e-02 3.900595235716843717e-02 1.040589171652877454e+00
1.414000000000000146e+00 0.000000000000000000e+00 3.557437532563620386e-02 3.557437532563620386e-02 1.036886592823213160e+00
1.415999999999999925e+00 0.000000000000000000e+00 3.230206517550889000e-02 3.230206517550889000e-02 1.033380318395912933e+00
1.418000000000000149e+00 0.000000000000000000e+00 2.919240949137247298e-02 2.919240949137247298e-02 1.030070232017940679e+00
1.419999999999999929e+00 0.000000000000000000e+00 2.624836663913468135e-02 2.624836663913468135e-02 1.026955915389368368e+00
1.422000000000000153e+00 0.000000000000000000e+00 2.347240353848654981e-02 2.347240353848654981e-02 1.024036600320912260e+00
1.423999999999999932e+00 0.000000000000000000e+00 2.086643042556271879e-02 2.086643042556271879e-02 1.021311117373528310e+00
1.426000000000000156e+00 0.000000000000000000e+00 1.843173329455663131e-02 1.843173329455663131e-02 1.018777841460198452e+00
1.427999999999999936e+00 0.000000000000000000e+00 1.616890496287300485e-02 1.616890496287300485e-02 1.016434635014522359e+00
1.430000000000000160e+00 0.000000000000000000e+00 1.407777600755941508e-02 1.407777600755941508e-02 1.014278789609338816e+00
1.431999999999999940e+00 0.000000000000000000e+00 1.215734717382009611e-02 1.215734717382009611e-02 1.012306967247302403e+00
1.434000000000000163e+00 0.000000000000000000e+00 1.040572525912354315e-02 1.040572525912354315e-02 1.010515142947697731e+00
1.435999999999999943e+00 0.000000000000000000e+00 8.820064924781541998e-03 8.820064924781541998e-03 1.008898550719867115e+00
1.438000000000000167e+00 0.000000000000000000e+00 7.396519370717874638e-03 7.396519370717874638e-03 1.007451635537313095e+00
1.439999999999999947e+00 0.000000000000000000e+00 6.130203310031615699e-03 6.130203310031615699e-03 1.006168014492892393e+00
1.442000000000000171e+00 0.000000000000000000e+00 5.015172167634633638e-03 5.015172167634633638e-03 1.005040450896683923e+00
1.443999999999999950e+00 0.000000000000000000e+00 4.044421856321709155e-03 4.044421856321709155e-03 1.004060845629139331e+00
1.446000000000000174e+00 0.000000000000000000e+00 3.209913789149863514e-03 3.209913789149863514e-03 1.003220250515684642e+00
1.447999999999999954e+00 0.000000000000000000e+00 2.502629880847366105e-03 2.502629880847366105e-03 1.002508908750855632e+00
1.450000000000000178e+00 0.000000000000000000e+00 1.912662058736487982e-03 1.912662058736487982e-03 1.001916327345341973e+00
1.451999999999999957e+00 0.000000000000000000e+00 1.429340104916256970e-03 1.429340104916256970e-03 1.001431386042392235e+00
1.454000000000000181e+00 0.000000000000000000e+00 1.041400324951706003e-03 1.041400324951706003e-03 1.001042485970179863e+00
1.455999999999999961e+00 0.000000000000000000e+00 7.371954170098388289e-04 7.371954170098388289e-04 1.000737739275022298e+00
1.458000000000000185e+00 0.000000000000000000e+00 5.049428557126739827e-04 5.049428557126739827e-04 1.000505197951809144e+00
1.459999999999999964e+00 0.000000000000000000e+00 3.330050372649523416e-04 3.330050372649523416e-04 1.000333115966559827e+00
1.462000000000000188e+00 0.000000000000000000e+00 2.101894370892643622e-04 2.101894370892643622e-04 1.000210233625976830e+00
1.463999999999999968e+00 0.000000000000000000e+00 1.260514422268376583e-04 1.260514422268376583e-04 1.000126067333195978e+00
1.466000000000000192e+00 0.000000000000000000e+00 7.117704489830753792e-05 7.117704489830753792e-05 1.000071182111430756e+00
1.467999999999999972e+00 0.000000000000000000e+00 3.741840159775072073e-05 3.741840159775072073e-05 1.000037419801786953e+00
1.470000000000000195e+00 0.000000000000000000e+00 1.805403921092617632e-05 1.805403921092617632e-05 1.000018054365165110e+00
1.471999999999999975e+00 0.000000000000000000e+00 7.849175678309719534e-06 7.849175678309719534e-06 1.000007849237288360e+00
1.474000000000000199e+00 0.000000000000000000e+00 3.001887877299135162e-06 3.001887877299135162e-06 1.000003001896888621e+00
1.475999999999999979e+00 0.000000000000000000e+00 9.780609982579803797e-07 9.780609982579803797e-07 1.000000978061954982e+00
1.478000000000000203e+00 0.000000000000000000e+00 2.598705535638095394e-07 2.598705535638095394e-07 1.000000259870621022e+00
1.479999999999999982e+00 0.000000000000000000e+00 5.296560012291699836e-08 5.296560012291699836e-08 1.000000052965603015e+00
1.482000000000000206e+00 0.000000000000000000e+00 7.580394491209448137e-09 7.580394491209448137e-09 1.000000007580394534e+00
1.483999999999999986e+00 0.000000000000000000e+00 6.672274167944737753e-10 6.672274167944737753e-10 1.000000000667227384e+00
1.486000000000000210e+00 0.000000000000000000e+00 2.932662666953305581e-11 2.932662666953305581e-11 1.000000000029326763e+00
1.487999999999999989e+00 0.000000000000000000e+00 4.548411990517782813e-13 4.548411990517782813e-13 1.000000000000454969e+00
1.490000000000000213e+00 0.000000000000000000e+00 1.332394678966494087e-15 1.332394678966494087e-15 1.000000000000001332e+00
1.491999999999999993e+00 0.000000000000000000e+00 2.112094238346033893e-19 2.112094238346033893e-19 1.000000000000000000e+00
1.494000000000000217e+00 0.000000000000000000e+00 9.804123322074660713e-26 9.804123322074660713e-26 1.000000000000000000e+00
1.495999999999999996e+00 0.000000000000000000e+00 2.111750451427988895e-38 2.111750451427988895e-38 1.000000000000000000e+00
1.498000000000000220e+00 0.000000000000000000e+00 2.108779646826128906e-76 2.108779646826128906e-76 1.000000000000000000e+00
1.500000000000000000e+00 0.000000000000000000e+00 0.000000000000000000e+00 0.000000000000000000e+00 1.000000000000000000e+00
1.502000000000000224e+00 0.000000000000000000e+00 0.000000000000000000e+00 0.000000000000000000e+00 1.000000000000000000e+00
1.504000000000000004e+00 0.000000000000000000e+00 0.000000000000000000e+00 0.000000000000000000e+00 1.000000000000000000e+00
1.506000000000000227e+00 0.000000000000000000e+00 0.000000000000000000e+00 0.000000000000000000e+00 1.000000000000000000e+00
1.508000000000000007e+00 0.000000000000000000e+00 0.000000000000000000e+00 0.000000000000000000e+00 1.000000000000000000e+00
1.510000000000000231e+00 0.000000000000000000e+00 0.000000000000000000e+00 0.000000000000000000e+00 1.000000000000000000e+00
1.512000000000000011e+00 0.000000000000000000e+00 0.000000000000000000e+00 0.000000000000000000e+00 1.000000000000000000e+00
1.514000000000000234e+00 0.000000000000000000e+00 0.000000000000000000e+00 0.000000000000000000e+00 1.000000000000000000e+00
1.516000000000000014e+00 0.000000000000000000e+00 0.000000000000000000e+00 0.000000000000000000e+00 1.000000000000000000e+00
1.518000000000000238e+00 0.000000000000000000e+00 0.000000000000000000e+00 0.000000000000000000e+00 1.000000000000000000e+00
1.520000000000000018e+00 0.000000000000000000e+00 0.000000000000000000e+00 0.000000000000000000e+00 1.000000000000000000e+00
1.522000000000000242e+00 0.000000000000000000e+00 0.000000000000000000e+00 0.000000000000000000e+00 1.000000000000000000e+00
1.524000000000000021e+00 0.000000000000000000e+00 0.000000000000000000e+00 0.000000000000000000e+00 1.000000000000000000e+00
1.526000000000000245e+00 0.000000000000000000e+00 0.000000000000000000e+00 0.000000000000000000e+00 1.000000000000000000e+00
1.528000000000000025e+00 0.000000000000000000e+00 0.000000000000000000e+00 0.000000000000000000e+00 1.000000000000000000e+00
1.530000000000000249e+00 0.000000000000000000e+00 0.000000000000000000e+00 0.000000000000000000e+00 1.000000000000000000e+00
1.532000000000000028e+00 0.000000000000000000e+00 0.000000000000000000e+00 0.000000000000000000e+00 1.000000000000000000e+00
1.534000000000000252e+00 0.000000000000000000e+00 0.000000000000000000e+00 0.000000000000000000e+00 1.000000000000000000e+00
1.536000000000000032e+00 0.000000000000000000e+00 0.000000000000000000e+00 0.000000000000000000e+00 1.000000000000000000e+00
1.538000000000000256e+00 0.000000000000000000e+00 0.000000000000000000e+00 0.000000000000000000e+00 1.000000000000000000e+00
1.540000000000000036e+00 0.000000000000000000e+00 0.000000000000000000e+00 0.000000000000000000e+00 1.000000000000000000e+00
1.542000000000000259e+00 0.000000000000000000e+00 0.000000000000000000e+00 0.000000000000000000e+00 1.000000000000000000e+00
1.544000000000000039e+00 0.000000000000000000e+00 0.000000000000000000e+00 0.000000000000000000e+00 1.000000000000000000e+00
1.546000000000000263e+00 0.000000000000000000e+00 0.000000000000000000e+00 0.000000000000000000e+00 1.000000000000000000e+00
1.548000000000000043e+00 0.000000000000000000e+00 0.000000000000000000e+00 0.000000000000000000e+00 1.000000000000000000e+00
1.550000000000000266e+00 0.000000000000000000e+00 0.000000000000000000e+00 0.000000000000000000e+00 1.000000000000000000e+00
1.552000000000000046e+00 0.000000000000000000e+00 0.000000000000000000e+00 0.000000000000000000e+00 1.000000000000000000e+00
1.554000000000000270e+00 0.000000000000000000e+00 0.000000000000000000e+00 0.000000000000000000e+00 1.000000000000000000e+00
1.556000000000000050e+00 0.000000000000000000e+00 0.000000000000000000e+00 0.000000000000000000e+00 1.000000000000000000e+00
1.558000000000000274e+00 0.000000000000000000e+00 0.000000000000000000e+00 0.000000000000000000e+00 1.000000000000000000e+00
1.560000000000000053e+00 0.000000000000000000e+00 0.000000000000000000e+00 0.000000000000000000e+00 1.000000000000000000e+00
1.562000000000000277e+00 0.000000000000000000e+00 0.000000000000000000e+00 0.000000000000000000e+00 1.000000000000000000e+00
1.564000000000000057e+00 0.000000000000000000e+00 0.000000000000000000e+00 0.000000000000000000e+00 1.000000000000000000e+00
1.566000000000000281e+00 0.000000000000000000e+00 0.000000000000000000e+00 0.000000000000000000e+00 1.000000000000000000e+00
1.568000000000000060e+00 0.000000000000000000e+00 0.000000000000000000e+00 0.000000000000000000e+00 1.000000000000000000e+00
1.570000000000000284e+00 0.000000000000000000e+00 0.000000000000000000e+00 0.000000000000000000e+00 1.000000000000000000e+00
1.572000000000000064e+00 0.000000000000000000e+00 0.000000000000000000e+00 0.000000000000000000e+00 1.000000000000000000e+00
1.573999999999999844e+00 0.000000000000000000e+00 0.000000000000000000e+00 0.000000000000000000e+00 1.000000000000000000e+00
1.576000000000000068e+00 0.000000000000000000e+00 0.000000000000000000e+00 0.000000000000000000e+00 1.000000000000000000e+00
1.577999999999999847e+00 0.000000000000000000e+00 0.000000000000000000e+00 0.000000000000000000e+00 1.000000000000000000e+00
1.580000000000000071e+00 0.000000000000000000e+00 0.000000000000000000e+00 0.000000000000000000e+00 1.000000000000000000e+00
1.581999999999999851e+00 0.000000000000000000e+00 0.000000000000000000e+00 0.000000000000000000e+00 1.000000000000000000e+00
1.584000000000000075e+00 0.000000000000000000e+00 0.000000000000000000e+00 0.000000000000000000e+00 1.000000000000000000e+00
1.585999999999999854e+00 0.000000000000000000e+00 0.000000000000000000e+00 0.000000000000000000e+00 1.000000000000000000e+00
1.588000000000000078e+00 0.000000000000000000e+00 0.000000000000000000e+00 0.000000000000000000e+00 1.000000000000000000e+00
1.589999999999999858e+00 0.000000000000000000e+00 0.000000000000000000e+00 0.000000000000000000e+00 1.000000000000000000e+00
1.592000000000000082e+00 0.000000000000000000e+00 0.000000000000000000e+00 0.000000000000000000e+00 1.000000000000000000e+00
1.593999999999999861e+00 0.000000000000000000e+00 0.000000000000000000e+00 0.000000000000000000e+00 1.000000000000000000e+00
1.596000000000000085e+00 0.000000000000000000e+00 0.000000000000000000e+00 0.000000000000000000e+00 1.000000000000000000e+00
1.597999999999999865e+00 0.000000000000000000e+00 0.000000000000000000e+00 0.000000000000000000e+00 1.000000000000000000e+00
1.600000000000000089e+00 0.000000000000000000e+00 0.000000000000000000e+00 0.000000000000000000e+00 1.000000000000000000e+00
1.601999999999999869e+00 0.000000000000000000e+00 0.000000000000000000e+00 0.000000000000000000e+00 1.000000000000000000e+00
1.604000000000000092e+00 0.000000000000000000e+00 0.000000000000000000e+00 0.000000000000000000e+00 1.000000000000000000e+00
1.605999999999999872e+00 0.000000000000000000e+00 0.000000000000000000e+00 0.000000000000000000e+00 1.000000000000000000e+00
1.608000000000000096e+00 0.000000000000000000e+00 0.000000000000000000e+00 0.000000000000000000e+00 1.000000000000000000e+00
1.609999999999999876e+00 0.000000000000000000e+00 0.000000000000000000e+00 0.000000000000000000e+00 1.000000000000000000e+00
1.612000000000000099e+00 0.000000000000000000e+00 0.000000000000000000e+00 0.000000000000000000e+00 1.000000000000000000e+00
1.613999999999999879e+00 0.000000000000000000e+00 0.000000000000000000e+00 0.000000000000000000e+00 1.000000000000000000e+00
1.616000000000000103e+00 0.000000000000000000e+00 0.000000000000000000e+00 0.000000000000000000e+00 1.000000000000000000e+00
1.617999999999999883e+00 0.000000000000000000e+00 0.000000000000000000e+00 0.000000000000000000e+00 1.000000000000000000e+00
1.620000000000000107e+00 0.000000000000000000e+00 0.000000000000000000e+00 0.000000000000000000e+00 1.000000000000000000e+00
1.621999999999999886e+00 0.000000000000000000e+00 0.000000000000000000e+00 0.000000000000000000e+00 1.000000000000000000e+00
1.624000000000000110e+00 0.000000000000000000e+00 0.000000000000000000e+00 0.000000000000000000e+00 1.000000000000000000e+00
1.625999999999999890e+00 0.000000000000000000e+00 0.000000000000000000e+00 0.000000000000000000e+00 1.000000000000000000e+00
1.628000000000000114e+00 0.000000000000000000e+00 0.000000000000000000e+00 0.000000000000000000e+00 1.000000000000000000e+00
1.629999999999999893e+00 0.000000000000000000e+00 0.000000000000000000e+00 0.000000000000000000e+00 1.000000000000000000e+00
1.632000000000000117e+00 0.000000000000000000e+00 0.000000000000000000e+00 0.000000000000000000e+00 1.000000000000000000e+00
1.633999999999999897e+00 0.000000000000000000e+00 0.000000000000000000e+00 0.000000000000000000e+00 1.000000000000000000e+00
1.636000000000000121e+00 0.000000000000000000e+00 0.000000000000000000e+00 0.000000000000000000e+00 1.000000000000000000e+00
1.637999999999999901e+00 0.000000000000000000e+00 0.000000000000000000e+00 0.000000000000000000e+00 1.000000000000000000e+00
1.640000000000000124e+00 0.000000000000000000e+00 0.000000000000000000e+00 0.000000000000000000e+00 1.000000000000000000e+00
1.641999999999999904e+00 0.000000000000000000e+00 0.000000000000000000e+00 0.000000000000000000e+00 1.000000000000000000e+00
1.644000000000000128e+00 0.000000000000000000e+00 0.000000000000000000e+00 0.000000000000000000e+00 1.000000000000000000e+00
1.645999999999999908e+00 0.000000000000000000e+00 0.000000000000000000e+00 0.000000000000000000e+00 1.000000000000000000e+00
1.648000000000000131e+00 0.000000000000000000e+00 0.000000000000000000e+00 0.000000000000000000e+00 1.000000000000000000e+00
1.649999999999999911e+00 0.000000000000000000e+00 0.000000000000000000e+00 0.000000000000000000e+00 1.000000000000000000e+00
1.652000000000000135e+00 0.000000000000000000e+00 0.000000000000000000e+00 0.000000000000000000e+00 1.000000000000000000e+00
1.653999999999999915e+00 0.000000000000000000e+00 0.000000000000000000e+00 0.000000000000000000e+00 1.000000000000000000e+00
1.656000000000000139e+00 0.000000000000000000e+00 0.000000000000000000e+00 0.000000000000000000e+00 1.000000000000000000e+00
1.657999999999999918e+00 0.000000000000000000e+00 0.000000000000000000e+00 0.000000000000000000e+00 1.000000000000000000e+00
1.660000000000000142e+00 0.000000000000000000e+00 0.000000000000000000e+00 0.000000000000000000e+00 1.000000000000000000e+00
1.661999999999999922e+00 0.000000000000000000e+00 0.000000000000000000e+00 0.000000000000000000e+00 1.000000000000000000e+00
1.664000000000000146e+00 0.000000000000000000e+00 0.000000000000000000e+00 0.000000000000000000e+00 1.000000000000000000e+00
1.665999999999999925e+00 0.000000000000000000e+00 0.000000000000000000e+00 0.000000000000000000e+00 1.000000000000000000e+00
1.668000000000000149e+00 0.000000000000000000e+00 0.000000000000000000e+00 0.000000000000000000e+00 1.000000000000000000e+00
1.669999999999999929e+00 0.000000000000000000e+00 0.000000000000000000e+00 0.000000000000000000e+00 1.000000000000000000e+00
1.672000000000000153e+00 0.000000000000000000e+00 0.000000000000000000e+00 0.000000000000000000e+00 1.000000000000000000e+00
1.673999999999999932e+00 0.000000000000000000e+00 0.000000000000000000e+00 0.000000000000000000e+00 1.000000000000000000e+00
1.676000000000000156e+00 0.000000000000000000e+00 0.000000000000000000e+00 0.000000000000000000e+00 1.000000000000000000e+00
1.677999999999999936e+00 0.000000000000000000e+00 0.000000000000000000e+00 0.000000000000000000e+00 1.000000000000000000e+00
1.680000000000000160e+00 0.000000000000000000e+00 0.000000000000000000e+00 0.000000000000000000e+00 1.000000000000000000e+00
1.681999999999999940e+00 0.000000000000000000e+00 0.000000000000000000e+00 0.000000000000000000e+00 1.000000000000000000e+00
1.684000000000000163e+00 0.000000000000000000e+00 0.000000000000000000e+00 0.000000000000000000e+00 1.000000000000000000e+00
1.685999999999999943e+00 0.000000000000000000e+00 0.000000000000000000e+00 0.000000000000000000e+00 1.000000000000000000e+00
1.688000000000000167e+00 0.000000000000000000e+00 0.000000000000000000e+00 0.000000000000000000e+00 1.000000000000000000e+00
1.689999999999999947e+00 0.000000000000000000e+00 0.000000000000000000e+00 0.000000000000000000e+00 1.000000000000000000e+00
1.692000000000000171e+00 0.000000000000000000e+00 0.000000000000000000e+00 0.000000000000000000e+00 1.000000000000000000e+00
1.693999999999999950e+00 0.000000000000000000e+00 0.000000000000000000e+00 0.000000000000000000e+00 1.000000000000000000e+00
1.696000000000000174e+00 0.000000000000000000e+00 0.000000000000000000e+00 0.000000000000000000e+00 1.000000000000000000e+00
1.697999999999999954e+00 0.000000000000000000e+00 0.000000000000000000e+00 0.000000000000000000e+00 1.000000000000000000e+00
1.700000000000000178e+00 0.000000000000000000e+00 0.000000000000000000e+00 0.000000000000000000e+00 1.000000000000000000e+00
1.701999999999999957e+00 0.000000000000000000e+00 0.000000000000000000e+00 0.000000000000000000e+00 1.000000000000000000e+00
1.704000000000000181e+00 0.000000000000000000e+00 0.000000000000000000e+00 0.000000000000000000e+00 1.000000000000000000e+00
1.705999999999999961e+00 0.000000000000000000e+00 0.000000000000000000e+00 0.000000000000000000e+00 1.000000000000000000e+00
1.708000000000000185e+00 0.000000000000000000e+00 0.000000000000000000e+00 0.000000000000000000e+00 1.000000000000000000e+00
1.709999999999999964e+00 0.000000000000000000e+00 0.000000000000000000e+00 0.000000000000000000e+00 1.000000000000000000e+00
1.712000000000000188e+00 0.000000000000000000e+00 0.000000000000000000e+00 0.000000000000000000e+00 1.000000000000000000e+00
1.713999999999999968e+00 0.000000000000000000e+00 0.000000000000000000e+00 0.000000000000000000e+00 1.000000000000000000e+00
1.716000000000000192e+00 0.000000000000000000e+00 0.000000000000000000e+00 0.000000000000000000e+00 1.000000000000000000e+00
1.717999999999999972e+00 0.000000000000000000e+00 0.000000000000000000e+00 0.000000000000000000e+00 1.000000000000000000e+00
1.720000000000000195e+00 0.000000000000000000e+00 0.000000000000000000e+00 0.000000000000000000e+00 1.000000000000000000e+00
1.721999999999999975e+00 0.000000000000000000e+00 0.000000000000000000e+00 0.000000000000000000e+00 1.000000000000000000e+00
1.724000000000000199e+00 0.000000000000000000e+00 0.000000000000000000e+00 0.000000000000000000e+00 1.000000000000000000e+00
1.725999999999999979e+00 0.000000000000000000e+00 0.000000000000000000e+00 0.000000000000000000e+00 1.000000000000000000e+00
1.728000000000000203e+00 0.000000000000000000e+00 0.000000000000000000e+00 0.000000000000000000e+00 1.000000000000000000e+00
1.729999999999999982e+00 0.000000000000000000e+00 0.000000000000000000e+00 0.000000000000000000e+00 1.000000000000000000e+00
1.732000000000000206e+00 0.000000000000000000e+00 0.000000000000000000e+00 0.000000000000000000e+00 1.000000000000000000e+00
1.733999999999999986e+00 0.000000000000000000e+00 0.000000000000000000e+00 0.000000000000000000e+00 1.000000000000000000e+00
1.736000000000000210e+00 0.000000000000000000e+00 0.000000000000000000e+00 0.000000000000000000e+00 1.000000000000000000e+00
1.737999999999999989e+00 0.000000000000000000e+00 0.000000000000000000e+00 0.000000000000000000e+00 1.000000000000000000e+00
1.740000000000000213e+00 0.000000000000000000e+00 0.000000000000000000e+00 0.000000000000000000e+00 1.000000000000000000e+00
1.741999999999999993e+00 0.000000000000000000e+00 0.000000000000000000e+00 0.000000000000000000e+00 1.000000000000000000e+00
1.744000000000000217e+00 0.000000000000000000e+00 0.000000000000000000e+00 0.000000000000000000e+00 1.000000000000000000e+00
1.745999999999999996e+00 0.000000000000000000e+00 0.000000000000000000e+00 0.000000000000000000e+00 1.000000000000000000e+00
1.748000000000000220e+00 0.000000000000000000e+00 0.000000000000000000e+00 0.000000000000000000e+00 1.000000000000000000e+00
1.750000000000000000e+00 0.000000000000000000e+00 0.000000000000000000e+00 0.000000000000000000e+00 1.000000000000000000e+00
1.752000000000000224e+00 0.000000000000000000e+00 0.000000000000000000e+00 0.000000000000000000e+00 1.000000000000000000e+00
1.754000000000000004e+00 0.000000000000000000e+00 0.000000000000000000e+00 0.000000000000000000e+00 1.000000000000000000e+00
1.756000000000000227e+00 0.000000000000000000e+00 0.000000000000000000e+00 0.000000000000000000e+00 1.000000000000000000e+00
1.758000000000000007e+00 0.000000000000000000e+00 0.000000000000000000e+00 0.000000000000000000e+00 1.000000000000000000e+00
1.760000000000000231e+00 0.000000000000000000e+00 0.000000000000000000e+00 0.000000000000000000e+00 1.000000000000000000e+00
1.762000000000000011e+00 0.000000000000000000e+00 0.000000000000000000e+00 0.000000000000000000e+00 1.000000000000000000e+00
1.764000000000000234e+00 0.000000000000000000e+00 0.000000000000000000e+00 0.000000000000000000e+00 1.000000000000000000e+00
1.766000000000000014e+00 0.000000000000000000e+00 0.000000000000000000e+00 0.000000000000000000e+00 1.000000000000000000e+00
1.768000000000000238e+00 0.000000000000000000e+00 0.000000000000000000e+00 0.000000000000000000e+00 1.000000000000000000e+00
1.770000000000000018e+00 0.000000000000000000e+00 0.000000000000000000e+00 0.000000000000000000e+00 1.000000000000000000e+00
1.772000000000000242e+00 0.000000000000000000e+00 0.000000000000000000e+00 0.000000000000000000e+00 1.000000000000000000e+00
1.774000000000000021e+00 0.000000000000000000e+00 0.000000000000000000e+00 0.000000000000000000e+00 1.000000000000000000e+00
1.776000000000000245e+00 0.000000000000000000e+00 0.000000000000000000e+00 0.000000000000000000e+00 1.000000000000000000e+00
1.778000000000000025e+00 0.000000000000000000e+00 0.000000000000000000e+00 0.000000000000000000e+00 1.000000000000000000e+00
1.780000000000000249e+00 0.000000000000000000e+00 0.000000000000000000e+00 0.000000000000000000e+00 1.000000000000000000e+00
1.782000000000000028e+00 0.000000000000000000e+00 0.000000000000000000e+00 0.000000000000000000e+00 1.000000000000000000e+00
1.784000000000000252e+00 0.000000000000000000e+00 0.000000000000000000e+00 0.000000000000000000e+00 1.000000000000000000e+00
1.786000000000000032e+00 0.000000000000000000e+00 0.000000000000000000e+00 0.000000000000000000e+00 1.000000000000000000e+00
1.788000000000000256e+00 0.000000000000000000e+00 0.000000000000000000e+00 0.000000000000000000e+00 1.000000000000000000e+00
1.790000000000000036e+00 0.000000000000000000e+00 0.000000000000000000e+00 0.000000000000000000e+00 1.000000000000000000e+00
1.792000000000000259e+00 0.000000000000000000e+00 0.000000000000000000e+00 0.000000000000000000e+00 1.000000000000000000e+00
1.794000000000000039e+00 0.000000000000000000e+00 0.000000000000000000e+00 0.000000000000000000e+00 1.000000000000000000e+00
1.796000000000000263e+00 0.000000000000000000e+00 0.000000000000000000e+00 0.000000000000000000e+00 1.000000000000000000e+00
1.798000000000000043e+00 0.000000000000000000e+00 0.000000000000000000e+00 0.000000000000000000e+00 1.000000000000000000e+00
1.800000000000000266e+00 0.000000000000000000e+00 0.000000000000000000e+00 0.000000000000000000e+00 1.000000000000000000e+00
1.802000000000000046e+00 0.000000000000000000e+00 0.000000000000000000e+00 0.000000000000000000e+00 1.000000000000000000e+00
1.804000000000000270e+00 0.000000000000000000e+00 0.000000000000000000e+00 0.000000000000000000e+00 1.000000000000000000e+00
1.806000000000000050e+00 0.000000000000000000e+00 0.000000000000000000e+00 0.000000000000000000e+00 1.000000000000000000e+00
1.808000000000000274e+00 0.000000000000000000e+00 0.000000000000000000e+00 0.000000000000000000e+00 1.000000000000000000e+00
1.810000000000000053e+00 0.000000000000000000e+00 0.000000000000000000e+00 0.000000000000000000e+00 1.000000000000000000e+00
1.812000000000000277e+00 0.000000000000000000e+00 0.000000000000000000e+00 0.000000000000000000e+00 1.000000000000000000e+00
1.814000000000000057e+00 0.000000000000000000e+00 0.000000000000000000e+00 0.000000000000000000e+00 1.000000000000000000e+00
1.816000000000000281e+00 0.000000000000000000e+00 0.000000000000000000e+00 0.000000000000000000e+00 1.000000000000000000e+00
1.818000000000000060e+00 0.000000000000000000e+00 0.000000000000000000e+00 0.000000000000000000e+00 1.000000000000000000e+00
1.820000000000000284e+00 0.000000000000000000e+00 0.000000000000000000e+00 0.000000000000000000e+00 1.000000000000000000e+00
1.822000000000000064e+00 0.000000000000000000e+00 0.000000000000000000e+00 0.000000000000000000e+00 1.000000000000000000e+00
1.824000000000000288e+00 0.000000000000000000e+00 0.000000000000000000e+00 0.000000000000000000e+00 1.000000000000000000e+00
1.826000000000000068e+00 0.000000000000000000e+00 0.000000000000000000e+00 0.000000000000000000e+00 1.000000000000000000e+00
1.828000000000000291e+00 0.000000000000000000e+00 0.000000000000000000e+00 0.000000000000000000e+00 1.000000000000000000e+00
1.830000000000000071e+00 0.000000000000000000e+00 0.000000000000000000e+00 0.000000000000000000e+00 1.000000000000000000e+00
1.831999999999999851e+00 0.000000000000000000e+00 0.000000000000000000e+00 0.000000000000000000e+00 1.000000000000000000e+00
1.834000000000000075e+00 0.000000000000000000e+00 0.000000000000000000e+00 0.000000000000000000e+00 1.000000000000000000e+00
1.835999999999999854e+00 0.000000000000000000e+00 0.000000000000000000e+00 0.000000000000000000e+00 1.000000000000000000e+00
1.838000000000000078e+00 0.000000000000000000e+00 0.000000000000000000e+00 0.000000000000000000e+00 1.000000000000000000e+00
1.839999999999999858e+00 0.000000000000000000e+00 0.000000000000000000e+00 0.000000000000000000e+00 1.000000000000000000e+00
1.842000000000000082e+00 0.000000000000000000e+00 0.000000000000000000e+00 0.000000000000000000e+00 1.000000000000000000e+00
1.843999999999999861e+00 0.000000000000000000e+00 0.000000000000000000e+00 0.000000000000000000e+00 1.000000000000000000e+00
1.846000000000000085e+00 0.000000000000000000e+00 0.000000000000000000e+00 0.000000000000000000e+00 1.000000000000000000e+00
1.847999999999999865e+00 0.000000000000000000e+00 0.000000000000000000e+00 0.000000000000000000e+00 1.000000000000000000e+00
1.850000000000000089e+00 0.000000000000000000e+00 0.000000000000000000e+00 0.000000000000000000e+00 1.000000000000000000e+00
1.851999999999999869e+00 0.000000000000000000e+00 0.000000000000000000e+00 0.000000000000000000e+00 1.000000000000000000e+00
1.854000000000000092e+00 0.000000000000000000e+00 0.000000000000000000e+00 0.000000000000000000e+00 1.000000000000000000e+00
1.855999999999999872e+00 0.000000000000000000e+00 0.000000000000000000e+00 0.000000000000000000e+00 1.000000000000000000e+00
1.858000000000000096e+00 0.000000000000000000e+00 0.000000000000000000e+00 0.000000000000000000e+00 1.000000000000000000e+00
1.859999999999999876e+00 0.000000000000000000e+00 0.000000000000000000e+00 0.000000000000000000e+00 1.000000000000000000e+00
1.862000000000000099e+00 0.000000000000000000e+00 0.000000000000000000e+00 0.000000000000000000e+00 1.000000000000000000e+00
1.863999999999999879e+00 0.000000000000000000e+00 0.000000000000000000e+00 0.000000000000000000e+00 1.000000000000000000e+00
1.866000000000000103e+00 0.000000000000000000e+00 0.000000000000000000e+00 0.000000000000000000e+00 1.000000000000000000e+00
1.867999999999999883e+00 0.000000000000000000e+00 0.000000000000000000e+00 0.000000000000000000e+00 1.000000000000000000e+00
1.870000000000000107e+00 0.000000000000000000e+00 0.000000000000000000e+00 0.000000000000000000e+00 1.000000000000000000e+00
1.871999999999999886e+00 0.000000000000000000e+00 0.000000000000000000e+00 0.000000000000000000e+00 1.000000000000000000e+00
1.874000000000000110e+00 0.000000000000000000e+00 0.000000000000000000e+00 0.000000000000000000e+00 1.000000000000000000e+00
1.875999999999999890e+00 0.000000000000000000e+00 0.000000000000000000e+00 0.000000000000000000e+00 1.000000000000000000e+00
1.878000000000000114e+00 0.000000000000000000e+00 0.000000000000000000e+00 0.000000000000000000e+00 1.000000000000000000e+00
1.879999999999999893e+00 0.000000000000000000e+00 0.000000000000000000e+00 0.000000000000000000e+00 1.000000000000000000e+00
1.882000000000000117e+00 0.000000000000000000e+00 0.000000000000000000e+00 0.000000000000000000e+00 1.000000000000000000e+00
1.883999999999999897e+00 0.000000000000000000e+00 0.000000000000000000e+00 0.000000000000000000e+00 1.000000000000000000e+00
1.886000000000000121e+00 0.000000000000000000e+00 0.000000000000000000e+00 0.000000000000000000e+00 1.000000000000000000e+00
1.887999999999999901e+00 0.000000000000000000e+00 0.000000000000000000e+00 0.000000000000000000e+00 1.000000000000000000e+00
1.890000000000000124e+00 0.000000000000000000e+00 0.000000000000000000e+00 0.000000000000000000e+00 1.000000000000000000e+00
1.891999999999999904e+00 0.000000000000000000e+00 0.000000000000000000e+00 0.000000000000000000e+00 1.000000000000000000e+00
1.894000000000000128e+00 0.000000000000000000e+00 0.000000000000000000e+00 0.000000000000000000e+00 1.000000000000000000e+00
1.895999999999999908e+00 0.000000000000000000e+00 0.000000000000000000e+00 0.000000000000000000e+00 1.000000000000000000e+00
1.898000000000000131e+00 0.000000000000000000e+00 0.000000000000000000e+00 0.000000000000000000e+00 1.000000000000000000e+00
1.899999999999999911e+00 0.000000000000000000e+00 0.000000000000000000e+00 0.000000000000000000e+00 1.000000000000000000e+00
1.902000000000000135e+00 0.000000000000000000e+00 0.000000000000000000e+00 0.000000000000000000e+00 1.000000000000000000e+00
1.903999999999999915e+00 0.000000000000000000e+00 0.000000000000000000e+00 0.000000000000000000e+00 1.000000000000000000e+00
1.906000000000000139e+00 0.000000000000000000e+00 0.000000000000000000e+00 0.000000000000000000e+00 1.000000000000000000e+00
1.907999999999999918e+00 0.000000000000000000e+00 0.000000000000000000e+00 0.000000000000000000e+00 1.000000000000000000e+00
1.910000000000000142e+00 0.000000000000000000e+00 0.000000000000000000e+00 0.000000000000000000e+00 1.000000000000000000e+00
1.911999999999999922e+00 0.000000000000000000e+00 0.000000000000000000e+00 0.000000000000000000e+00 1.000000000000000000e+00
1.914000000000000146e+00 0.000000000000000000e+00 0.000000000000000000e+00 0.000000000000000000e+00 1.000000000000000000e+00
1.915999999999999925e+00 0.000000000000000000e+00 0.000000000000000000e+00 0.000000000000000000e+00 1.000000000000000000e+00
1.918000000000000149e+00 0.000000000000000000e+00 0.000000000000000000e+00 0.000000000000000000e+00 1.000000000000000000e+00
1.919999999999999929e+00 0.000000000000000000e+00 0.000000000000000000e+00 0.000000000000000000e+00 1.000000000000000000e+00
1.922000000000000153e+00 0.000000000000000000e+00 0.000000000000000000e+00 0.000000000000000000e+00 1.000000000000000000e+00
1.923999999999999932e+00 0.000000000000000000e+00 0.000000000000000000e+00 0.000000000000000000e+00 1.000000000000000000e+00
1.926000000000000156e+00 0.000000000000000000e+00 0.000000000000000000e+00 0.000000000000000000e+00 1.000000000000000000e+00
1.927999999999999936e+00 0.000000000000000000e+00 0.000000000000000000e+00 0.000000000000000000e+00 1.000000000000000000e+00
1.930000000000000160e+00 0.000000000000000000e+00 0.000000000000000000e+00 0.000000000000000000e+00 1.000000000000000000e+00
1.931999999999999940e+00 0.000000000000000000e+00 0.000000000000000000e+00 0.000000000000000000e+00 1.000000000000000000e+00
1.934000000000000163e+00 0.000000000000000000e+00 0.000000000000000000e+00 0.000000000000000000e+00 1.000000000000000000e+00
1.935999999999999943e+00 0.000000000000000000e+00 0.000000000000000000e+00 0.000000000000000000e+00 1.000000000000000000e+00
1.938000000000000167e+00 0.000000000000000000e+00 0.000000000000000000e+00 0.000000000000000000e+00 1.000000000000000000e+00
1.939999999999999947e+00 0.000000000000000000e+00 0.000000000000000000e+00 0.000000000000000000e+00 1.000000000000000000e+00
1.942000000000000171e+00 0.000000000000000000e+00 0.000000000000000000e+00 0.000000000000000000e+00 1.000000000000000000e+00
1.943999999999999950e+00 0.000000000000000000e+00 0.000000000000000000e+00 0.000000000000000000e+00 1.000000000000000000e+00
1.946000000000000174e+00 0.000000000000000000e+00 0.000000000000000000e+00 0.000000000000000000e+00 1.000000000000000000e+00
1.947999999999999954e+00 0.000000000000000000e+00 0.000000000000000000e+00 0.000000000000000000e+00 1.000000000000000000e+00
1.950000000000000178e+00 0.000000000000000000e+00 0.000000000000000000e+00 0.000000000000000000e+00 1.000000000000000000e+00
1.951999999999999957e+00 0.000000000000000000e+00 0.000000000000000000e+00 0.000000000000000000e+00 1.000000000000000000e+00
1.954000000000000181e+00 0.000000000000000000e+00 0.000000000000000000e+00 0.000000000000000000e+00 1.000000000000000000e+00
1.955999999999999961e+00 0.000000000000000000e+00 0.000000000000000000e+00 0.000000000000000000e+00 1.000000000000000000e+00
1.958000000000000185e+00 0.000000000000000000e+00 0.000000000000000000e+00 0.000000000000000000e+00 1.000000000000000000e+00
1.959999999999999964e+00 0.000000000000000000e+00 0.000000000000000000e+00 0.000000000000000000e+00 1.000000000000000000e+00
1.962000000000000188e+00 0.000000000000000000e+00 0.000000000000000000e+00 0.000000000000000000e+00 1.000000000000000000e+00
1.963999999999999968e+00 0.000000000000000000e+00 0.000000000000000000e+00 0.000000000000000000e+00 1.000000000000000000e+00
1.966000000000000192e+00 0.000000000000000000e+00 0.000000000000000000e+00 0.000000000000000000e+00 1.000000000000000000e+00
1.967999999999999972e+00 0.000000000000000000e+00 0.000000000000000000e+00 0.000000000000000000e+00 1.000000000000000000e+00
1.970000000000000195e+00 0.000000000000000000e+00 0.000000000000000000e+00 0.000000000000000000e+00 1.000000000000000000e+00
1.971999999999999975e+00 0.000000000000000000e+00 0.000000000000000000e+00 0.000000000000000000e+00 1.000000000000000000e+00
1.974000000000000199e+00 0.000000000000000000e+00 0.000000000000000000e+00 0.000000000000000000e+00 1.000000000000000000e+00
1.975999999999999979e+00 0.000000000000000000e+00 0.000000000000000000e+00 0.000000000000000000e+00 1.000000000000000000e+00
1.978000000000000203e+00 0.000000000000000000e+00 0.000000000000000000e+00 0.000000000000000000e+00 1.000000000000000000e+00
1.979999999999999982e+00 0.000000000000000000e+00 0.000000000000000000e+00 0.000000000000000000e+00 1.000000000000000000e+00
1.982000000000000206e+00 0.000000000000000000e+00 0.000000000000000000e+00 0.000000000000000000e+00 1.000000000000000000e+00
1.983999999999999986e+00 0.000000000000000000e+00 0.000000000000000000e+00 0.000000000000000000e+00 1.000000000000000000e+00
1.986000000000000210e+00 0.000000000000000000e+00 0.000000000000000000e+00 0.000000000000000000e+00 1.000000000000000000e+00
1.987999999999999989e+00 0.000000000000000000e+00 0.000000000000000000e+00 0.000000000000000000e+00 1.000000000000000000e+00
1.990000000000000213e+00 0.000000000000000000e+00 0.000000000000000000e+00 0.000000000000000000e+00 1.000000000000000000e+00
1.991999999999999993e+00 0.000000000000000000e+00 0.000000000000000000e+00 0.000000000000000000e+00 1.000000000000000000e+00
1.994000000000000217e+00 0.000000000000000000e+00 0.000000000000000000e+00 0.000000000000000000e+00 1.000000000000000000e+00
1.995999999999999996e+00 0.000000000000000000e+00 0.000000000000000000e+00 0.000000000000000000e+00 1.000000000000000000e+00
1.998000000000000220e+00 0.000000000000000000e+00 0.000000000000000000e+00 0.000000000000000000e+00 1.000000000000000000e+00
2.000000000000000000e+00 0.000000000000000000e+00 0.000000000000000000e+00 0.000000000000000000e+00 1.000000000000000000e+00
2.002000000000000224e+00 0.000000000000000000e+00 0.000000000000000000e+00 0.000000000000000000e+00 1.000000000000000000e+00
2.004000000000000004e+00 0.000000000000000000e+00 0.000000000000000000e+00 0.000000000000000000e+00 1.000000000000000000e+00
2.006000000000000227e+00 0.000000000000000000e+00 0.000000000000000000e+00 0.000000000000000000e+00 1.000000000000000000e+00
2.008000000000000007e+00 0.000000000000000000e+00 0.000000000000000000e+00 0.000000000000000000e+00 1.000000000000000000e+00
2.010000000000000231e+00 0.000000000000000000e+00 0.000000000000000000e+00 0.000000000000000000e+00 1.000000000000000000e+00
2.012000000000000011e+00 0.000000000000000000e+00 0.000000000000000000e+00 0.000000000000000000e+00 1.000000000000000000e+00
2.014000000000000234e+00 0.000000000000000000e+00 0.000000000000000000e+00 0.000000000000000000e+00 1.000000000000000000e+00
2.016000000000000014e+00 0.000000000000000000e+00 0.000000000000000000e+00 0.000000000000000000e+00 1.000000000000000000e+00
2.018000000000000238e+00 0.000000000000000000e+00 0.000000000000000000e+00 0.000000000000000000e+00 1.000000000000000000e+00
2.020000000000000018e+00 0.000000000000000000e+00 0.000000000000000000e+00 0.000000000000000000e+00 1.000000000000000000e+00
2.022000000000000242e+00 0.000000000000000000e+00 0.000000000000000000e+00 0.000000000000000000e+00 1.000000000000000000e+00
2.024000000000000021e+00 0.000000000000000000e+00 0.000000000000000000e+00 0.000000000000000000e+00 1.000000000000000000e+00
2.026000000000000245e+00 0.000000000000000000e+00 0.000000000000000000e+00 0.000000000000000000e+00 1.000000000000000000e+00
2.028000000000000025e+00 0.000000000000000000e+00 0.000000000000000000e+00 0.000000000000000000e+00 1.000000000000000000e+00
2.030000000000000249e+00 0.000000000000000000e+00 0.000000000000000000e+00 0.000000000000000000e+00 1.000000000000000000e+00
2.032000000000000028e+00 0.000000000000000000e+00 0.000000000000000000e+00 0.000000000000000000e+00 1.000000000000000000e+00
2.034000000000000252e+00 0.000000000000000000e+00 0.000000000000000000e+00 0.000000000000000000e+00 1.000000000000000000e+00
2.036000000000000032e+00 0.000000000000000000e+00 0.000000000000000000e+00 0.000000000000000000e+00 1.000000000000000000e+00
2.038000000000000256e+00 0.000000000000000000e+00 0.000000000000000000e+00 0.000000000000000000e+00 1.000000000000000000e+00
2.040000000000000036e+00 0.000000000000000000e+00 0.000000000000000000e+00 0.000000000000000000e+00 1.000000000000000000e+00
2.042000000000000259e+00 0.000000000000000000e+00 0.000000000000000000e+00 0.000000000000000000e+00 1.000000000000000000e+00
2.044000000000000039e+00 0.000000000000000000e+00 0.000000000000000000e+00 0.000000000000000000e+00 1.000000000000000000e+00
2.046000000000000263e+00 0.000000000000000000e+00 0.000000000000000000e+00 0.000000000000000000e+00 1.000000000000000000e+00
2.048000000000000043e+00 0.000000000000000000e+00 0.000000000000000000e+00 0.000000000000000000e+00 1.000000000000000000e+00
2.050000000000000266e+00 0.000000000000000000e+00 0.000000000000000000e+00 0.000000000000000000e+00 1.000000000000000000e+00
2.052000000000000046e+00 0.000000000000000000e+00 0.000000000000000000e+00 0.000000000000000000e+00 1.000000000000000000e+00
2.054000000000000270e+00 0.000000000000000000e+00 0.000000000000000000e+00 0.000000000000000000e+00 1.000000000000000000e+00
2.056000000000000050e+00 0.000000000000000000e+00 0.000000000000000000e+00 0.000000000000000000e+00 1.000000000000000000e+00
2.058000000000000274e+00 0.000000000000000000e+00 0.000000000000000000e+00 0.000000000000000000e+00 1.000000000000000000e+00
2.060000000000000053e+00 0.000000000000000000e+00 0.000000000000000000e+00 0.000000000000000000e+00 1.000000000000000000e+00
2.062000000000000277e+00 0.000000000000000000e+00 0.000000000000000000e+00 0.000000000000000000e+00 1.000000000000000000e+00
2.064000000000000057e+00 0.000000000000000000e+00 0.000000000000000000e+00 0.000000000000000000e+00 1.000000000000000000e+00
2.066000000000000281e+00 0.000000000000000000e+00 0.000000000000000000e+00 0.000000000000000000e+00 1.000000000000000000e+00
2.068000000000000060e+00 0.000000000000000000e+00 0.000000000000000000e+00 0.000000000000000000e+00 1.000000000000000000e+00
2.070000000000000284e+00 0.000000000000000000e+00 0.000000000000000000e+00 0.000000000000000000e+00 1.000000000000000000e+00
2.072000000000000064e+00 0.000000000000000000e+00 0.000000000000000000e+00 0.000000000000000000e+00 1.000000000000000000e+00
2.074000000000000288e+00 0.000000000000000000e+00 0.000000000000000000e+00 0.000000000000000000e+00 1.000000000000000000e+00
2.076000000000000068e+00 0.000000000000000000e+00 0.000000000000000000e+00 0.000000000000000000e+00 1.000000000000000000e+00
2.078000000000000291e+00 0.000000000000000000e+00 0.000000000000000000e+00 0.000000000000000000e+00 1.000000000000000000e+00
2.080000000000000071e+00 0.000000000000000000e+00 0.000000000000000000e+00 0.000000000000000000e+00 1.000000000000000000e+00
2.082000000000000295e+00 0.000000000000000000e+00 0.000000000000000000e+00 0.000000000000000000e+00 1.000000000000000000e+00
2.084000000000000075e+00 0.000000000000000000e+00 0.000000000000000000e+00 0.000000000000000000e+00 1.000000000000000000e+00
2.085999999999999854e+00 0.000000000000000000e+00 0.000000000000000000e+00 0.000000000000000000e+00 1.000000000000000000e+00
2.088000000000000078e+00 0.000000000000000000e+00 0.000000000000000000e+00 0.000000000000000000e+00 1.000000000000000000e+00
2.089999999999999858e+00 0.000000000000000000e+00 0.000000000000000000e+00 0.000000000000000000e+00 1.000000000000000000e+00
2.092000000000000082e+00 0.000000000000000000e+00 0.000000000000000000e+00 0.000000000000000000e+00 1.000000000000000000e+00
2.093999999999999861e+00 0.000000000000000000e+00 0.000000000000000000e+00 0.000000000000000000e+00 1.000000000000000000e+00
2.096000000000000085e+00 0.000000000000000000e+00 0.000000000000000000e+00 0.000000000000000000e+00 1.000000000000000000e+00
2.097999999999999865e+00 0.000000000000000000e+00 0.000000000000000000e+00 0.000000000000000000e+00 1.000000000000000000e+00
2.100000000000000089e+00 0.000000000000000000e+00 0.000000000000000000e+00 0.000000000000000000e+00 1.000000000000000000e+00
2.101999999999999869e+00 0.000000000000000000e+00 0.000000000000000000e+00 0.000000000000000000e+00 1.000000000000000000e+00
2.104000000000000092e+00 0.000000000000000000e+00 0.000000000000000000e+00 0.000000000000000000e+00 1.000000000000000000e+00
2.105999999999999872e+00 0.000000000000000000e+00 0.000000000000000000e+00 0.000000000000000000e+00 1.000000000000000000e+00
2.108000000000000096e+00 0.000000000000000000e+00 0.000000000000000000e+00 0.000000000000000000e+00 1.000000000000000000e+00
2.109999999999999876e+00 0.000000000000000000e+00 0.000000000000000000e+00 0.000000000000000000e+00 1.000000000000000000e+00
2.112000000000000099e+00 0.000000000000000000e+00 0.000000000000000000e+00 0.000000000000000000e+00 1.000000000000000000e+00
2.113999999999999879e+00 0.000000000000000000e+00 0.000000000000000000e+00 0.000000000000000000e+00 1.000000000000000000e+00
2.116000000000000103e+00 0.000000000000000000e+00 0.000000000000000000e+00 0.000000000000000000e+00 1.000000000000000000e+00
2.117999999999999883e+00 0.000000000000000000e+00 0.000000000000000000e+00 0.000000000000000000e+00 1.000000000000000000e+00
2.120000000000000107e+00 0.000000000000000000e+00 0.000000000000000000e+00 0.000000000000000000e+00 1.000000000000000000e+00
2.121999999999999886e+00 0.000000000000000000e+00 0.000000000000000000e+00 0.000000000000000000e+00 1.000000000000000000e+00
2.124000000000000110e+00 0.000000000000000000e+00 0.000000000000000000e+00 0.000000000000000000e+00 1.000000000000000000e+00
2.125999999999999890e+00 0.000000000000000000e+00 0.000000000000000000e+00 0.000000000000000000e+00 1.000000000000000000e+00
2.128000000000000114e+00 0.000000000000000000e+00 0.000000000000000000e+00 0.000000000000000000e+00 1.000000000000000000e+00
2.129999999999999893e+00 0.000000000000000000e+00 0.000000000000000000e+00 0.000000000000000000e+00 1.000000000000000000e+00
2.132000000000000117e+00 0.000000000000000000e+00 0.000000000000000000e+00 0.000000000000000000e+00 1.000000000000000000e+00
2.133999999999999897e+00 0.000000000000000000e+00 0.000000000000000000e+00 0.000000000000000000e+00 1.000000000000000000e+00
2.136000000000000121e+00 0.000000000000000000e+00 0.000000000000000000e+00 0.000000000000000000e+00 1.000000000000000000e+00
2.137999999999999901e+00 0.000000000000000000e+00 0.000000000000000000e+00 0.000000000000000000e+00 1.000000000000000000e+00
2.140000000000000124e+00 0.000000000000000000e+00 0.000000000000000000e+00 0.000000000000000000e+00 1.000000000000000000e+00
2.141999999999999904e+00 0.000000000000000000e+00 0.000000000000000000e+00 0.000000000000000000e+00 1.000000000000000000e+00
2.144000000000000128e+00 0.000000000000000000e+00 0.000000000000000000e+00 0.000000000000000000e+00 1.000000000000000000e+00
2.145999999999999908e+00 0.000000000000000000e+00 0.000000000000000000e+00 0.000000000000000000e+00 1.000000000000000000e+00
2.148000000000000131e+00 0.000000000000000000e+00 0.000000000000000000e+00 0.000000000000000000e+00 1.000000000000000000e+00
2.149999999999999911e+00 0.000000000000000000e+00 0.000000000000000000e+00 0.000000000000000000e+00 1.000000000000000000e+00
2.152000000000000135e+00 0.000000000000000000e+00 0.000000000000000000e+00 0.000000000000000000e+00 1.000000000000000000e+00
2.153999999999999915e+00 0.000000000000000000e+00 0.000000000000000000e+00 0.000000000000000000e+00 1.000000000000000000e+00
2.156000000000000139e+00 0.000000000000000000e+00 0.000000000000000000e+00 0.000000000000000000e+00 1.000000000000000000e+00
2.157999999999999918e+00 0.000000000000000000e+00 0.000000000000000000e+00 0.000000000000000000e+00 1.000000000000000000e+00
2.160000000000000142e+00 0.000000000000000000e+00 0.000000000000000000e+00 0.000000000000000000e+00 1.000000000000000000e+00
2.161999999999999922e+00 0.000000000000000000e+00 0.000000000000000000e+00 0.000000000000000000e+00 1.000000000000000000e+00
2.164000000000000146e+00 0.000000000000000000e+00 0.000000000000000000e+00 0.000000000000000000e+00 1.000000000000000000e+00
2.165999999999999925e+00 0.000000000000000000e+00 0.000000000000000000e+00 0.000000000000000000e+00 1.000000000000000000e+00
2.168000000000000149e+00 0.000000000000000000e+00 0.000000000000000000e+00 0.000000000000000000e+00 1.000000000000000000e+00
2.169999999999999929e+00 0.000000000000000000e+00 0.000000000000000000e+00 0.000000000000000000e+00 1.000000000000000000e+00
2.172000000000000153e+00 0.000000000000000000e+00 0.000000000000000000e+00 0.000000000000000000e+00 1.000000000000000000e+00
2.173999999999999932e+00 0.000000000000000000e+00 0.000000000000000000e+00 0.000000000000000000e+00 1.000000000000000000e+00
2.176000000000000156e+00 0.000000000000000000e+00 0.000000000000000000e+00 0.000000000000000000e+00 1.000000000000000000e+00
2.177999999999999936e+00 0.000000000000000000e+00 0.000000000000000000e+00 0.000000000000000000e+00 1.000000000000000000e+00
2.180000000000000160e+00 0.000000000000000000e+00 0.000000000000000000e+00 0.000000000000000000e+00 1.000000000000000000e+00
2.181999999999999940e+00 0.000000000000000000e+00 0.000000000000000000e+00 0.000000000000000000e+00 1.000000000000000000e+00
2.184000000000000163e+00 0.000000000000000000e+00 0.000000000000000000e+00 0.000000000000000000e+00 1.000000000000000000e+00
2.185999999999999943e+00 0.000000000000000000e+00 0.000000000000000000e+00 0.000000000000000000e+00 1.000000000000000000e+00
2.188000000000000167e+00 0.000000000000000000e+00 0.000000000000000000e+00 0.000000000000000000e+00 1.000000000000000000e+00
2.189999999999999947e+00 0.000000000000000000e+00 0.000000000000000000e+00 0.000000000000000000e+00 1.000000000000000000e+00
2.192000000000000171e+00 0.000000000000000000e+00 0.000000000000000000e+00 0.000000000000000000e+00 1.000000000000000000e+00
2.193999999999999950e+00 0.000000000000000000e+00 0.000000000000000000e+00 0.000000000000000000e+00 1.000000000000000000e+00
2.196000000000000174e+00 0.000000000000000000e+00 0.000000000000000000e+00 0.000000000000000000e+00 1.000000000000000000e+00
2.197999999999999954e+00 0.000000000000000000e+00 0.000000000000000000e+00 0.000000000000000000e+00 1.000000000000000000e+00
2.200000000000000178e+00 0.000000000000000000e+00 0.000000000000000000e+00 0.000000000000000000e+00 1.000000000000000000e+00
2.201999999999999957e+00 0.000000000000000000e+00 0.000000000000000000e+00 0.000000000000000000e+00 1.000000000000000000e+00
2.204000000000000181e+00 0.000000000000000000e+00 0.000000000000000000e+00 0.000000000000000000e+00 1.000000000000000000e+00
2.205999999999999961e+00 0.000000000000000000e+00 0.000000000000000000e+00 0.000000000000000000e+00 1.000000000000000000e+00
2.208000000000000185e+00 0.000000000000000000e+00 0.000000000000000000e+00 0.000000000000000000e+00 1.000000000000000000e+00
2.209999999999999964e+00 0.000000000000000000e+00 0.000000000000000000e+00 0.000000000000000000e+00 1.000000000000000000e+00
2.212000000000000188e+00 0.000000000000000000e+00 0.000000000000000000e+00 0.000000000000000000e+00 1.000000000000000000e+00
2.213999999999999968e+00 0.000000000000000000e+00 0.000000000000000000e+00 0.000000000000000000e+00 1.000000000000000000e+00
2.216000000000000192e+00 0.000000000000000000e+00 0.000000000000000000e+00 0.000000000000000000e+00 1.000000000000000000e+00
2.217999999999999972e+00 0.000000000000000000e+00 0.000000000000000000e+00 0.000000000000000000e+00 1.000000000000000000e+00
2.220000000000000195e+00 0.000000000000000000e+00 0.000000000000000000e+00 0.000000000000000000e+00 1.000000000000000000e+00
2.221999999999999975e+00 0.000000000000000000e+00 0.000000000000000000e+00 0.000000000000000000e+00 1.000000000000000000e+00
2.224000000000000199e+00 0.000000000000000000e+00 0.000000000000000000e+00 0.000000000000000000e+00 1.000000000000000000e+00
2.225999999999999979e+00 0.000000000000000000e+00 0.000000000000000000e+00 0.000000000000000000e+00 1.000000000000000000e+00
2.228000000000000203e+00 0.000000000000000000e+00 0.000000000000000000e+00 0.000000000000000000e+00 1.000000000000000000e+00
2.229999999999999982e+00 0.000000000000000000e+00 0.000000000000000000e+00 0.000000000000000000e+00 1.000000000000000000e+00
2.232000000000000206e+00 0.000000000000000000e+00 0.000000000000000000e+00 0.000000000000000000e+00 1.000000000000000000e+00
2.233999999999999986e+00 0.000000000000000000e+00 0.000000000000000000e+00 0.000000000000000000e+00 1.000000000000000000e+00
2.236000000000000210e+00 0.000000000000000000e+00 0.000000000000000000e+00 0.000000000000000000e+00 1.000000000000000000e+00
2.237999999999999989e+00 0.000000000000000000e+00 0.000000000000000000e+00 0.000000000000000000e+00 1.000000000000000000e+00
2.240000000000000213e+00 0.000000000000000000e+00 0.000000000000000000e+00 0.000000000000000000e+00 1.000000000000000000e+00
2.241999999999999993e+00 0.000000000000000000e+00 0.000000000000000000e+00 0.000000000000000000e+00 1.000000000000000000e+00
2.244000000000000217e+00 0.000000000000000000e+00 0.000000000000000000e+00 0.000000000000000000e+00 1.000000000000000000e+00
2.245999999999999996e+00 0.000000000000000000e+00 0.000000000000000000e+00 0.000000000000000000e+00 1.000000000000000000e+00
2.248000000000000220e+00 0.000000000000000000e+00 0.000000000000000000e+00 0.000000000000000000e+00 1.000000000000000000e+00
2.250000000000000000e+00 0.000000000000000000e+00 0.000000000000000000e+00 0.000000000000000000e+00 1.000000000000000000e+00
2.252000000000000224e+00 0.000000000000000000e+00 0.000000000000000000e+00 0.000000000000000000e+00 1.000000000000000000e+00
2.254000000000000004e+00 0.000000000000000000e+00 0.000000000000000000e+00 0.000000000000000000e+00 1.000000000000000000e+00
2.256000000000000227e+00 0.000000000000000000e+00 0.000000000000000000e+00 0.000000000000000000e+00 1.000000000000000000e+00
2.258000000000000007e+00 0.000000000000000000e+00 0.000000000000000000e+00 0.000000000000000000e+00 1.000000000000000000e+00
2.260000000000000231e+00 0.000000000000000000e+00 0.000000000000000000e+00 0.000000000000000000e+00 1.000000000000000000e+00
2.262000000000000011e+00 0.000000000000000000e+00 0.000000000000000000e+00 0.000000000000000000e+00 1.000000000000000000e+00
2.264000000000000234e+00 0.000000000000000000e+00 0.000000000000000000e+00 0.000000000000000000e+00 1.000000000000000000e+00
2.266000000000000014e+00 0.000000000000000000e+00 0.000000000000000000e+00 0.000000000000000000e+00 1.000000000000000000e+00
2.268000000000000238e+00 0.000000000000000000e+00 0.000000000000000000e+00 0.000000000000000000e+00 1.000000000000000000e+00
2.270000000000000018e+00 0.000000000000000000e+00 0.000000000000000000e+00 0.000000000000000000e+00 1.000000000000000000e+00
2.272000000000000242e+00 0.000000000000000000e+00 0.000000000000000000e+00 0.000000000000000000e+00 1.000000000000000000e+00
2.274000000000000021e+00 0.000000000000000000e+00 0.000000000000000000e+00 0.000000000000000000e+00 1.000000000000000000e+00
2.276000000000000245e+00 0.000000000000000000e+00 0.000000000000000000e+00 0.000000000000000000e+00 1.000000000000000000e+00
2.278000000000000025e+00 0.000000000000000000e+00 0.000000000000000000e+00 0.000000000000000000e+00 1.000000000000000000e+00
2.280000000000000249e+00 0.000000000000000000e+00 0.000000000000000000e+00 0.000000000000000000e+00 1.000000000000000000e+00
2.282000000000000028e+00 0.000000000000000000e+00 0.000000000000000000e+00 0.000000000000000000e+00 1.000000000000000000e+00
2.284000000000000252e+00 0.000000000000000000e+00 0.000000000000000000e+00 0.000000000000000000e+00 1.000000000000000000e+00
2.286000000000000032e+00 0.000000000000000000e+00 0.000000000000000000e+00 0.000000000000000000e+00 1.000000000000000000e+00
2.288000000000000256e+00 0.000000000000000000e+00 0.000000000000000000e+00 0.000000000000000000e+00 1.000000000000000000e+00
2.290000000000000036e+00 0.000000000000000000e+00 0.000000000000000000e+00 0.000000000000000000e+00 1.000000000000000000e+00
2.292000000000000259e+00 0.000000000000000000e+00 0.000000000000000000e+00 0.000000000000000000e+00 1.000000000000000000e+00
2.294000000000000039e+00 0.000000000000000000e+00 0.000000000000000000e+00 0.000000000000000000e+00 1.000000000000000000e+00
2.296000000000000263e+00 0.000000000000000000e+00 0.000000000000000000e+00 0.000000000000000000e+00 1.000000000000000000e+00
2.298000000000000043e+00 0.000000000000000000e+00 0.000000000000000000e+00 0.000000000000000000e+00 1.000000000000000000e+00
2.300000000000000266e+00 0.000000000000000000e+00 0.000000000000000000e+00 0.000000000000000000e+00 1.000000000000000000e+00
2.302000000000000046e+00 0.000000000000000000e+00 0.000000000000000000e+00 0.000000000000000000e+00 1.000000000000000000e+00
2.304000000000000270e+00 0.000000000000000000e+00 0.000000000000000000e+00 0.000000000000000000e+00 1.000000000000000000e+00
2.306000000000000050e+00 0.000000000000000000e+00 0.000000000000000000e+00 0.000000000000000000e+00 1.000000000000000000e+00
2.308000000000000274e+00 0.000000000000000000e+00 0.000000000000000000e+00 0.000000000000000000e+00 1.000000000000000000e+00
2.310000000000000053e+00 0.000000000000000000e+00 0.000000000000000000e+00 0.000000000000000000e+00 1.000000000000000000e+00
2.312000000000000277e+00 0.000000000000000000e+00 0.000000000000000000e+00 0.000000000000000000e+00 1.000000000000000000e+00
2.314000000000000057e+00 0.000000000000000000e+00 0.000000000000000000e+00 0.000000000000000000e+00 1.000000000000000000e+00
2.316000000000000281e+00 0.000000000000000000e+00 0.000000000000000000e+00 0.000000000000000000e+00 1.000000000000000000e+00
2.318000000000000060e+00 0.000000000000000000e+00 0.000000000000000000e+00 0.000000000000000000e+00 1.000000000000000000e+00
2.320000000000000284e+00 0.000000000000000000e+00 0.000000000000000000e+00 0.000000000000000000e+00 1.000000000000000000e+00
2.322000000000000064e+00 0.000000000000000000e+00 0.000000000000000000e+00 0.000000000000000000e+00 1.000000000000000000e+00
2.324000000000000288e+00 0.000000000000000000e+00 0.000000000000000000e+00 0.000000000000000000e+00 1.000000000000000000e+00
2.326000000000000068e+00 0.000000000000000000e+00 0.000000000000000000e+00 0.000000000000000000e+00 1.000000000000000000e+00
2.328000000000000291e+00 0.000000000000000000e+00 0.000000000000000000e+00 0.000000000000000000e+00 1.000000000000000000e+00
2.330000000000000071e+00 0.000000000000000000e+00 0.000000000000000000e+00 0.000000000000000000e+00 1.000000000000000000e+00
2.332000000000000295e+00 0.000000000000000000e+00 0.000000000000000000e+00 0.000000000000000000e+00 1.000000000000000000e+00
2.334000000000000075e+00 0.000000000000000000e+00 0.000000000000000000e+00 0.000000000000000000e+00 1.000000000000000000e+00
2.336000000000000298e+00 0.000000000000000000e+00 0.000000000000000000e+00 0.000000000000000000e+00 1.000000000000000000e+00
2.338000000000000078e+00 0.000000000000000000e+00 0.000000000000000000e+00 0.000000000000000000e+00 1.000000000000000000e+00
2.339999999999999858e+00 0.000000000000000000e+00 0.000000000000000000e+00 0.000000000000000000e+00 1.000000000000000000e+00
2.342000000000000082e+00 0.000000000000000000e+00 0.000000000000000000e+00 0.000000000000000000e+00 1.000000000000000000e+00
2.343999999999999861e+00 0.000000000000000000e+00 0.000000000000000000e+00 0.000000000000000000e+00 1.000000000000000000e+00
2.346000000000000085e+00 0.000000000000000000e+00 0.000000000000000000e+00 0.000000000000000000e+00 1.000000000000000000e+00
2.347999999999999865e+00 0.000000000000000000e+00 0.000000000000000000e+00 0.000000000000000000e+00 1.000000000000000000e+00
2.350000000000000089e+00 0.000000000000000000e+00 0.000000000000000000e+00 0.000000000000000000e+00 1.000000000000000000e+00
2.351999999999999869e+00 0.000000000000000000e+00 0.000000000000000000e+00 0.000000000000000000e+00 1.000000000000000000e+00
2.354000000000000092e+00 0.000000000000000000e+00 0.000000000000000000e+00 0.000000000000000000e+00 1.000000000000000000e+00
2.355999999999999872e+00 0.000000000000000000e+00 0.000000000000000000e+00 0.000000000000000000e+00 1.000000000000000000e+00
2.358000000000000096e+00 0.000000000000000000e+00 0.000000000000000000e+00 0.000000000000000000e+00 1.000000000000000000e+00
2.359999999999999876e+00 0.000000000000000000e+00 0.000000000000000000e+00 0.000000000000000000e+00 1.000000000000000000e+00
2.362000000000000099e+00 0.000000000000000000e+00 0.000000000000000000e+00 0.000000000000000000e+00 1.000000000000000000e+00
2.363999999999999879e+00 0.000000000000000000e+00 0.000000000000000000e+00 0.000000000000000000e+00 1.000000000000000000e+00
2.366000000000000103e+00 0.000000000000000000e+00 0.000000000000000000e+00 0.000000000000000000e+00 1.000000000000000000e+00
2.367999999999999883e+00 0.000000000000000000e+00 0.000000000000000000e+00 0.000000000000000000e+00 1.000000000000000000e+00
2.370000000000000107e+00 0.000000000000000000e+00 0.000000000000000000e+00 0.000000000000000000e+00 1.000000000000000000e+00
2.371999999999999886e+00 0.000000000000000000e+00 0.000000000000000000e+00 0.000000000000000000e+00 1.000000000000000000e+00
2.374000000000000110e+00 0.000000000000000000e+00 0.000000000000000000e+00 0.000000000000000000e+00 1.000000000000000000e+00
2.375999999999999890e+00 0.000000000000000000e+00 0.000000000000000000e+00 0.000000000000000000e+00 1.000000000000000000e+00
2.378000000000000114e+00 0.000000000000000000e+00 0.000000000000000000e+00 0.000000000000000000e+00 1.000000000000000000e+00
2.379999999999999893e+00 0.000000000000000000e+00 0.000000000000000000e+00 0.000000000000000000e+00 1.000000000000000000e+00
2.382000000000000117e+00 0.000000000000000000e+00 0.000000000000000000e+00 0.000000000000000000e+00 1.000000000000000000e+00
2.383999999999999897e+00 0.000000000000000000e+00 0.000000000000000000e+00 0.000000000000000000e+00 1.000000000000000000e+00
2.386000000000000121e+00 0.000000000000000000e+00 0.000000000000000000e+00 0.000000000000000000e+00 1.000000000000000000e+00
2.387999999999999901e+00 0.000000000000000000e+00 0.000000000000000000e+00 0.000000000000000000e+00 1.000000000000000000e+00
2.390000000000000124e+00 0.000000000000000000e+00 0.000000000000000000e+00 0.000000000000000000e+00 1.000000000000000000e+00
2.391999999999999904e+00 0.000000000000000000e+00 0.000000000000000000e+00 0.000000000000000000e+00 1.000000000000000000e+00
2.394000000000000128e+00 0.000000000000000000e+00 0.000000000000000000e+00 0.000000000000000000e+00 1.000000000000000000e+00
2.395999999999999908e+00 0.000000000000000000e+00 0.000000000000000000e+00 0.000000000000000000e+00 1.000000000000000000e+00
2.398000000000000131e+00 0.000000000000000000e+00 0.000000000000000000e+00 0.000000000000000000e+00 1.000000000000000000e+00
2.399999999999999911e+00 0.000000000000000000e+00 0.000000000000000000e+00 0.000000000000000000e+00 1.000000000000000000e+00
2.402000000000000135e+00 0.000000000000000000e+00 0.000000000000000000e+00 0.000000000000000000e+00 1.000000000000000000e+00
2.403999999999999915e+00 0.000000000000000000e+00 0.000000000000000000e+00 0.000000000000000000e+00 1.000000000000000000e+00
2.406000000000000139e+00 0.000000000000000000e+00 0.000000000000000000e+00 0.000000000000000000e+00 1.000000000000000000e+00
2.407999999999999918e+00 0.000000000000000000e+00 0.000000000000000000e+00 0.000000000000000000e+00 1.000000000000000000e+00
2.410000000000000142e+00 0.000000000000000000e+00 0.000000000000000000e+00 0.000000000000000000e+00 1.000000000000000000e+00
2.411999999999999922e+00 0.000000000000000000e+00 0.000000000000000000e+00 0.000000000000000000e+00 1.000000000000000000e+00
2.414000000000000146e+00 0.000000000000000000e+00 0.000000000000000000e+00 0.000000000000000000e+00 1.000000000000000000e+00
2.415999999999999925e+00 0.000000000000000000e+00 0.000000000000000000e+00 0.000000000000000000e+00 1.000000000000000000e+00
2.418000000000000149e+00 0.000000000000000000e+00 0.000000000000000000e+00 0.000000000000000000e+00 1.000000000000000000e+00
2.419999999999999929e+00 0.000000000000000000e+00 0.000000000000000000e+00 0.000000000000000000e+00 1.000000000000000000e+00
2.422000000000000153e+00 0.000000000000000000e+00 0.000000000000000000e+00 0.000000000000000000e+00 1.000000000000000000e+00
2.423999999999999932e+00 0.000000000000000000e+00 0.000000000000000000e+00 0.000000000000000000e+00 1.000000000000000000e+00
2.426000000000000156e+00 0.000000000000000000e+00 0.000000000000000000e+00 0.000000000000000000e+00 1.000000000000000000e+00
2.427999999999999936e+00 0.000000000000000000e+00 0.000000000000000000e+00 0.000000000000000000e+00 1.000000000000000000e+00
2.430000000000000160e+00 0.000000000000000000e+00 0.000000000000000000e+00 0.000000000000000000e+00 1.000000000000000000e+00
2.431999999999999940e+00 0.000000000000000000e+00 0.000000000000000000e+00 0.000000000000000000e+00 1.000000000000000000e+00
2.434000000000000163e+00 0.000000000000000000e+00 0.000000000000000000e+00 0.000000000000000000e+00 1.000000000000000000e+00
2.435999999999999943e+00 0.000000000000000000e+00 0.000000000000000000e+00 0.000000000000000000e+00 1.000000000000000000e+00
2.438000000000000167e+00 0.000000000000000000e+00 0.000000000000000000e+00 0.000000000000000000e+00 1.000000000000000000e+00
2.439999999999999947e+00 0.000000000000000000e+00 0.000000000000000000e+00 0.000000000000000000e+00 1.000000000000000000e+00
2.442000000000000171e+00 0.000000000000000000e+00 0.000000000000000000e+00 0.000000000000000000e+00 1.000000000000000000e+00
2.443999999999999950e+00 0.000000000000000000e+00 0.000000000000000000e+00 0.000000000000000000e+00 1.000000000000000000e+00
2.446000000000000174e+00 0.000000000000000000e+00 0.000000000000000000e+00 0.000000000000000000e+00 1.000000000000000000e+00
2.447999999999999954e+00 0.000000000000000000e+00 0.000000000000000000e+00 0.000000000000000000e+00 1.000000000000000000e+00
2.450000000000000178e+00 0.000000000000000000e+00 0.000000000000000000e+00 0.000000000000000000e+00 1.000000000000000000e+00
2.451999999999999957e+00 0.000000000000000000e+00 0.000000000000000000e+00 0.000000000000000000e+00 1.000000000000000000e+00
2.454000000000000181e+00 0.000000000000000000e+00 0.000000000000000000e+00 0.000000000000000000e+00 1.000000000000000000e+00
2.455999999999999961e+00 0.000000000000000000e+00 0.000000000000000000e+00 0.000000000000000000e+00 1.000000000000000000e+00
2.458000000000000185e+00 0.000000000000000000e+00 0.000000000000000000e+00 0.000000000000000000e+00 1.000000000000000000e+00
2.459999999999999964e+00 0.000000000000000000e+00 0.000000000000000000e+00 0.000000000000000000e+00 1.000000000000000000e+00
2.462000000000000188e+00 0.000000000000000000e+00 0.000000000000000000e+00 0.000000000000000000e+00 1.000000000000000000e+00
2.463999999999999968e+00 0.000000000000000000e+00 0.000000000000000000e+00 0.000000000000000000e+00 1.000000000000000000e+00
2.466000000000000192e+00 0.000000000000000000e+00 0.000000000000000000e+00 0.000000000000000000e+00 1.000000000000000000e+00
2.467999999999999972e+00 0.000000000000000000e+00 0.000000000000000000e+00 0.000000000000000000e+00 1.000000000000000000e+00
2.470000000000000195e+00 0.000000000000000000e+00 0.000000000000000000e+00 0.000000000000000000e+00 1.000000000000000000e+00
2.471999999999999975e+00 0.000000000000000000e+00 0.000000000000000000e+00 0.000000000000000000e+00 1.000000000000000000e+00
2.474000000000000199e+00 0.000000000000000000e+00 0.000000000000000000e+00 0.000000000000000000e+00 1.000000000000000000e+00
2.475999999999999979e+00 0.000000000000000000e+00 0.000000000000000000e+00 0.000000000000000000e+00 1.000000000000000000e+00
2.478000000000000203e+00 0.000000000000000000e+00 0.000000000000000000e+00 0.000000000000000000e+00 1.000000000000000000e+00
2.479999999999999982e+00 0.000000000000000000e+00 0.000000000000000000e+00 0.000000000000000000e+00 1.000000000000000000e+00
2.482000000000000206e+00 0.000000000000000000e+00 0.000000000000000000e+00 0.000000000000000000e+00 1.000000000000000000e+00
2.483999999999999986e+00 0.000000000000000000e+00 0.000000000000000000e+00 0.000000000000000000e+00 1.000000000000000000e+00
2.486000000000000210e+00 0.000000000000000000e+00 0.000000000000000000e+00 0.000000000000000000e+00 1.000000000000000000e+00
2.487999999999999989e+00 0.000000000000000000e+00 0.000000000000000000e+00 0.000000000000000000e+00 1.000000000000000000e+00
2.490000000000000213e+00 0.000000000000000000e+00 0.000000000000000000e+00 0.000000000000000000e+00 1.000000000000000000e+00
2.491999999999999993e+00 0.000000000000000000e+00 0.000000000000000000e+00 0.000000000000000000e+00 1.000000000000000000e+00
2.494000000000000217e+00 0.000000000000000000e+00 0.000000000000000000e+00 0.000000000000000000e+00 1.000000000000000000e+00
2.495999999999999996e+00 0.000000000000000000e+00 0.000000000000000000e+00 0.000000000000000000e+00 1.000000000000000000e+00
2.498000000000000220e+00 0.000000000000000000e+00 0.000000000000000000e+00 0.000000000000000000e+00 1.000000000000000000e+00
2.500000000000000000e+00 0.000000000000000000e+00 0.000000000000000000e+00 0.000000000000000000e+00 1.000000000000000000e+00
