x fp Dfp
-1.600000000000000089e+00 -9.984000000000003539e+00 -9.984000000000003539e+00
-1.599000000000000199e+00 -9.957299196000004571e+00 -9.957299196000004571e+00
-1.598000000000000087e+00 -9.930636768000002945e+00 -9.930636768000002945e+00
-1.597000000000000197e+00 -9.904012692000005558e+00 -9.904012692000005558e+00
-1.596000000000000085e+00 -9.877426944000001541e+00 -9.877426944000001541e+00
-1.595000000000000195e+00 -9.850879500000003119e+00 -9.850879500000003119e+00
-1.594000000000000083e+00 -9.824370336000001203e+00 -9.824370336000001203e+00
-1.593000000000000194e+00 -9.797899428000004463e+00 -9.797899428000004463e+00
-1.592000000000000082e+00 -9.771466752000002032e+00 -9.771466752000002032e+00
-1.591000000000000192e+00 -9.745072284000006135e+00 -9.745072284000006135e+00
-1.590000000000000080e+00 -9.718716000000002353e+00 -9.718716000000002353e+00
-1.589000000000000190e+00 -9.692397876000002910e+00 -9.692397876000002910e+00
-1.588000000000000078e+00 -9.666117888000004044e+00 -9.666117888000004044e+00
-1.587000000000000188e+00 -9.639876012000005545e+00 -9.639876012000005545e+00
-1.586000000000000076e+00 -9.613672224000003652e+00 -9.613672224000003652e+00
-1.585000000000000187e+00 -9.587506500000003484e+00 -9.587506500000003484e+00
-1.584000000000000075e+00 -9.561378816000001279e+00 -9.561378816000001279e+00
-1.583000000000000185e+00 -9.535289148000005710e+00 -9.535289148000005710e+00
-1.582000000000000073e+00 -9.509237472000002356e+00 -9.509237472000002356e+00
-1.581000000000000183e+00 -9.483223764000003442e+00 -9.483223764000003442e+00
-1.580000000000000071e+00 -9.457248000000003429e+00 -9.457248000000003429e+00
-1.579000000000000181e+00 -9.431310156000005662e+00 -9.431310156000005662e+00
-1.578000000000000069e+00 -9.405410208000002825e+00 -9.405410208000002825e+00
-1.577000000000000179e+00 -9.379548132000003591e+00 -9.379548132000003591e+00
-1.576000000000000068e+00 -9.353723904000002420e+00 -9.353723904000002420e+00
-1.575000000000000178e+00 -9.327937500000006210e+00 -9.327937500000006210e+00
-1.574000000000000066e+00 -9.302188896000002316e+00 -9.302188896000002316e+00
-1.573000000000000176e+00 -9.276478068000002963e+00 -9.276478068000002963e+00
-1.572000000000000064e+00 -9.250804992000000837e+00 -9.250804992000000837e+00
-1.571000000000000174e+00 -9.225169644000002833e+00 -9.225169644000002833e+00
-1.570000000000000062e+00 -9.199572000000001637e+00 -9.199572000000001637e+00
-1.569000000000000172e+00 -9.174012036000004144e+00 -9.174012036000004144e+00
-1.568000000000000060e+00 -9.148489728000003041e+00 -9.148489728000003041e+00
-1.567000000000000171e+00 -9.123005052000003445e+00 -9.123005052000003445e+00
-1.566000000000000059e+00 -9.097557983999999820e+00 -9.097557983999999820e+00
-1.565000000000000169e+00 -9.072148500000004390e+00 -9.072148500000004390e+00
-1.564000000000000057e+00 -9.046776576000002734e+00 -9.046776576000002734e+00
-1.563000000000000167e+00 -9.021442188000005302e+00 -9.021442188000005302e+00
-1.562000000000000055e+00 -8.996145312000003003e+00 -8.996145312000003003e+00
-1.561000000000000165e+00 -8.970885924000002731e+00 -8.970885924000002731e+00
-1.560000000000000053e+00 -8.945664000000000726e+00 -8.945664000000000726e+00
-1.559000000000000163e+00 -8.920479516000003883e+00 -8.920479516000003883e+00
-1.558000000000000052e+00 -8.895332448000001335e+00 -8.895332448000001335e+00
-1.557000000000000162e+00 -8.870222772000003530e+00 -8.870222772000003530e+00
-1.556000000000000050e+00 -8.845150464000001378e+00 -8.845150464000001378e+00
-1.555000000000000160e+00 -8.820115500000003550e+00 -8.820115500000003550e+00
-1.554000000000000048e+00 -8.795117856000002732e+00 -8.795117856000002732e+00
-1.553000000000000158e+00 -8.770157508000002267e+00 -8.770157508000002267e+00
-1.552000000000000046e+00 -8.745234432000001945e+00 -8.745234432000001945e+00
-1.551000000000000156e+00 -8.720348604000003334e+00 -8.720348604000003334e+00
-1.550000000000000044e+00 -8.695500000000002672e+00 -8.695500000000002672e+00
-1.549000000000000155e+00 -8.670688596000005077e+00 -8.670688596000005077e+00
-1.548000000000000043e+00 -8.645914368000001460e+00 -8.645914368000001460e+00
-1.547000000000000153e+00 -8.621177292000004044e+00 -8.621177292000004044e+00
-1.546000000000000041e+00 -8.596477344000000187e+00 -8.596477344000000187e+00
-1.545000000000000151e+00 -8.571814500000003889e+00 -8.571814500000003889e+00
-1.544000000000000039e+00 -8.547188736000002507e+00 -8.547188736000002507e+00
-1.543000000000000149e+00 -8.522600028000002936e+00 -8.522600028000002936e+00
-1.542000000000000037e+00 -8.498048351999999639e+00 -8.498048351999999639e+00
-1.541000000000000147e+00 -8.473533684000003063e+00 -8.473533684000003063e+00
-1.540000000000000036e+00 -8.449056000000000566e+00 -8.449056000000000566e+00
-1.539000000000000146e+00 -8.424615276000002595e+00 -8.424615276000002595e+00
-1.538000000000000034e+00 -8.400211488000000060e+00 -8.400211488000000060e+00
-1.537000000000000144e+00 -8.375844612000005185e+00 -8.375844612000005185e+00
-1.536000000000000032e+00 -8.351514623999999998e+00 -8.351514623999999998e+00
-1.535000000000000142e+00 -8.327221500000002052e+00 -8.327221500000002052e+00
-1.534000000000000030e+00 -8.302965216000002258e+00 -8.302965216000002258e+00
-1.533000000000000140e+00 -8.278745748000003957e+00 -8.278745748000003957e+00
-1.532000000000000028e+00 -8.254563072000001611e+00 -8.254563072000001611e+00
-1.531000000000000139e+00 -8.230417164000003893e+00 -8.230417164000003893e+00
-1.530000000000000027e+00 -8.206307999999999936e+00 -8.206307999999999936e+00
-1.529000000000000137e+00 -8.182235556000003740e+00 -8.182235556000003740e+00
-1.528000000000000025e+00 -8.158199807999999109e+00 -8.158199807999999109e+00
-1.527000000000000135e+00 -8.134200732000003597e+00 -8.134200732000003597e+00
-1.526000000000000023e+00 -8.110238304000001008e+00 -8.110238304000001008e+00
-1.525000000000000133e+00 -8.086312500000003567e+00 -8.086312500000003567e+00
-1.524000000000000021e+00 -8.062423296000002182e+00 -8.062423296000002182e+00
-1.523000000000000131e+00 -8.038570668000003749e+00 -8.038570668000003749e+00
-1.522000000000000020e+00 -8.014754591999999178e+00 -8.014754591999999178e+00
-1.521000000000000130e+00 -7.990975044000004246e+00 -7.990975044000004246e+00
-1.520000000000000018e+00 -7.967232000000000092e+00 -7.967232000000000092e+00
-1.519000000000000128e+00 -7.943525436000001605e+00 -7.943525436000001605e+00
-1.518000000000000016e+00 -7.919855328000001471e+00 -7.919855328000001471e+00
-1.517000000000000126e+00 -7.896221652000003921e+00 -7.896221652000003921e+00
-1.516000000000000014e+00 -7.872624383999998976e+00 -7.872624383999998976e+00
-1.515000000000000124e+00 -7.849063500000002414e+00 -7.849063500000002414e+00
-1.514000000000000012e+00 -7.825538976000000702e+00 -7.825538976000000702e+00
-1.513000000000000123e+00 -7.802050788000001624e+00 -7.802050788000001624e+00
-1.512000000000000011e+00 -7.778598912000001420e+00 -7.778598912000001420e+00
-1.511000000000000121e+00 -7.755183324000003431e+00 -7.755183324000003431e+00
-1.510000000000000009e+00 -7.731804000000000343e+00 -7.731804000000000343e+00
-1.509000000000000119e+00 -7.708460916000002605e+00 -7.708460916000002605e+00
-1.508000000000000007e+00 -7.685154048000000238e+00 -7.685154048000000238e+00
-1.507000000000000117e+00 -7.661883372000003689e+00 -7.661883372000003689e+00
-1.506000000000000005e+00 -7.638648863999999428e+00 -7.638648863999999428e+00
-1.505000000000000115e+00 -7.615450500000003231e+00 -7.615450500000003231e+00
-1.504000000000000004e+00 -7.592288255999999791e+00 -7.592288255999999791e+00
-1.503000000000000114e+00 -7.569162108000002220e+00 -7.569162108000002220e+00
-1.502000000000000002e+00 -7.546072031999999652e+00 -7.546072031999999652e+00
-1.501000000000000112e+00 -7.523018004000001646e+00 -7.523018004000001646e+00
-1.500000000000000000e+00 -7.500000000000000000e+00 -7.500000000000000000e+00
-1.499000000000000110e+00 -7.477017996000003386e+00 -7.477017996000003386e+00
-1.497999999999999998e+00 -7.454071967999999160e+00 -7.454071967999999160e+00
-1.497000000000000108e+00 -7.431161892000003100e+00 -7.431161892000003100e+00
-1.495999999999999996e+00 -7.408287743999999897e+00 -7.408287743999999897e+00
-1.495000000000000107e+00 -7.385449500000001777e+00 -7.385449500000001777e+00
-1.493999999999999995e+00 -7.362647135999999648e+00 -7.362647135999999648e+00
-1.493000000000000105e+00 -7.339880628000002183e+00 -7.339880628000002183e+00
-1.491999999999999993e+00 -7.317149952000000290e+00 -7.317149952000000290e+00
-1.491000000000000103e+00 -7.294455084000003531e+00 -7.294455084000003531e+00
-1.489999999999999991e+00 -7.271796000000000149e+00 -7.271796000000000149e+00
-1.489000000000000101e+00 -7.249172676000001481e+00 -7.249172676000001481e+00
-1.487999999999999989e+00 -7.226585088000000212e+00 -7.226585088000000212e+00
-1.487000000000000099e+00 -7.204033212000002351e+00 -7.204033212000002351e+00
-1.485999999999999988e+00 -7.181517024000000582e+00 -7.181517024000000582e+00
-1.485000000000000098e+00 -7.159036500000002690e+00 -7.159036500000002690e+00
-1.483999999999999986e+00 -7.136591615999998695e+00 -7.136591615999998695e+00
-1.483000000000000096e+00 -7.114182348000001710e+00 -7.114182348000001710e+00
-1.481999999999999984e+00 -7.091808672000000868e+00 -7.091808672000000868e+00
-1.481000000000000094e+00 -7.069470564000002177e+00 -7.069470564000002177e+00
-1.479999999999999982e+00 -7.047167999999999211e+00 -7.047167999999999211e+00
-1.479000000000000092e+00 -7.024900956000001528e+00 -7.024900956000001528e+00
-1.478000000000000203e+00 -7.002669408000005369e+00 -7.002669408000005369e+00
-1.477000000000000091e+00 -6.980473332000001641e+00 -6.980473332000001641e+00
-1.475999999999999979e+00 -6.958312703999999904e+00 -6.958312703999999904e+00
-1.475000000000000089e+00 -6.936187500000000838e+00 -6.936187500000000838e+00
-1.474000000000000199e+00 -6.914097696000004234e+00 -6.914097696000004234e+00
-1.473000000000000087e+00 -6.892043268000001888e+00 -6.892043268000001888e+00
-1.471999999999999975e+00 -6.870024191999998919e+00 -6.870024191999998919e+00
-1.471000000000000085e+00 -6.848040444000001337e+00 -6.848040444000001337e+00
-1.470000000000000195e+00 -6.826092000000005378e+00 -6.826092000000005378e+00
-1.469000000000000083e+00 -6.804178836000001951e+00 -6.804178836000001951e+00
-1.467999999999999972e+00 -6.782300927999999729e+00 -6.782300927999999729e+00
-1.467000000000000082e+00 -6.760458252000001167e+00 -6.760458252000001167e+00
-1.466000000000000192e+00 -6.738650784000004279e+00 -6.738650784000004279e+00
-1.465000000000000080e+00 -6.716878500000001750e+00 -6.716878500000001750e+00
-1.463999999999999968e+00 -6.695141375999998701e+00 -6.695141375999998701e+00
-1.463000000000000078e+00 -6.673439388000001138e+00 -6.673439388000001138e+00
-1.462000000000000188e+00 -6.651772512000002635e+00 -6.651772512000002635e+00
-1.461000000000000076e+00 -6.630140724000002095e+00 -6.630140724000002095e+00
-1.459999999999999964e+00 -6.608543999999998420e+00 -6.608543999999998420e+00
-1.459000000000000075e+00 -6.586982316000002058e+00 -6.586982316000002058e+00
-1.458000000000000185e+00 -6.565455648000004807e+00 -6.565455648000004807e+00
-1.457000000000000073e+00 -6.543963972000002904e+00 -6.543963972000002904e+00
-1.455999999999999961e+00 -6.522507263999999694e+00 -6.522507263999999694e+00
-1.455000000000000071e+00 -6.501085500000002959e+00 -6.501085500000002959e+00
-1.454000000000000181e+00 -6.479698656000003609e+00 -6.479698656000003609e+00
-1.453000000000000069e+00 -6.458346708000000547e+00 -6.458346708000000547e+00
-1.452000000000000179e+00 -6.437029632000003332e+00 -6.437029632000003332e+00
-1.451000000000000068e+00 -6.415747404000001097e+00 -6.415747404000001097e+00
-1.450000000000000178e+00 -6.394500000000003403e+00 -6.394500000000003403e+00
-1.449000000000000066e+00 -6.373287396000002047e+00 -6.373287396000002047e+00
-1.448000000000000176e+00 -6.352109568000003037e+00 -6.352109568000003037e+00
-1.447000000000000064e+00 -6.330966492000001722e+00 -6.330966492000001722e+00
-1.446000000000000174e+00 -6.309858144000003222e+00 -6.309858144000003222e+00
-1.445000000000000062e+00 -6.288784500000000222e+00 -6.288784500000000222e+00
-1.444000000000000172e+00 -6.267745536000002282e+00 -6.267745536000002282e+00
-1.443000000000000060e+00 -6.246741228000000312e+00 -6.246741228000000312e+00
-1.442000000000000171e+00 -6.225771552000002984e+00 -6.225771552000002984e+00
-1.441000000000000059e+00 -6.204836484000002095e+00 -6.204836484000002095e+00
-1.440000000000000169e+00 -6.183936000000002764e+00 -6.183936000000002764e+00
-1.439000000000000057e+00 -6.163070076000002118e+00 -6.163070076000002118e+00
-1.438000000000000167e+00 -6.142238688000003499e+00 -6.142238688000003499e+00
-1.437000000000000055e+00 -6.121441812000000482e+00 -6.121441812000000482e+00
-1.436000000000000165e+00 -6.100679424000002626e+00 -6.100679424000002626e+00
-1.435000000000000053e+00 -6.079951500000000841e+00 -6.079951500000000841e+00
-1.434000000000000163e+00 -6.059258016000003799e+00 -6.059258016000003799e+00
-1.433000000000000052e+00 -6.038598948000002409e+00 -6.038598948000002409e+00
-1.432000000000000162e+00 -6.017974272000003566e+00 -6.017974272000003566e+00
-1.431000000000000050e+00 -5.997383963999999956e+00 -5.997383963999999956e+00
-1.430000000000000160e+00 -5.976828000000003804e+00 -5.976828000000003804e+00
-1.429000000000000048e+00 -5.956306356000001578e+00 -5.956306356000001578e+00
-1.428000000000000158e+00 -5.935819008000003727e+00 -5.935819008000003727e+00
-1.427000000000000046e+00 -5.915365932000002047e+00 -5.915365932000002047e+00
-1.426000000000000156e+00 -5.894947104000002547e+00 -5.894947104000002547e+00
-1.425000000000000044e+00 -5.874562500000000576e+00 -5.874562500000000576e+00
-1.424000000000000155e+00 -5.854212096000002141e+00 -5.854212096000002141e+00
-1.423000000000000043e+00 -5.833895868000001705e+00 -5.833895868000001705e+00
-1.422000000000000153e+00 -5.813613792000003500e+00 -5.813613792000003500e+00
-1.421000000000000041e+00 -5.793365844000000209e+00 -5.793365844000000209e+00
-1.420000000000000151e+00 -5.773152000000003170e+00 -5.773152000000003170e+00
-1.419000000000000039e+00 -5.752972236000000628e+00 -5.752972236000000628e+00
-1.418000000000000149e+00 -5.732826528000003918e+00 -5.732826528000003918e+00
-1.417000000000000037e+00 -5.712714852000000398e+00 -5.712714852000000398e+00
-1.416000000000000147e+00 -5.692637184000004069e+00 -5.692637184000004069e+00
-1.415000000000000036e+00 -5.672593500000001399e+00 -5.672593500000001399e+00
-1.414000000000000146e+00 -5.652583776000002835e+00 -5.652583776000002835e+00
-1.413000000000000034e+00 -5.632607988000000176e+00 -5.632607988000000176e+00
-1.412000000000000144e+00 -5.612666112000002983e+00 -5.612666112000002983e+00
-1.411000000000000032e+00 -5.592758124000001274e+00 -5.592758124000001274e+00
-1.410000000000000142e+00 -5.572884000000002835e+00 -5.572884000000002835e+00
-1.409000000000000030e+00 -5.553043716000000352e+00 -5.553043716000000352e+00
-1.408000000000000140e+00 -5.533237248000003383e+00 -5.533237248000003383e+00
-1.407000000000000028e+00 -5.513464572000000175e+00 -5.513464572000000175e+00
-1.406000000000000139e+00 -5.493725664000002951e+00 -5.493725664000002951e+00
-1.405000000000000027e+00 -5.474020500000000844e+00 -5.474020500000000844e+00
-1.404000000000000137e+00 -5.454349056000002527e+00 -5.454349056000002527e+00
-1.403000000000000025e+00 -5.434711308000000685e+00 -5.434711308000000685e+00
-1.402000000000000135e+00 -5.415107232000002213e+00 -5.415107232000002213e+00
-1.401000000000000023e+00 -5.395536803999999798e+00 -5.395536803999999798e+00
-1.400000000000000133e+00 -5.376000000000002998e+00 -5.376000000000002998e+00
-1.399000000000000021e+00 -5.356496796000000060e+00 -5.356496796000000060e+00
-1.398000000000000131e+00 -5.337027168000003208e+00 -5.337027168000003208e+00
-1.397000000000000020e+00 -5.317591092000000685e+00 -5.317591092000000685e+00
-1.396000000000000130e+00 -5.298188544000002054e+00 -5.298188544000002054e+00
-1.395000000000000018e+00 -5.278819500000000886e+00 -5.278819500000000886e+00
-1.394000000000000128e+00 -5.259483936000003190e+00 -5.259483936000003190e+00
-1.393000000000000016e+00 -5.240181828000000763e+00 -5.240181828000000763e+00
-1.392000000000000126e+00 -5.220913152000002277e+00 -5.220913152000002277e+00
-1.391000000000000014e+00 -5.201677884000000418e+00 -5.201677884000000418e+00
-1.390000000000000124e+00 -5.182476000000002969e+00 -5.182476000000002969e+00
-1.389000000000000012e+00 -5.163307476000000840e+00 -5.163307476000000840e+00
-1.388000000000000123e+00 -5.144172288000001814e+00 -5.144172288000001814e+00
-1.387000000000000011e+00 -5.125070412000000353e+00 -5.125070412000000353e+00
-1.386000000000000121e+00 -5.106001824000002465e+00 -5.106001824000002465e+00
-1.385000000000000009e+00 -5.086966500000000835e+00 -5.086966500000000835e+00
-1.384000000000000119e+00 -5.067964416000002359e+00 -5.067964416000002359e+00
-1.383000000000000007e+00 -5.048995548000000611e+00 -5.048995548000000611e+00
-1.382000000000000117e+00 -5.030059872000002485e+00 -5.030059872000002485e+00
-1.381000000000000005e+00 -5.011157364000000669e+00 -5.011157364000000669e+00
-1.380000000000000115e+00 -4.992288000000002057e+00 -4.992288000000002057e+00
-1.379000000000000004e+00 -4.973451755999999335e+00 -4.973451755999999335e+00
-1.378000000000000114e+00 -4.954648608000002064e+00 -4.954648608000002064e+00
-1.377000000000000002e+00 -4.935878531999999375e+00 -4.935878531999999375e+00
-1.376000000000000112e+00 -4.917141504000002605e+00 -4.917141504000002605e+00
-1.375000000000000000e+00 -4.898437500000000000e+00 -4.898437500000000000e+00
-1.374000000000000110e+00 -4.879766496000002007e+00 -4.879766496000002007e+00
-1.372999999999999998e+00 -4.861128468000000424e+00 -4.861128468000000424e+00
-1.372000000000000108e+00 -4.842523392000002147e+00 -4.842523392000002147e+00
-1.370999999999999996e+00 -4.823951243999998972e+00 -4.823951243999998972e+00
-1.370000000000000107e+00 -4.805412000000001349e+00 -4.805412000000001349e+00
-1.368999999999999995e+00 -4.786905636000000186e+00 -4.786905636000000186e+00
-1.368000000000000105e+00 -4.768432128000001491e+00 -4.768432128000001491e+00
-1.366999999999999993e+00 -4.749991452000000614e+00 -4.749991452000000614e+00
-1.366000000000000103e+00 -4.731583584000002674e+00 -4.731583584000002674e+00
-1.364999999999999991e+00 -4.713208499999999468e+00 -4.713208499999999468e+00
-1.364000000000000101e+00 -4.694866176000002334e+00 -4.694866176000002334e+00
-1.362999999999999989e+00 -4.676556588000000403e+00 -4.676556588000000403e+00
-1.362000000000000099e+00 -4.658279712000002348e+00 -4.658279712000002348e+00
-1.360999999999999988e+00 -4.640035523999999079e+00 -4.640035523999999079e+00
-1.360000000000000098e+00 -4.621824000000001931e+00 -4.621824000000001931e+00
-1.358999999999999986e+00 -4.603645116000000037e+00 -4.603645116000000037e+00
-1.358000000000000096e+00 -4.585498848000002070e+00 -4.585498848000002070e+00
-1.357000000000000206e+00 -4.567385172000003379e+00 -4.567385172000003379e+00
-1.356000000000000094e+00 -4.549304064000001091e+00 -4.549304064000001091e+00
-1.354999999999999982e+00 -4.531255500000000325e+00 -4.531255500000000325e+00
-1.354000000000000092e+00 -4.513239456000000871e+00 -4.513239456000000871e+00
-1.353000000000000203e+00 -4.495255908000004297e+00 -4.495255908000004297e+00
-1.352000000000000091e+00 -4.477304832000001511e+00 -4.477304832000001511e+00
-1.350999999999999979e+00 -4.459386203999999410e+00 -4.459386203999999410e+00
-1.350000000000000089e+00 -4.441500000000001336e+00 -4.441500000000001336e+00
-1.349000000000000199e+00 -4.423646196000002639e+00 -4.423646196000002639e+00
-1.348000000000000087e+00 -4.405824768000001335e+00 -4.405824768000001335e+00
-1.346999999999999975e+00 -4.388035691999999877e+00 -4.388035691999999877e+00
-1.346000000000000085e+00 -4.370278944000001609e+00 -4.370278944000001609e+00
-1.345000000000000195e+00 -4.352554500000003657e+00 -4.352554500000003657e+00
-1.344000000000000083e+00 -4.334862336000001370e+00 -4.334862336000001370e+00
-1.342999999999999972e+00 -4.317202427999998982e+00 -4.317202427999998982e+00
-1.342000000000000082e+00 -4.299574752000001610e+00 -4.299574752000001610e+00
-1.341000000000000192e+00 -4.281979284000002828e+00 -4.281979284000002828e+00
-1.340000000000000080e+00 -4.264416000000001539e+00 -4.264416000000001539e+00
-1.338999999999999968e+00 -4.246884876000000197e+00 -4.246884876000000197e+00
-1.338000000000000078e+00 -4.229385888000001259e+00 -4.229385888000001259e+00
-1.337000000000000188e+00 -4.211919012000002738e+00 -4.211919012000002738e+00
-1.336000000000000076e+00 -4.194484224000001760e+00 -4.194484224000001760e+00
-1.334999999999999964e+00 -4.177081499999999892e+00 -4.177081499999999892e+00
-1.334000000000000075e+00 -4.159710816000001365e+00 -4.159710816000001365e+00
-1.333000000000000185e+00 -4.142372148000002419e+00 -4.142372148000002419e+00
-1.332000000000000073e+00 -4.125065472000001954e+00 -4.125065472000001954e+00
-1.330999999999999961e+00 -4.107790763999999761e+00 -4.107790763999999761e+00
-1.330000000000000071e+00 -4.090548000000000961e+00 -4.090548000000000961e+00
-1.329000000000000181e+00 -4.073337156000002679e+00 -4.073337156000002679e+00
-1.328000000000000069e+00 -4.056158208000002041e+00 -4.056158208000002041e+00
-1.326999999999999957e+00 -4.039011131999999726e+00 -4.039011131999999726e+00
-1.326000000000000068e+00 -4.021895904000000854e+00 -4.021895904000000854e+00
-1.325000000000000178e+00 -4.004812500000002551e+00 -4.004812500000002551e+00
-1.324000000000000066e+00 -3.987760896000000610e+00 -3.987760896000000610e+00
-1.322999999999999954e+00 -3.970741067999998819e+00 -3.970741067999998819e+00
-1.322000000000000064e+00 -3.953752992000001409e+00 -3.953752992000001409e+00
-1.321000000000000174e+00 -3.936796644000003287e+00 -3.936796644000003287e+00
-1.320000000000000062e+00 -3.919872000000001133e+00 -3.919872000000001133e+00
-1.318999999999999950e+00 -3.902979035999999180e+00 -3.902979035999999180e+00
-1.318000000000000060e+00 -3.886117728000000771e+00 -3.886117728000000771e+00
-1.317000000000000171e+00 -3.869288052000002587e+00 -3.869288052000002587e+00
-1.316000000000000059e+00 -3.852489984000000423e+00 -3.852489984000000423e+00
-1.314999999999999947e+00 -3.835723499999998953e+00 -3.835723499999998953e+00
-1.314000000000000057e+00 -3.818988576000001522e+00 -3.818988576000001522e+00
-1.313000000000000167e+00 -3.802285188000003480e+00 -3.802285188000003480e+00
-1.312000000000000055e+00 -3.785613312000001063e+00 -3.785613312000001063e+00
-1.311000000000000165e+00 -3.768972924000002500e+00 -3.768972924000002500e+00
-1.310000000000000053e+00 -3.752364000000000921e+00 -3.752364000000000921e+00
-1.309000000000000163e+00 -3.735786516000002777e+00 -3.735786516000002777e+00
-1.308000000000000052e+00 -3.719240448000001198e+00 -3.719240448000001198e+00
-1.307000000000000162e+00 -3.702725772000002191e+00 -3.702725772000002191e+00
-1.306000000000000050e+00 -3.686242464000001107e+00 -3.686242464000001107e+00
-1.305000000000000160e+00 -3.669790500000002620e+00 -3.669790500000002620e+00
-1.304000000000000048e+00 -3.653369856000000748e+00 -3.653369856000000748e+00
-1.303000000000000158e+00 -3.636980508000002388e+00 -3.636980508000002388e+00
-1.302000000000000046e+00 -3.620622432000001112e+00 -3.620622432000001112e+00
-1.301000000000000156e+00 -3.604295604000002928e+00 -3.604295604000002928e+00
-1.300000000000000044e+00 -3.588000000000000966e+00 -3.588000000000000966e+00
-1.299000000000000155e+00 -3.571735596000002566e+00 -3.571735596000002566e+00
-1.298000000000000043e+00 -3.555502368000001301e+00 -3.555502368000001301e+00
-1.297000000000000153e+00 -3.539300292000001846e+00 -3.539300292000001846e+00
-1.296000000000000041e+00 -3.523129343999999996e+00 -3.523129343999999996e+00
-1.295000000000000151e+00 -3.506989500000002646e+00 -3.506989500000002646e+00
-1.294000000000000039e+00 -3.490880736000000262e+00 -3.490880736000000262e+00
-1.293000000000000149e+00 -3.474803028000002403e+00 -3.474803028000002403e+00
-1.292000000000000037e+00 -3.458756352000000422e+00 -3.458756352000000422e+00
-1.291000000000000147e+00 -3.442740684000002105e+00 -3.442740684000002105e+00
-1.290000000000000036e+00 -3.426756000000000579e+00 -3.426756000000000579e+00
-1.289000000000000146e+00 -3.410802276000002742e+00 -3.410802276000002742e+00
-1.288000000000000034e+00 -3.394879488000001277e+00 -3.394879488000001277e+00
-1.287000000000000144e+00 -3.378987612000002638e+00 -3.378987612000002638e+00
-1.286000000000000032e+00 -3.363126624000000398e+00 -3.363126624000000398e+00
-1.285000000000000142e+00 -3.347296500000002339e+00 -3.347296500000002339e+00
-1.284000000000000030e+00 -3.331497216000000705e+00 -3.331497216000000705e+00
-1.283000000000000140e+00 -3.315728748000002390e+00 -3.315728748000002390e+00
-1.282000000000000028e+00 -3.299991072000000081e+00 -3.299991072000000081e+00
-1.281000000000000139e+00 -3.284284164000002004e+00 -3.284284164000002004e+00
-1.280000000000000027e+00 -3.268608000000000402e+00 -3.268608000000000402e+00
-1.279000000000000137e+00 -3.252962556000002170e+00 -3.252962556000002170e+00
-1.278000000000000025e+00 -3.237347807999999993e+00 -3.237347807999999993e+00
-1.277000000000000135e+00 -3.221763732000002101e+00 -3.221763732000002101e+00
-1.276000000000000023e+00 -3.206210304000000288e+00 -3.206210304000000288e+00
-1.275000000000000133e+00 -3.190687500000001897e+00 -3.190687500000001897e+00
-1.274000000000000021e+00 -3.175195296000000056e+00 -3.175195296000000056e+00
-1.273000000000000131e+00 -3.159733668000002105e+00 -3.159733668000002105e+00
-1.272000000000000020e+00 -3.144302592000000285e+00 -3.144302592000000285e+00
-1.271000000000000130e+00 -3.128902044000001936e+00 -3.128902044000001936e+00
-1.270000000000000018e+00 -3.113532000000000188e+00 -3.113532000000000188e+00
-1.269000000000000128e+00 -3.098192436000002381e+00 -3.098192436000002381e+00
-1.268000000000000016e+00 -3.082883328000000756e+00 -3.082883328000000756e+00
-1.267000000000000126e+00 -3.067604652000002208e+00 -3.067604652000002208e+00
-1.266000000000000014e+00 -3.052356384000000311e+00 -3.052356384000000311e+00
-1.265000000000000124e+00 -3.037138500000001518e+00 -3.037138500000001518e+00
-1.264000000000000012e+00 -3.021950975999999844e+00 -3.021950975999999844e+00
-1.263000000000000123e+00 -3.006793788000001744e+00 -3.006793788000001744e+00
-1.262000000000000011e+00 -2.991666911999999900e+00 -2.991666911999999900e+00
-1.261000000000000121e+00 -2.976570324000002099e+00 -2.976570324000002099e+00
-1.260000000000000009e+00 -2.961504000000000580e+00 -2.961504000000000580e+00
-1.259000000000000119e+00 -2.946467916000002241e+00 -2.946467916000002241e+00
-1.258000000000000007e+00 -2.931462048000000209e+00 -2.931462048000000209e+00
-1.257000000000000117e+00 -2.916486372000001381e+00 -2.916486372000001381e+00
-1.256000000000000005e+00 -2.901540864000000219e+00 -2.901540864000000219e+00
-1.255000000000000115e+00 -2.886625500000001843e+00 -2.886625500000001843e+00
-1.254000000000000004e+00 -2.871740256000000269e+00 -2.871740256000000269e+00
-1.253000000000000114e+00 -2.856885108000001505e+00 -2.856885108000001505e+00
-1.252000000000000002e+00 -2.842060032000000014e+00 -2.842060032000000014e+00
-1.251000000000000112e+00 -2.827265004000001802e+00 -2.827265004000001802e+00
-1.250000000000000000e+00 -2.812500000000000000e+00 -2.812500000000000000e+00
-1.249000000000000110e+00 -2.797764996000001059e+00 -2.797764996000001059e+00
-1.248000000000000220e+00 -2.783059968000002549e+00 -2.783059968000002549e+00
-1.247000000000000108e+00 -2.768384892000001596e+00 -2.768384892000001596e+00
-1.245999999999999996e+00 -2.753739744000000211e+00 -2.753739744000000211e+00
-1.245000000000000107e+00 -2.739124500000001294e+00 -2.739124500000001294e+00
-1.244000000000000217e+00 -2.724539136000002859e+00 -2.724539136000002859e+00
-1.243000000000000105e+00 -2.709983628000002032e+00 -2.709983628000002032e+00
-1.241999999999999993e+00 -2.695457952000000379e+00 -2.695457952000000379e+00
-1.241000000000000103e+00 -2.680962084000001688e+00 -2.680962084000001688e+00
-1.240000000000000213e+00 -2.666496000000003086e+00 -2.666496000000003086e+00
-1.239000000000000101e+00 -2.652059676000001254e+00 -2.652059676000001254e+00
-1.237999999999999989e+00 -2.637653087999999535e+00 -2.637653087999999535e+00
-1.237000000000000099e+00 -2.623276212000001717e+00 -2.623276212000001717e+00
-1.236000000000000210e+00 -2.608929024000003594e+00 -2.608929024000003594e+00
-1.235000000000000098e+00 -2.594611500000001403e+00 -2.594611500000001403e+00
-1.233999999999999986e+00 -2.580323615999999820e+00 -2.580323615999999820e+00
-1.233000000000000096e+00 -2.566065348000001300e+00 -2.566065348000001300e+00
-1.232000000000000206e+00 -2.551836672000002970e+00 -2.551836672000002970e+00
-1.231000000000000094e+00 -2.537637564000001067e+00 -2.537637564000001067e+00
-1.229999999999999982e+00 -2.523467999999999378e+00 -2.523467999999999378e+00
-1.229000000000000092e+00 -2.509327956000000803e+00 -2.509327956000000803e+00
-1.228000000000000203e+00 -2.495217408000002468e+00 -2.495217408000002468e+00
-1.227000000000000091e+00 -2.481136332000000611e+00 -2.481136332000000611e+00
-1.225999999999999979e+00 -2.467084703999999462e+00 -2.467084703999999462e+00
-1.225000000000000089e+00 -2.453062500000001922e+00 -2.453062500000001922e+00
-1.224000000000000199e+00 -2.439069696000002452e+00 -2.439069696000002452e+00
-1.223000000000000087e+00 -2.425106268000001730e+00 -2.425106268000001730e+00
-1.221999999999999975e+00 -2.411172191999999104e+00 -2.411172191999999104e+00
-1.221000000000000085e+00 -2.397267444000001468e+00 -2.397267444000001468e+00
-1.220000000000000195e+00 -2.383392000000002398e+00 -2.383392000000002398e+00
-1.219000000000000083e+00 -2.369545836000001682e+00 -2.369545836000001682e+00
-1.217999999999999972e+00 -2.355728927999999112e+00 -2.355728927999999112e+00
-1.217000000000000082e+00 -2.341941252000000695e+00 -2.341941252000000695e+00
-1.216000000000000192e+00 -2.328182784000002226e+00 -2.328182784000002226e+00
-1.215000000000000080e+00 -2.314453500000000830e+00 -2.314453500000000830e+00
-1.213999999999999968e+00 -2.300753375999999406e+00 -2.300753375999999406e+00
-1.213000000000000078e+00 -2.287082388000000854e+00 -2.287082388000000854e+00
-1.212000000000000188e+00 -2.273440512000002744e+00 -2.273440512000002744e+00
-1.211000000000000076e+00 -2.259827724000000870e+00 -2.259827724000000870e+00
-1.209999999999999964e+00 -2.246243999999999907e+00 -2.246243999999999907e+00
-1.209000000000000075e+00 -2.232689316000001423e+00 -2.232689316000001423e+00
-1.208000000000000185e+00 -2.219163648000002098e+00 -2.219163648000002098e+00
-1.207000000000000073e+00 -2.205666972000001280e+00 -2.205666972000001280e+00
-1.205999999999999961e+00 -2.192199263999999204e+00 -2.192199263999999204e+00
-1.205000000000000071e+00 -2.178760500000000544e+00 -2.178760500000000544e+00
-1.204000000000000181e+00 -2.165350656000002427e+00 -2.165350656000002427e+00
-1.203000000000000069e+00 -2.151969708000001091e+00 -2.151969708000001091e+00
-1.201999999999999957e+00 -2.138617631999999880e+00 -2.138617631999999880e+00
-1.201000000000000068e+00 -2.125294404000001247e+00 -2.125294404000001247e+00
-1.200000000000000178e+00 -2.112000000000002320e+00 -2.112000000000002320e+00
-1.199000000000000066e+00 -2.098734396000000668e+00 -2.098734396000000668e+00
-1.197999999999999954e+00 -2.085497567999999635e+00 -2.085497567999999635e+00
-1.197000000000000064e+00 -2.072289492000001232e+00 -2.072289492000001232e+00
-1.196000000000000174e+00 -2.059110144000002141e+00 -2.059110144000002141e+00
-1.195000000000000062e+00 -2.045959500000000375e+00 -2.045959500000000375e+00
-1.193999999999999950e+00 -2.032837535999999279e+00 -2.032837535999999279e+00
-1.193000000000000060e+00 -2.019744228000001307e+00 -2.019744228000001307e+00
-1.192000000000000171e+00 -2.006679552000001809e+00 -2.006679552000001809e+00
-1.191000000000000059e+00 -1.993643484000000576e+00 -1.993643484000000576e+00
-1.189999999999999947e+00 -1.980635999999999397e+00 -1.980635999999999397e+00
-1.189000000000000057e+00 -1.967657076000001171e+00 -1.967657076000001171e+00
-1.188000000000000167e+00 -1.954706688000002135e+00 -1.954706688000002135e+00
-1.187000000000000055e+00 -1.941784812000000748e+00 -1.941784812000000748e+00
-1.185999999999999943e+00 -1.928891423999999688e+00 -1.928891423999999688e+00
-1.185000000000000053e+00 -1.916026500000000299e+00 -1.916026500000000299e+00
-1.184000000000000163e+00 -1.903190016000002371e+00 -1.903190016000002371e+00
-1.183000000000000052e+00 -1.890381948000001033e+00 -1.890381948000001033e+00
-1.182000000000000162e+00 -1.877602272000002515e+00 -1.877602272000002515e+00
-1.181000000000000050e+00 -1.864850964000000832e+00 -1.864850964000000832e+00
-1.180000000000000160e+00 -1.852128000000001773e+00 -1.852128000000001773e+00
-1.179000000000000048e+00 -1.839433356000000463e+00 -1.839433356000000463e+00
-1.178000000000000158e+00 -1.826767008000002024e+00 -1.826767008000002024e+00
-1.177000000000000046e+00 -1.814128932000000249e+00 -1.814128932000000249e+00
-1.176000000000000156e+00 -1.801519104000002258e+00 -1.801519104000002258e+00
-1.175000000000000044e+00 -1.788937500000001180e+00 -1.788937500000001180e+00
-1.174000000000000155e+00 -1.776384096000001467e+00 -1.776384096000001467e+00
-1.173000000000000043e+00 -1.763858868000000912e+00 -1.763858868000000912e+00
-1.172000000000000153e+00 -1.751361792000001971e+00 -1.751361792000001971e+00
-1.171000000000000041e+00 -1.738892844000000881e+00 -1.738892844000000881e+00
-1.170000000000000151e+00 -1.726452000000002318e+00 -1.726452000000002318e+00
-1.169000000000000039e+00 -1.714039236000000743e+00 -1.714039236000000743e+00
-1.168000000000000149e+00 -1.701654528000001720e+00 -1.701654528000001720e+00
-1.167000000000000037e+00 -1.689297852000000599e+00 -1.689297852000000599e+00
-1.166000000000000147e+00 -1.676969184000002278e+00 -1.676969184000002278e+00
-1.165000000000000036e+00 -1.664668500000000551e+00 -1.664668500000000551e+00
-1.164000000000000146e+00 -1.652395776000001648e+00 -1.652395776000001648e+00
-1.163000000000000034e+00 -1.640150988000000698e+00 -1.640150988000000698e+00
-1.162000000000000144e+00 -1.627934112000002154e+00 -1.627934112000002154e+00
-1.161000000000000032e+00 -1.615745124000000699e+00 -1.615745124000000699e+00
-1.160000000000000142e+00 -1.603584000000001897e+00 -1.603584000000001897e+00
-1.159000000000000030e+00 -1.591450716000000876e+00 -1.591450716000000876e+00
-1.158000000000000140e+00 -1.579345248000001423e+00 -1.579345248000001423e+00
-1.157000000000000028e+00 -1.567267571999999998e+00 -1.567267571999999998e+00
-1.156000000000000139e+00 -1.555217664000002165e+00 -1.555217664000002165e+00
-1.155000000000000027e+00 -1.543195500000000164e+00 -1.543195500000000164e+00
-1.154000000000000137e+00 -1.531201056000001781e+00 -1.531201056000001781e+00
-1.153000000000000025e+00 -1.519234308000000366e+00 -1.519234308000000366e+00
-1.152000000000000135e+00 -1.507295232000001484e+00 -1.507295232000001484e+00
-1.151000000000000023e+00 -1.495383804000000483e+00 -1.495383804000000483e+00
-1.150000000000000133e+00 -1.483500000000001151e+00 -1.483500000000001151e+00
-1.149000000000000021e+00 -1.471643795999999726e+00 -1.471643795999999726e+00
-1.148000000000000131e+00 -1.459815168000001995e+00 -1.459815168000001995e+00
-1.147000000000000020e+00 -1.448014092000000197e+00 -1.448014092000000197e+00
-1.146000000000000130e+00 -1.436240544000001895e+00 -1.436240544000001895e+00
-1.145000000000000018e+00 -1.424494500000000441e+00 -1.424494500000000441e+00
-1.144000000000000128e+00 -1.412775936000001620e+00 -1.412775936000001620e+00
-1.143000000000000016e+00 -1.401084827999999893e+00 -1.401084827999999893e+00
-1.142000000000000126e+00 -1.389421152000001713e+00 -1.389421152000001713e+00
-1.141000000000000014e+00 -1.377784884000000210e+00 -1.377784884000000210e+00
-1.140000000000000124e+00 -1.366176000000001611e+00 -1.366176000000001611e+00
-1.139000000000000012e+00 -1.354594475999999714e+00 -1.354594475999999714e+00
-1.138000000000000123e+00 -1.343040288000001636e+00 -1.343040288000001636e+00
-1.137000000000000011e+00 -1.331513412000000285e+00 -1.331513412000000285e+00
-1.136000000000000121e+00 -1.320013824000001446e+00 -1.320013824000001446e+00
-1.135000000000000009e+00 -1.308541499999999802e+00 -1.308541499999999802e+00
-1.134000000000000119e+00 -1.297096416000001584e+00 -1.297096416000001584e+00
-1.133000000000000007e+00 -1.285678548000000365e+00 -1.285678548000000365e+00
-1.132000000000000117e+00 -1.274287872000001709e+00 -1.274287872000001709e+00
-1.131000000000000005e+00 -1.262924364000000077e+00 -1.262924364000000077e+00
-1.130000000000000115e+00 -1.251588000000001699e+00 -1.251588000000001699e+00
-1.129000000000000004e+00 -1.240278755999999705e+00 -1.240278755999999705e+00
-1.128000000000000114e+00 -1.228996608000000990e+00 -1.228996608000000990e+00
-1.127000000000000002e+00 -1.217741532000000237e+00 -1.217741532000000237e+00
-1.126000000000000112e+00 -1.206513504000001236e+00 -1.206513504000001236e+00
-1.125000000000000000e+00 -1.195312500000000000e+00 -1.195312500000000000e+00
-1.124000000000000110e+00 -1.184138496000001428e+00 -1.184138496000001428e+00
-1.122999999999999998e+00 -1.172991467999999760e+00 -1.172991467999999760e+00
-1.122000000000000108e+00 -1.161871392000001668e+00 -1.161871392000001668e+00
-1.120999999999999996e+00 -1.150778243999999617e+00 -1.150778243999999617e+00
-1.120000000000000107e+00 -1.139712000000000947e+00 -1.139712000000000947e+00
-1.119000000000000217e+00 -1.128672636000002560e+00 -1.128672636000002560e+00
-1.118000000000000105e+00 -1.117660128000001363e+00 -1.117660128000001363e+00
-1.116999999999999993e+00 -1.106674452000000253e+00 -1.106674452000000253e+00
-1.116000000000000103e+00 -1.095715584000001686e+00 -1.095715584000001686e+00
-1.115000000000000213e+00 -1.084783500000002343e+00 -1.084783500000002343e+00
-1.114000000000000101e+00 -1.073878176000001128e+00 -1.073878176000001128e+00
-1.112999999999999989e+00 -1.062999588000000051e+00 -1.062999588000000051e+00
-1.112000000000000099e+00 -1.052147712000001567e+00 -1.052147712000001567e+00
-1.111000000000000210e+00 -1.041322524000002137e+00 -1.041322524000002137e+00
-1.110000000000000098e+00 -1.030524000000000884e+00 -1.030524000000000884e+00
-1.108999999999999986e+00 -1.019752116000000042e+00 -1.019752116000000042e+00
-1.108000000000000096e+00 -1.009006848000001400e+00 -1.009006848000001400e+00
-1.107000000000000206e+00 -9.982881720000021941e-01 -9.982881720000021941e-01
-1.106000000000000094e+00 -9.875960640000009949e-01 -9.875960640000009949e-01
-1.104999999999999982e+00 -9.769305000000001460e-01 -9.769305000000001460e-01
-1.104000000000000092e+00 -9.662914560000006592e-01 -9.662914560000006592e-01
-1.103000000000000203e+00 -9.556789080000023251e-01 -9.556789080000023251e-01
-1.102000000000000091e+00 -9.450928320000012706e-01 -9.450928320000012706e-01
-1.100999999999999979e+00 -9.345332039999993956e-01 -9.345332039999993956e-01
-1.100000000000000089e+00 -9.240000000000009317e-01 -9.240000000000009317e-01
-1.099000000000000199e+00 -9.134931960000016726e-01 -9.134931960000016726e-01
-1.098000000000000087e+00 -9.030127680000006318e-01 -9.030127680000006318e-01
-1.096999999999999975e+00 -8.925586919999997093e-01 -8.925586919999997093e-01
-1.096000000000000085e+00 -8.821309440000013602e-01 -8.821309440000013602e-01
-1.095000000000000195e+00 -8.717295000000021554e-01 -8.717295000000021554e-01
-1.094000000000000083e+00 -8.613543360000011084e-01 -8.613543360000011084e-01
-1.092999999999999972e+00 -8.510054279999993421e-01 -8.510054279999993421e-01
-1.092000000000000082e+00 -8.406827520000008658e-01 -8.406827520000008658e-01
-1.091000000000000192e+00 -8.303862840000016954e-01 -8.303862840000016954e-01
-1.090000000000000080e+00 -8.201160000000007333e-01 -8.201160000000007333e-01
-1.088999999999999968e+00 -8.098718759999999905e-01 -8.098718759999999905e-01
-1.088000000000000078e+00 -7.996538880000005900e-01 -7.996538880000005900e-01
-1.087000000000000188e+00 -7.894620120000015451e-01 -7.894620120000015451e-01
-1.086000000000000076e+00 -7.792962240000005369e-01 -7.792962240000005369e-01
-1.084999999999999964e+00 -7.691564999999997987e-01 -7.691564999999997987e-01
-1.084000000000000075e+00 -7.590428160000004532e-01 -7.590428160000004532e-01
-1.083000000000000185e+00 -7.489551480000014028e-01 -7.489551480000014028e-01
-1.082000000000000073e+00 -7.388934720000004397e-01 -7.388934720000004397e-01
-1.080999999999999961e+00 -7.288577639999997970e-01 -7.288577639999997970e-01
-1.080000000000000071e+00 -7.188480000000004866e-01 -7.188480000000004866e-01
-1.079000000000000181e+00 -7.088641560000014108e-01 -7.088641560000014108e-01
-1.078000000000000069e+00 -6.989062080000005839e-01 -6.989062080000005839e-01
-1.076999999999999957e+00 -6.889741319999999059e-01 -6.889741319999999059e-01
-1.076000000000000068e+00 -6.790679040000006106e-01 -6.790679040000006106e-01
-1.075000000000000178e+00 -6.691875000000016005e-01 -6.691875000000016005e-01
-1.074000000000000066e+00 -6.593328960000007788e-01 -6.593328960000007788e-01
-1.072999999999999954e+00 -6.495040679999992683e-01 -6.495040679999992683e-01
-1.072000000000000064e+00 -6.397009920000009675e-01 -6.397009920000009675e-01
-1.071000000000000174e+00 -6.299236440000018922e-01 -6.299236440000018922e-01
-1.070000000000000062e+00 -6.201720000000001676e-01 -6.201720000000001676e-01
-1.068999999999999950e+00 -6.104460359999995811e-01 -6.104460359999995811e-01
-1.068000000000000060e+00 -6.007457280000003674e-01 -6.007457280000003674e-01
-1.067000000000000171e+00 -5.910710520000014290e-01 -5.910710520000014290e-01
-1.066000000000000059e+00 -5.814219840000006689e-01 -5.814219840000006689e-01
-1.064999999999999947e+00 -5.717984999999992102e-01 -5.717984999999992102e-01
-1.064000000000000057e+00 -5.622005760000009511e-01 -5.622005760000009511e-01
-1.063000000000000167e+00 -5.526281880000020186e-01 -5.526281880000020186e-01
-1.062000000000000055e+00 -5.430813120000003158e-01 -5.430813120000003158e-01
-1.060999999999999943e+00 -5.335599239999998522e-01 -5.335599239999998522e-01
-1.060000000000000053e+00 -5.240640000000006404e-01 -5.240640000000006404e-01
-1.059000000000000163e+00 -5.145935160000016939e-01 -5.145935160000016939e-01
-1.058000000000000052e+00 -5.051484480000001387e-01 -5.051484480000001387e-01
-1.056999999999999940e+00 -4.957287719999997067e-01 -4.957287719999997067e-01
-1.056000000000000050e+00 -4.863344640000005770e-01 -4.863344640000005770e-01
-1.055000000000000160e+00 -4.769655000000016520e-01 -4.769655000000016520e-01
-1.054000000000000048e+00 -4.676218560000000579e-01 -4.676218560000000579e-01
-1.052999999999999936e+00 -4.583035079999996930e-01 -4.583035079999996930e-01
-1.052000000000000046e+00 -4.490104320000005700e-01 -4.490104320000005700e-01
-1.051000000000000156e+00 -4.397426040000017022e-01 -4.397426040000017022e-01
-1.050000000000000044e+00 -4.305000000000001603e-01 -4.305000000000001603e-01
-1.048999999999999932e+00 -4.212825959999998426e-01 -4.212825959999998426e-01
-1.048000000000000043e+00 -4.120903680000007063e-01 -4.120903680000007063e-01
-1.047000000000000153e+00 -4.029232920000009321e-01 -4.029232920000009321e-01
-1.046000000000000041e+00 -3.937813440000003662e-01 -3.937813440000003662e-01
-1.044999999999999929e+00 -3.846644999999991321e-01 -3.846644999999991321e-01
-1.044000000000000039e+00 -3.755727360000000736e-01 -3.755727360000000736e-01
-1.043000000000000149e+00 -3.665060280000012605e-01 -3.665060280000012605e-01
-1.042000000000000037e+00 -3.574643520000007624e-01 -3.574643520000007624e-01
-1.040999999999999925e+00 -3.484476839999995357e-01 -3.484476839999995357e-01
-1.040000000000000036e+00 -3.394560000000004796e-01 -3.394560000000004796e-01
-1.039000000000000146e+00 -3.304892760000017193e-01 -3.304892760000017193e-01
-1.038000000000000034e+00 -3.215474880000002700e-01 -3.215474880000002700e-01
-1.036999999999999922e+00 -3.126306119999991417e-01 -3.126306119999991417e-01
-1.036000000000000032e+00 -3.037386240000001236e-01 -3.037386240000001236e-01
-1.035000000000000142e+00 -2.948715000000013409e-01 -2.948715000000013409e-01
-1.034000000000000030e+00 -2.860292159999999750e-01 -2.860292159999999750e-01
-1.032999999999999918e+00 -2.772117479999988698e-01 -2.772117479999988698e-01
-1.032000000000000028e+00 -2.684190719999998698e-01 -2.684190719999998698e-01
-1.031000000000000139e+00 -2.596511640000011556e-01 -2.596511640000011556e-01
-1.030000000000000027e+00 -2.509079999999997979e-01 -2.509079999999997979e-01
-1.028999999999999915e+00 -2.421895559999996672e-01 -2.421895559999996672e-01
-1.028000000000000025e+00 -2.334958079999997771e-01 -2.334958079999997771e-01
-1.027000000000000135e+00 -2.248267320000010561e-01 -2.248267320000010561e-01
-1.026000000000000023e+00 -2.161823039999997698e-01 -2.161823039999997698e-01
-1.024999999999999911e+00 -2.075624999999996501e-01 -2.075624999999996501e-01
-1.024000000000000021e+00 -1.989672959999998214e-01 -1.989672959999998214e-01
-1.023000000000000131e+00 -1.903966680000011014e-01 -1.903966680000011014e-01
-1.022000000000000242e+00 -1.818505920000017262e-01 -1.818505920000017262e-01
-1.021000000000000130e+00 -1.733290440000007371e-01 -1.733290440000007371e-01
-1.020000000000000018e+00 -1.648319999999999785e-01 -1.648319999999999785e-01
-1.019000000000000128e+00 -1.563594360000012951e-01 -1.563594360000012951e-01
-1.018000000000000238e+00 -1.479113280000019237e-01 -1.479113280000019237e-01
-1.017000000000000126e+00 -1.394876520000009890e-01 -1.394876520000009890e-01
-1.016000000000000014e+00 -1.310883840000002520e-01 -1.310883840000002520e-01
-1.015000000000000124e+00 -1.227135000000006970e-01 -1.227135000000006970e-01
-1.014000000000000234e+00 -1.143629760000022672e-01 -1.143629760000022672e-01
-1.013000000000000123e+00 -1.060367880000013530e-01 -1.060367880000013530e-01
-1.012000000000000011e+00 -9.773491199999977119e-02 -9.773491199999977119e-02
-1.011000000000000121e+00 -8.945732400000114271e-02 -8.945732400000114271e-02
-1.010000000000000231e+00 -8.120400000000184415e-02 -8.120400000000184415e-02
-1.009000000000000119e+00 -7.297491600000095835e-02 -7.297491600000095835e-02
-1.008000000000000007e+00 -6.477004800000031592e-02 -6.477004800000031592e-02
-1.007000000000000117e+00 -5.658937200000081075e-02 -5.658937200000081075e-02
-1.006000000000000227e+00 -4.843286400000153952e-02 -4.843286400000153952e-02
-1.005000000000000115e+00 -4.030050000000069688e-02 -4.030050000000069688e-02
-1.004000000000000004e+00 -3.219225600000009263e-02 -3.219225600000009263e-02
-1.003000000000000114e+00 -2.410810800000061718e-02 -2.410810800000061718e-02
-1.002000000000000224e+00 -1.604803200000136723e-02 -1.604803200000136723e-02
-1.001000000000000112e+00 -8.012004000000566908e-03 -8.012004000000566908e-03
-1.000000000000000000e+00 -0.000000000000000000e+00 -0.000000000000000000e+00
-9.990000000000001101e-01 7.988003999999005941e-03 7.988003999999005941e-03
-9.980000000000001092e-01 1.595203199999911323e-02 1.595203199999911323e-02
-9.970000000000001084e-01 2.389210799999899257e-02 2.389210799999899257e-02
-9.960000000000001075e-01 3.180825599999908410e-02 3.180825599999908410e-02
-9.950000000000001066e-01 3.970049999999894497e-02 3.970049999999894497e-02
-9.940000000000001057e-01 4.756886399999902398e-02 4.756886399999902398e-02
-9.930000000000001048e-01 5.541337199999930851e-02 5.541337199999930851e-02
-9.920000000000001039e-01 6.323404799999936265e-02 6.323404799999936265e-02
-9.910000000000001030e-01 7.103091599999919459e-02 7.103091599999919459e-02
-9.900000000000001021e-01 7.880399999999924965e-02 7.880399999999924965e-02
-9.890000000000001013e-01 8.655332399999905724e-02 8.655332399999905724e-02
-9.880000000000001004e-01 9.427891199999909044e-02 9.427891199999909044e-02
-9.870000000000000995e-01 1.019807879999993228e-01 1.019807879999993228e-01
-9.860000000000000986e-01 1.096589759999993391e-01 1.096589759999993391e-01
-9.850000000000000977e-01 1.173134999999991268e-01 1.173134999999991268e-01
-9.840000000000000968e-01 1.249443839999991174e-01 1.249443839999991174e-01
-9.830000000000000959e-01 1.325516519999993259e-01 1.325516519999993259e-01
-9.820000000000000950e-01 1.401353279999993096e-01 1.401353279999993096e-01
-9.810000000000000941e-01 1.476954359999994859e-01 1.476954359999994859e-01
-9.800000000000000933e-01 1.552319999999994538e-01 1.552319999999994538e-01
-9.790000000000000924e-01 1.627450439999992005e-01 1.627450439999992005e-01
-9.780000000000000915e-01 1.702345919999991575e-01 1.702345919999991575e-01
-9.770000000000000906e-01 1.777006679999993122e-01 1.777006679999993122e-01
-9.760000000000000897e-01 1.851432959999992356e-01 1.851432959999992356e-01
-9.750000000000000888e-01 1.925624999999993869e-01 1.925624999999993869e-01
-9.740000000000000879e-01 1.999583039999992817e-01 1.999583039999992817e-01
-9.730000000000000870e-01 2.073307319999994069e-01 2.073307319999994069e-01
-9.720000000000000862e-01 2.146798079999993336e-01 2.146798079999993336e-01
-9.710000000000000853e-01 2.220055559999994377e-01 2.220055559999994377e-01
-9.700000000000000844e-01 2.293079999999993179e-01 2.293079999999993179e-01
-9.690000000000000835e-01 2.365871639999994058e-01 2.365871639999994058e-01
-9.680000000000000826e-01 2.438430719999992724e-01 2.438430719999992724e-01
-9.670000000000000817e-01 2.510757479999993769e-01 2.510757479999993769e-01
-9.660000000000000808e-01 2.582852159999992070e-01 2.582852159999992070e-01
-9.650000000000000799e-01 2.654714999999993053e-01 2.654714999999993053e-01
-9.640000000000000790e-01 2.726346239999995480e-01 2.726346239999995480e-01
-9.630000000000000782e-01 2.797746119999995895e-01 2.797746119999995895e-01
-9.620000000000000773e-01 2.868914879999994172e-01 2.868914879999994172e-01
-9.610000000000000764e-01 2.939852759999994625e-01 2.939852759999994625e-01
-9.600000000000000755e-01 3.010559999999992686e-01 3.010559999999992686e-01
-9.590000000000000746e-01 3.081036839999992671e-01 3.081036839999992671e-01
-9.580000000000000737e-01 3.151283519999995009e-01 3.151283519999995009e-01
-9.570000000000000728e-01 3.221300279999995131e-01 3.221300279999995131e-01
-9.560000000000000719e-01 3.291087359999992912e-01 3.291087359999992912e-01
-9.550000000000000711e-01 3.360644999999997107e-01 3.360644999999997107e-01
-9.540000000000000702e-01 3.429973439999994822e-01 3.429973439999994822e-01
-9.530000000000000693e-01 3.499072919999994258e-01 3.499072919999994258e-01
-9.520000000000000684e-01 3.567943679999995843e-01 3.567943679999995843e-01
-9.510000000000000675e-01 3.636585959999995565e-01 3.636585959999995565e-01
-9.500000000000000666e-01 3.704999999999997184e-01 3.704999999999997184e-01
-9.490000000000000657e-01 3.773186039999996688e-01 3.773186039999996688e-01
-9.480000000000000648e-01 3.841144319999993950e-01 3.841144319999993950e-01
-9.470000000000000639e-01 3.908875079999997171e-01 3.908875079999997171e-01
-9.460000000000000631e-01 3.976378559999994566e-01 3.976378559999994566e-01
-9.450000000000000622e-01 4.043654999999997668e-01 4.043654999999997668e-01
-9.440000000000000613e-01 4.110704639999994692e-01 4.110704639999994692e-01
-9.430000000000000604e-01 4.177527719999997724e-01 4.177527719999997724e-01
-9.420000000000000595e-01 4.244124479999994426e-01 4.244124479999994426e-01
-9.410000000000000586e-01 4.310495159999997439e-01 4.310495159999997439e-01
-9.400000000000000577e-01 4.376639999999993869e-01 4.376639999999993869e-01
-9.390000000000000568e-01 4.442559239999996912e-01 4.442559239999996912e-01
-9.380000000000000560e-01 4.508253119999997560e-01 4.508253119999997560e-01
-9.370000000000000551e-01 4.573721879999996243e-01 4.573721879999996243e-01
-9.360000000000000542e-01 4.638965759999996719e-01 4.638965759999996719e-01
-9.350000000000000533e-01 4.703984999999994976e-01 4.703984999999994976e-01
-9.340000000000000524e-01 4.768779839999995329e-01 4.768779839999995329e-01
-9.330000000000000515e-01 4.833350519999997652e-01 4.833350519999997652e-01
-9.320000000000000506e-01 4.897697279999997932e-01 4.897697279999997932e-01
-9.310000000000000497e-01 4.961820359999996044e-01 4.961820359999996044e-01
-9.300000000000000488e-01 5.025719999999995746e-01 5.025719999999995746e-01
-9.290000000000000480e-01 5.089396439999998023e-01 5.089396439999998023e-01
-9.280000000000000471e-01 5.152849919999997752e-01 5.152849919999997752e-01
-9.270000000000000462e-01 5.216080679999995917e-01 5.216080679999995917e-01
-9.260000000000000453e-01 5.279088959999995723e-01 5.279088959999995723e-01
-9.250000000000000444e-01 5.341874999999997042e-01 5.341874999999997042e-01
-9.240000000000000435e-01 5.404439039999996419e-01 5.404439039999996419e-01
-9.230000000000000426e-01 5.466781319999998168e-01 5.466781319999998168e-01
-9.220000000000000417e-01 5.528902079999997721e-01 5.528902079999997721e-01
-9.210000000000000409e-01 5.590801559999999393e-01 5.590801559999999393e-01
-9.200000000000000400e-01 5.652479999999998617e-01 5.652479999999998617e-01
-9.190000000000000391e-01 5.713937639999996376e-01 5.713937639999996376e-01
-9.180000000000000382e-01 5.775174719999999207e-01 5.775174719999999207e-01
-9.170000000000000373e-01 5.836191479999995879e-01 5.836191479999995879e-01
-9.160000000000000364e-01 5.896988159999999590e-01 5.896988159999999590e-01
-9.150000000000000355e-01 5.957564999999995781e-01 5.957564999999995781e-01
-9.140000000000000346e-01 6.017922239999998757e-01 6.017922239999998757e-01
-9.130000000000000338e-01 6.078060119999996180e-01 6.078060119999996180e-01
-9.120000000000000329e-01 6.137978879999999027e-01 6.137978879999999027e-01
-9.110000000000000320e-01 6.197678759999999398e-01 6.197678759999999398e-01
-9.100000000000000311e-01 6.257159999999998279e-01 6.257159999999998279e-01
-9.090000000000000302e-01 6.316422839999998873e-01 6.316422839999998873e-01
-9.080000000000000293e-01 6.375467519999996613e-01 6.375467519999996613e-01
-9.070000000000000284e-01 6.434294279999998034e-01 6.434294279999998034e-01
-9.060000000000000275e-01 6.492903359999999680e-01 6.492903359999999680e-01
-9.050000000000000266e-01 6.551295000000000313e-01 6.551295000000000313e-01
-9.040000000000000258e-01 6.609469439999998697e-01 6.609469439999998697e-01
-9.030000000000000249e-01 6.667426919999998036e-01 6.667426919999998036e-01
-9.020000000000000240e-01 6.725167680000000425e-01 6.725167680000000425e-01
-9.010000000000000231e-01 6.782691960000000186e-01 6.782691960000000186e-01
-9.000000000000000222e-01 6.839999999999998304e-01 6.839999999999998304e-01
-8.990000000000000213e-01 6.897092039999997981e-01 6.897092039999997981e-01
-8.980000000000000204e-01 6.953968320000000203e-01 6.953968320000000203e-01
-8.970000000000000195e-01 7.010629079999999291e-01 7.010629079999999291e-01
-8.960000000000001297e-01 7.067074559999994010e-01 7.067074559999994010e-01
-8.950000000000001288e-01 7.123304999999993115e-01 7.123304999999993115e-01
-8.940000000000001279e-01 7.179320639999990927e-01 7.179320639999990927e-01
-8.930000000000001270e-01 7.235121719999993983e-01 7.235121719999993983e-01
-8.920000000000001261e-01 7.290708479999992164e-01 7.290708479999992164e-01
-8.910000000000001252e-01 7.346081159999995336e-01 7.346081159999995336e-01
-8.900000000000001243e-01 7.401239999999992270e-01 7.401239999999992270e-01
-8.890000000000001235e-01 7.456185239999991721e-01 7.456185239999991721e-01
-8.880000000000001226e-01 7.510917119999992453e-01 7.510917119999992453e-01
-8.870000000000001217e-01 7.565435879999995450e-01 7.565435879999995450e-01
-8.860000000000001208e-01 7.619741759999991704e-01 7.619741759999991704e-01
-8.850000000000001199e-01 7.673834999999995521e-01 7.673834999999995521e-01
-8.840000000000001190e-01 7.727715839999992342e-01 7.727715839999992342e-01
-8.830000000000001181e-01 7.781384519999994254e-01 7.781384519999994254e-01
-8.820000000000001172e-01 7.834841279999994468e-01 7.834841279999994468e-01
-8.810000000000001164e-01 7.888086359999993968e-01 7.888086359999993968e-01
-8.800000000000001155e-01 7.941119999999993739e-01 7.941119999999993739e-01
-8.790000000000001146e-01 7.993942439999992544e-01 7.993942439999992544e-01
-8.780000000000001137e-01 8.046553919999992477e-01 8.046553919999992477e-01
-8.770000000000001128e-01 8.098954679999994521e-01 8.098954679999994521e-01
-8.760000000000001119e-01 8.151144959999995221e-01 8.151144959999995221e-01
-8.750000000000001110e-01 8.203124999999993339e-01 8.203124999999993339e-01
-8.740000000000001101e-01 8.254895039999993189e-01 8.254895039999993189e-01
-8.730000000000001092e-01 8.306455319999994646e-01 8.306455319999994646e-01
-8.720000000000001084e-01 8.357806079999995363e-01 8.357806079999995363e-01
-8.710000000000001075e-01 8.408947559999992993e-01 8.408947559999992993e-01
-8.700000000000001066e-01 8.459879999999992961e-01 8.459879999999992961e-01
-8.690000000000001057e-01 8.510603639999994030e-01 8.510603639999994030e-01
-8.680000000000001048e-01 8.561118719999993854e-01 8.561118719999993854e-01
-8.670000000000001039e-01 8.611425479999995636e-01 8.611425479999995636e-01
-8.660000000000001030e-01 8.661524159999994810e-01 8.661524159999994810e-01
-8.650000000000001021e-01 8.711414999999995690e-01 8.711414999999995690e-01
-8.640000000000001013e-01 8.761098239999995929e-01 8.761098239999995929e-01
-8.630000000000001004e-01 8.810574119999996512e-01 8.810574119999996512e-01
-8.620000000000000995e-01 8.859842879999996201e-01 8.859842879999996201e-01
-8.610000000000000986e-01 8.908904759999997092e-01 8.908904759999997092e-01
-8.600000000000000977e-01 8.957759999999995726e-01 8.957759999999995726e-01
-8.590000000000000968e-01 9.006408839999996419e-01 9.006408839999996419e-01
-8.580000000000000959e-01 9.054851519999995713e-01 9.054851519999995713e-01
-8.570000000000000950e-01 9.103088279999996812e-01 9.103088279999996812e-01
-8.560000000000000941e-01 9.151119359999995151e-01 9.151119359999995151e-01
-8.550000000000000933e-01 9.198944999999996153e-01 9.198944999999996153e-01
-8.540000000000000924e-01 9.246565439999994140e-01 9.246565439999994140e-01
-8.530000000000000915e-01 9.293980919999995649e-01 9.293980919999995649e-01
-8.520000000000000906e-01 9.341191679999997222e-01 9.341191679999997222e-01
-8.510000000000000897e-01 9.388197959999994291e-01 9.388197959999994291e-01
-8.500000000000000888e-01 9.434999999999995612e-01 9.434999999999995612e-01
-8.490000000000000879e-01 9.481598039999996619e-01 9.481598039999996619e-01
-8.480000000000000870e-01 9.527992319999994963e-01 9.527992319999994963e-01
-8.470000000000000862e-01 9.574183079999994961e-01 9.574183079999994961e-01
-8.460000000000000853e-01 9.620170559999996485e-01 9.620170559999996485e-01
-8.450000000000000844e-01 9.665954999999996078e-01 9.665954999999996078e-01
-8.440000000000000835e-01 9.711536639999994724e-01 9.711536639999994724e-01
-8.430000000000000826e-01 9.756915719999997849e-01 9.756915719999997849e-01
-8.420000000000000817e-01 9.802092479999996444e-01 9.802092479999996444e-01
-8.410000000000000808e-01 9.847067159999995933e-01 9.847067159999995933e-01
-8.400000000000000799e-01 9.891839999999997302e-01 9.891839999999997302e-01
-8.390000000000000790e-01 9.936411239999997091e-01 9.936411239999997091e-01
-8.380000000000000782e-01 9.980781119999997397e-01 9.980781119999997397e-01
-8.370000000000000773e-01 1.002494987999999809e+00 1.002494987999999809e+00
-8.360000000000000764e-01 1.006891775999999794e+00 1.006891775999999794e+00
-8.350000000000000755e-01 1.011268499999999682e+00 1.011268499999999682e+00
-8.340000000000000746e-01 1.015625183999999459e+00 1.015625183999999459e+00
-8.330000000000000737e-01 1.019961851999999780e+00 1.019961851999999780e+00
-8.320000000000000728e-01 1.024278527999999522e+00 1.024278527999999522e+00
-8.310000000000000719e-01 1.028575235999999782e+00 1.028575235999999782e+00
-8.300000000000000711e-01 1.032851999999999881e+00 1.032851999999999881e+00
-8.290000000000000702e-01 1.037108843999999808e+00 1.037108843999999808e+00
-8.280000000000000693e-01 1.041345791999999770e+00 1.041345791999999770e+00
-8.270000000000000684e-01 1.045562867999999757e+00 1.045562867999999757e+00
-8.260000000000000675e-01 1.049760095999999754e+00 1.049760095999999754e+00
-8.250000000000000666e-01 1.053937499999999527e+00 1.053937499999999527e+00
-8.240000000000000657e-01 1.058095103999999731e+00 1.058095103999999731e+00
-8.230000000000000648e-01 1.062232931999999908e+00 1.062232931999999908e+00
-8.220000000000000639e-01 1.066351007999999823e+00 1.066351007999999823e+00
-8.210000000000000631e-01 1.070449355999999685e+00 1.070449355999999685e+00
-8.200000000000000622e-01 1.074527999999999706e+00 1.074527999999999706e+00
-8.190000000000000613e-01 1.078586963999999870e+00 1.078586963999999870e+00
-8.180000000000000604e-01 1.082626271999999945e+00 1.082626271999999945e+00
-8.170000000000000595e-01 1.086645947999999695e+00 1.086645947999999695e+00
-8.160000000000000586e-01 1.090646015999999774e+00 1.090646015999999774e+00
-8.150000000000000577e-01 1.094626499999999947e+00 1.094626499999999947e+00
-8.140000000000000568e-01 1.098587423999999757e+00 1.098587423999999757e+00
-8.130000000000000560e-01 1.102528811999999636e+00 1.102528811999999636e+00
-8.120000000000000551e-01 1.106450688000000016e+00 1.106450688000000016e+00
-8.110000000000000542e-01 1.110353075999999772e+00 1.110353075999999772e+00
-8.100000000000000533e-01 1.114235999999999560e+00 1.114235999999999560e+00
-8.090000000000000524e-01 1.118099483999999810e+00 1.118099483999999810e+00
-8.080000000000000515e-01 1.121943551999999622e+00 1.121943551999999622e+00
-8.070000000000000506e-01 1.125768227999999871e+00 1.125768227999999871e+00
-8.060000000000000497e-01 1.129573535999999656e+00 1.129573535999999656e+00
-8.050000000000000488e-01 1.133359499999999853e+00 1.133359499999999853e+00
-8.040000000000000480e-01 1.137126143999999783e+00 1.137126143999999783e+00
-8.030000000000000471e-01 1.140873491999999878e+00 1.140873491999999878e+00
-8.020000000000000462e-01 1.144601567999999681e+00 1.144601567999999681e+00
-8.010000000000000453e-01 1.148310395999999844e+00 1.148310395999999844e+00
-8.000000000000000444e-01 1.151999999999999691e+00 1.151999999999999691e+00
-7.990000000000000435e-01 1.155670403999999651e+00 1.155670403999999651e+00
-7.980000000000000426e-01 1.159321631999999935e+00 1.159321631999999935e+00
-7.970000000000000417e-01 1.162953708000000086e+00 1.162953708000000086e+00
-7.960000000000000409e-01 1.166566655999999869e+00 1.166566655999999869e+00
-7.950000000000000400e-01 1.170160499999999937e+00 1.170160499999999937e+00
-7.940000000000000391e-01 1.173735263999999612e+00 1.173735263999999612e+00
-7.930000000000000382e-01 1.177290971999999769e+00 1.177290971999999769e+00
-7.920000000000000373e-01 1.180827647999999952e+00 1.180827647999999952e+00
-7.910000000000000364e-01 1.184345315999999926e+00 1.184345315999999926e+00
-7.900000000000000355e-01 1.187843999999999678e+00 1.187843999999999678e+00
-7.890000000000000346e-01 1.191323723999999640e+00 1.191323723999999640e+00
-7.880000000000000338e-01 1.194784511999999799e+00 1.194784511999999799e+00
-7.870000000000000329e-01 1.198226387999999920e+00 1.198226387999999920e+00
-7.860000000000000320e-01 1.201649375999999991e+00 1.201649375999999991e+00
-7.850000000000000311e-01 1.205053500000000000e+00 1.205053500000000000e+00
-7.840000000000000302e-01 1.208438783999999711e+00 1.208438783999999711e+00
-7.830000000000000293e-01 1.211805251999999999e+00 1.211805251999999999e+00
-7.820000000000000284e-01 1.215152927999999743e+00 1.215152927999999743e+00
-7.810000000000000275e-01 1.218481835999999818e+00 1.218481835999999818e+00
-7.800000000000000266e-01 1.221791999999999989e+00 1.221791999999999989e+00
-7.790000000000000258e-01 1.225083443999999799e+00 1.225083443999999799e+00
-7.780000000000000249e-01 1.228356191999999902e+00 1.228356191999999902e+00
-7.770000000000000240e-01 1.231610267999999841e+00 1.231610267999999841e+00
-7.760000000000000231e-01 1.234845695999999826e+00 1.234845695999999826e+00
-7.750000000000000222e-01 1.238062499999999844e+00 1.238062499999999844e+00
-7.740000000000000213e-01 1.241260703999999881e+00 1.241260703999999881e+00
-7.730000000000000204e-01 1.244440332000000149e+00 1.244440332000000149e+00
-7.720000000000000195e-01 1.247601407999999745e+00 1.247601407999999745e+00
-7.710000000000000187e-01 1.250743955999999990e+00 1.250743955999999990e+00
-7.700000000000000178e-01 1.253867999999999983e+00 1.253867999999999983e+00
-7.690000000000000169e-01 1.256973563999999932e+00 1.256973563999999932e+00
-7.680000000000000160e-01 1.260060672000000048e+00 1.260060672000000048e+00
-7.670000000000001261e-01 1.263129347999999652e+00 1.263129347999999652e+00
-7.660000000000001252e-01 1.266179615999999619e+00 1.266179615999999619e+00
-7.650000000000001243e-01 1.269211499999999493e+00 1.269211499999999493e+00
-7.640000000000001235e-01 1.272225023999999483e+00 1.272225023999999483e+00
-7.630000000000001226e-01 1.275220211999999798e+00 1.275220211999999798e+00
-7.620000000000001217e-01 1.278197087999999759e+00 1.278197087999999759e+00
-7.610000000000001208e-01 1.281155675999999577e+00 1.281155675999999577e+00
-7.600000000000001199e-01 1.284095999999999460e+00 1.284095999999999460e+00
-7.590000000000001190e-01 1.287018083999999618e+00 1.287018083999999618e+00
-7.580000000000001181e-01 1.289921951999999594e+00 1.289921951999999594e+00
-7.570000000000001172e-01 1.292807627999999820e+00 1.292807627999999820e+00
-7.560000000000001164e-01 1.295675135999999839e+00 1.295675135999999839e+00
-7.550000000000001155e-01 1.298524499999999415e+00 1.298524499999999415e+00
-7.540000000000001146e-01 1.301355743999999870e+00 1.301355743999999870e+00
-7.530000000000001137e-01 1.304168891999999635e+00 1.304168891999999635e+00
-7.520000000000001128e-01 1.306963967999999809e+00 1.306963967999999809e+00
-7.510000000000001119e-01 1.309740995999999713e+00 1.309740995999999713e+00
-7.500000000000001110e-01 1.312499999999999556e+00 1.312499999999999556e+00
-7.490000000000001101e-01 1.315241003999999547e+00 1.315241003999999547e+00
-7.480000000000001092e-01 1.317964031999999897e+00 1.317964031999999897e+00
-7.470000000000001084e-01 1.320669107999999703e+00 1.320669107999999703e+00
-7.460000000000001075e-01 1.323356255999999842e+00 1.323356255999999842e+00
-7.450000000000001066e-01 1.326025499999999635e+00 1.326025499999999635e+00
-7.440000000000001057e-01 1.328676863999999735e+00 1.328676863999999735e+00
-7.430000000000001048e-01 1.331310371999999909e+00 1.331310371999999909e+00
-7.420000000000001039e-01 1.333926047999999698e+00 1.333926047999999698e+00
-7.410000000000001030e-01 1.336523915999999756e+00 1.336523915999999756e+00
-7.400000000000001021e-01 1.339103999999999628e+00 1.339103999999999628e+00
-7.390000000000001013e-01 1.341666323999999522e+00 1.341666323999999522e+00
-7.380000000000001004e-01 1.344210911999999869e+00 1.344210911999999869e+00
-7.370000000000000995e-01 1.346737787999999769e+00 1.346737787999999769e+00
-7.360000000000000986e-01 1.349246975999999654e+00 1.349246975999999654e+00
-7.350000000000000977e-01 1.351738499999999732e+00 1.351738499999999732e+00
-7.340000000000000968e-01 1.354212383999999769e+00 1.354212383999999769e+00
-7.330000000000000959e-01 1.356668651999999753e+00 1.356668651999999753e+00
-7.320000000000000950e-01 1.359107327999999670e+00 1.359107327999999670e+00
-7.310000000000000941e-01 1.361528435999999953e+00 1.361528435999999953e+00
-7.300000000000000933e-01 1.363931999999999700e+00 1.363931999999999700e+00
-7.290000000000000924e-01 1.366318043999999787e+00 1.366318043999999787e+00
-7.280000000000000915e-01 1.368686591999999758e+00 1.368686591999999758e+00
-7.270000000000000906e-01 1.371037667999999821e+00 1.371037667999999821e+00
-7.260000000000000897e-01 1.373371295999999964e+00 1.373371295999999964e+00
-7.250000000000000888e-01 1.375687499999999730e+00 1.375687499999999730e+00
-7.240000000000000879e-01 1.377986303999999995e+00 1.377986303999999995e+00
-7.230000000000000870e-01 1.380267731999999858e+00 1.380267731999999858e+00
-7.220000000000000862e-01 1.382531807999999973e+00 1.382531807999999973e+00
-7.210000000000000853e-01 1.384778555999999883e+00 1.384778555999999883e+00
-7.200000000000000844e-01 1.387008000000000019e+00 1.387008000000000019e+00
-7.190000000000000835e-01 1.389220163999999924e+00 1.389220163999999924e+00
-7.180000000000000826e-01 1.391415071999999808e+00 1.391415071999999808e+00
-7.170000000000000817e-01 1.393592747999999881e+00 1.393592747999999881e+00
-7.160000000000000808e-01 1.395753215999999908e+00 1.395753215999999908e+00
-7.150000000000000799e-01 1.397896499999999653e+00 1.397896499999999653e+00
-7.140000000000000790e-01 1.400022623999999771e+00 1.400022623999999771e+00
-7.130000000000000782e-01 1.402131612000000027e+00 1.402131612000000027e+00
-7.120000000000000773e-01 1.404223487999999964e+00 1.404223487999999964e+00
-7.110000000000000764e-01 1.406298275999999792e+00 1.406298275999999792e+00
-7.100000000000000755e-01 1.408355999999999941e+00 1.408355999999999941e+00
-7.090000000000000746e-01 1.410396683999999734e+00 1.410396683999999734e+00
-7.080000000000000737e-01 1.412420351999999601e+00 1.412420351999999601e+00
-7.070000000000000728e-01 1.414427027999999975e+00 1.414427027999999975e+00
-7.060000000000000719e-01 1.416416735999999954e+00 1.416416735999999954e+00
-7.050000000000000711e-01 1.418389499999999970e+00 1.418389499999999970e+00
-7.040000000000000702e-01 1.420345344000000010e+00 1.420345344000000010e+00
-7.030000000000000693e-01 1.422284291999999839e+00 1.422284291999999839e+00
-7.020000000000000684e-01 1.424206368000000111e+00 1.424206368000000111e+00
-7.010000000000000675e-01 1.426111595999999926e+00 1.426111595999999926e+00
-7.000000000000000666e-01 1.427999999999999936e+00 1.427999999999999936e+00
-6.990000000000000657e-01 1.429871603999999907e+00 1.429871603999999907e+00
-6.980000000000000648e-01 1.431726431999999827e+00 1.431726431999999827e+00
-6.970000000000000639e-01 1.433564507999999682e+00 1.433564507999999682e+00
-6.960000000000000631e-01 1.435385855999999904e+00 1.435385855999999904e+00
-6.950000000000000622e-01 1.437190500000000037e+00 1.437190500000000037e+00
-6.940000000000000613e-01 1.438978463999999846e+00 1.438978463999999846e+00
-6.930000000000000604e-01 1.440749771999999762e+00 1.440749771999999762e+00
-6.920000000000000595e-01 1.442504447999999995e+00 1.442504447999999995e+00
-6.910000000000000586e-01 1.444242516000000087e+00 1.444242516000000087e+00
-6.900000000000000577e-01 1.445963999999999805e+00 1.445963999999999805e+00
-6.890000000000000568e-01 1.447668924000000024e+00 1.447668924000000024e+00
-6.880000000000000560e-01 1.449357311999999842e+00 1.449357311999999842e+00
-6.870000000000000551e-01 1.451029187999999914e+00 1.451029187999999914e+00
-6.860000000000000542e-01 1.452684576000000005e+00 1.452684576000000005e+00
-6.850000000000000533e-01 1.454323500000000102e+00 1.454323500000000102e+00
-6.840000000000000524e-01 1.455945983999999971e+00 1.455945983999999971e+00
-6.830000000000000515e-01 1.457552051999999598e+00 1.457552051999999598e+00
-6.820000000000000506e-01 1.459141727999999860e+00 1.459141727999999860e+00
-6.810000000000000497e-01 1.460715035999999856e+00 1.460715035999999856e+00
-6.800000000000000488e-01 1.462271999999999794e+00 1.462271999999999794e+00
-6.790000000000000480e-01 1.463812644000000107e+00 1.463812644000000107e+00
-6.780000000000000471e-01 1.465336992000000116e+00 1.465336992000000116e+00
-6.770000000000000462e-01 1.466845068000000030e+00 1.466845068000000030e+00
-6.760000000000000453e-01 1.468336896000000058e+00 1.468336896000000058e+00
-6.750000000000000444e-01 1.469812499999999966e+00 1.469812499999999966e+00
-6.740000000000000435e-01 1.471271903999999742e+00 1.471271903999999742e+00
-6.730000000000000426e-01 1.472715131999999816e+00 1.472715131999999816e+00
-6.720000000000000417e-01 1.474142208000000176e+00 1.474142208000000176e+00
-6.710000000000000409e-01 1.475553155999999699e+00 1.475553155999999699e+00
-6.700000000000000400e-01 1.476947999999999928e+00 1.476947999999999928e+00
-6.690000000000000391e-01 1.478326763999999738e+00 1.478326763999999738e+00
-6.680000000000000382e-01 1.479689472000000006e+00 1.479689472000000006e+00
-6.670000000000000373e-01 1.481036147999999830e+00 1.481036147999999830e+00
-6.660000000000000364e-01 1.482366815999999865e+00 1.482366815999999865e+00
-6.650000000000000355e-01 1.483681499999999875e+00 1.483681499999999875e+00
-6.640000000000000346e-01 1.484980223999999849e+00 1.484980223999999849e+00
-6.630000000000000338e-01 1.486263011999999772e+00 1.486263011999999772e+00
-6.620000000000000329e-01 1.487529887999999856e+00 1.487529887999999856e+00
-6.610000000000000320e-01 1.488780875999999864e+00 1.488780875999999864e+00
-6.600000000000000311e-01 1.490016000000000007e+00 1.490016000000000007e+00
-6.590000000000000302e-01 1.491235284000000050e+00 1.491235284000000050e+00
-6.580000000000000293e-01 1.492438751999999980e+00 1.492438751999999980e+00
-6.570000000000000284e-01 1.493626428000000006e+00 1.493626428000000006e+00
-6.560000000000000275e-01 1.494798335999999894e+00 1.494798335999999894e+00
-6.550000000000000266e-01 1.495954500000000076e+00 1.495954500000000076e+00
-6.540000000000000258e-01 1.497094944000000094e+00 1.497094944000000094e+00
-6.530000000000000249e-01 1.498219691999999936e+00 1.498219691999999936e+00
-6.520000000000000240e-01 1.499328768000000034e+00 1.499328768000000034e+00
-6.510000000000000231e-01 1.500422195999999708e+00 1.500422195999999708e+00
-6.500000000000000222e-01 1.501499999999999835e+00 1.501499999999999835e+00
-6.490000000000000213e-01 1.502562203999999957e+00 1.502562203999999957e+00
-6.480000000000000204e-01 1.503608831999999840e+00 1.503608831999999840e+00
-6.470000000000000195e-01 1.504639907999999915e+00 1.504639907999999915e+00
-6.460000000000000187e-01 1.505655455999999948e+00 1.505655455999999948e+00
-6.450000000000000178e-01 1.506655499999999703e+00 1.506655499999999703e+00
-6.440000000000000169e-01 1.507640064000000057e+00 1.507640064000000057e+00
-6.430000000000000160e-01 1.508609172000000109e+00 1.508609172000000109e+00
-6.420000000000000151e-01 1.509562848000000068e+00 1.509562848000000068e+00
-6.410000000000000142e-01 1.510501115999999922e+00 1.510501115999999922e+00
-6.400000000000001243e-01 1.511423999999999879e+00 1.511423999999999879e+00
-6.390000000000001235e-01 1.512331523999999927e+00 1.512331523999999927e+00
-6.380000000000001226e-01 1.513223711999999832e+00 1.513223711999999832e+00
-6.370000000000001217e-01 1.514100587999999803e+00 1.514100587999999803e+00
-6.360000000000001208e-01 1.514962175999999827e+00 1.514962175999999827e+00
-6.350000000000001199e-01 1.515808499999999892e+00 1.515808499999999892e+00
-6.340000000000001190e-01 1.516639583999999763e+00 1.516639583999999763e+00
-6.330000000000001181e-01 1.517455452000000093e+00 1.517455452000000093e+00
-6.320000000000001172e-01 1.518256127999999761e+00 1.518256127999999761e+00
-6.310000000000001164e-01 1.519041635999999862e+00 1.519041635999999862e+00
-6.300000000000001155e-01 1.519811999999999941e+00 1.519811999999999941e+00
-6.290000000000001146e-01 1.520567243999999985e+00 1.520567243999999985e+00
-6.280000000000001137e-01 1.521307392000000203e+00 1.521307392000000203e+00
-6.270000000000001128e-01 1.522032468000000138e+00 1.522032468000000138e+00
-6.260000000000001119e-01 1.522742496000000001e+00 1.522742496000000001e+00
-6.250000000000001110e-01 1.523437499999999778e+00 1.523437499999999778e+00
-6.240000000000001101e-01 1.524117503999999901e+00 1.524117503999999901e+00
-6.230000000000001092e-01 1.524782531999999913e+00 1.524782531999999913e+00
-6.220000000000001084e-01 1.525432608000000023e+00 1.525432608000000023e+00
-6.210000000000001075e-01 1.526067755999999997e+00 1.526067755999999997e+00
-6.200000000000001066e-01 1.526688000000000045e+00 1.526688000000000045e+00
-6.190000000000001057e-01 1.527293364000000153e+00 1.527293364000000153e+00
-6.180000000000001048e-01 1.527883871999999865e+00 1.527883871999999865e+00
-6.170000000000001039e-01 1.528459548000000057e+00 1.528459548000000057e+00
-6.160000000000001030e-01 1.529020416000000049e+00 1.529020416000000049e+00
-6.150000000000001021e-01 1.529566499999999829e+00 1.529566499999999829e+00
-6.140000000000001013e-01 1.530097824000000051e+00 1.530097824000000051e+00
-6.130000000000001004e-01 1.530614412000000035e+00 1.530614412000000035e+00
-6.120000000000000995e-01 1.531116287999999992e+00 1.531116287999999992e+00
-6.110000000000000986e-01 1.531603475999999908e+00 1.531603475999999908e+00
-6.100000000000000977e-01 1.532075999999999993e+00 1.532075999999999993e+00
-6.090000000000000968e-01 1.532533884000000013e+00 1.532533884000000013e+00
-6.080000000000000959e-01 1.532977151999999954e+00 1.532977151999999954e+00
-6.070000000000000950e-01 1.533405827999999804e+00 1.533405827999999804e+00
-6.060000000000000941e-01 1.533819935999999995e+00 1.533819935999999995e+00
-6.050000000000000933e-01 1.534219500000000069e+00 1.534219500000000069e+00
-6.040000000000000924e-01 1.534604544000000237e+00 1.534604544000000237e+00
-6.030000000000000915e-01 1.534975092000000041e+00 1.534975092000000041e+00
-6.020000000000000906e-01 1.535331167999999913e+00 1.535331167999999913e+00
-6.010000000000000897e-01 1.535672796000000062e+00 1.535672796000000062e+00
-6.000000000000000888e-01 1.536000000000000032e+00 1.536000000000000032e+00
-5.989999999999999769e-01 1.536312804000000032e+00 1.536312804000000032e+00
-5.980000000000000870e-01 1.536611232000000049e+00 1.536611232000000049e+00
-5.969999999999999751e-01 1.536895308000000071e+00 1.536895308000000071e+00
-5.960000000000000853e-01 1.537165056000000085e+00 1.537165056000000085e+00
-5.949999999999999734e-01 1.537420499999999857e+00 1.537420499999999857e+00
-5.940000000000000835e-01 1.537661663999999817e+00 1.537661663999999817e+00
-5.929999999999999716e-01 1.537888571999999954e+00 1.537888571999999954e+00
-5.920000000000000817e-01 1.538101248000000032e+00 1.538101248000000032e+00
-5.909999999999999698e-01 1.538299716000000039e+00 1.538299716000000039e+00
-5.900000000000000799e-01 1.538483999999999963e+00 1.538483999999999963e+00
-5.889999999999999680e-01 1.538654123999999790e+00 1.538654123999999790e+00
-5.880000000000000782e-01 1.538810112000000174e+00 1.538810112000000174e+00
-5.869999999999999662e-01 1.538951988000000215e+00 1.538951988000000215e+00
-5.860000000000000764e-01 1.539079776000000122e+00 1.539079776000000122e+00
-5.849999999999999645e-01 1.539193499999999881e+00 1.539193499999999881e+00
-5.840000000000000746e-01 1.539293184000000148e+00 1.539293184000000148e+00
-5.829999999999999627e-01 1.539378852000000242e+00 1.539378852000000242e+00
-5.820000000000000728e-01 1.539450528000000151e+00 1.539450528000000151e+00
-5.809999999999999609e-01 1.539508235999999863e+00 1.539508235999999863e+00
-5.800000000000000711e-01 1.539552000000000032e+00 1.539552000000000032e+00
-5.789999999999999591e-01 1.539581844000000199e+00 1.539581844000000199e+00
-5.780000000000000693e-01 1.539597792000000132e+00 1.539597792000000132e+00
-5.769999999999999574e-01 1.539599867999999816e+00 1.539599867999999816e+00
-5.760000000000000675e-01 1.539588096000000128e+00 1.539588096000000128e+00
-5.750000000000001776e-01 1.539562500000000167e+00 1.539562500000000167e+00
-5.740000000000000657e-01 1.539523103999999920e+00 1.539523103999999920e+00
-5.730000000000001759e-01 1.539469932000000041e+00 1.539469932000000041e+00
-5.720000000000000639e-01 1.539403007999999851e+00 1.539403007999999851e+00
-5.710000000000001741e-01 1.539322356000000003e+00 1.539322356000000003e+00
-5.700000000000000622e-01 1.539228000000000041e+00 1.539228000000000041e+00
-5.690000000000001723e-01 1.539119963999999952e+00 1.539119963999999952e+00
-5.680000000000000604e-01 1.538998272000000167e+00 1.538998272000000167e+00
-5.670000000000001705e-01 1.538862948000000230e+00 1.538862948000000230e+00
-5.660000000000000586e-01 1.538714015999999907e+00 1.538714015999999907e+00
-5.650000000000001688e-01 1.538551500000000072e+00 1.538551500000000072e+00
-5.640000000000000568e-01 1.538375424000000047e+00 1.538375424000000047e+00
-5.630000000000001670e-01 1.538185812000000041e+00 1.538185812000000041e+00
-5.620000000000000551e-01 1.537982688000000042e+00 1.537982688000000042e+00
-5.610000000000001652e-01 1.537766075999999815e+00 1.537766075999999815e+00
-5.600000000000000533e-01 1.537536000000000014e+00 1.537536000000000014e+00
-5.590000000000001634e-01 1.537292483999999959e+00 1.537292483999999959e+00
-5.580000000000000515e-01 1.537035551999999861e+00 1.537035551999999861e+00
-5.570000000000001616e-01 1.536765227999999928e+00 1.536765227999999928e+00
-5.560000000000000497e-01 1.536481535999999926e+00 1.536481535999999926e+00
-5.550000000000001599e-01 1.536184500000000064e+00 1.536184500000000064e+00
-5.540000000000000480e-01 1.535874143999999886e+00 1.535874143999999886e+00
-5.530000000000001581e-01 1.535550492000000045e+00 1.535550492000000045e+00
-5.520000000000000462e-01 1.535213567999999862e+00 1.535213567999999862e+00
-5.510000000000001563e-01 1.534863395999999991e+00 1.534863395999999991e+00
-5.500000000000000444e-01 1.534500000000000197e+00 1.534500000000000197e+00
-5.490000000000001545e-01 1.534123403999999802e+00 1.534123403999999802e+00
-5.480000000000000426e-01 1.533733631999999902e+00 1.533733631999999902e+00
-5.470000000000001528e-01 1.533330708000000042e+00 1.533330708000000042e+00
-5.460000000000000409e-01 1.532914655999999987e+00 1.532914655999999987e+00
-5.450000000000001510e-01 1.532485500000000167e+00 1.532485500000000167e+00
-5.440000000000000391e-01 1.532043264000000127e+00 1.532043264000000127e+00
-5.430000000000001492e-01 1.531587972000000075e+00 1.531587972000000075e+00
-5.420000000000000373e-01 1.531119648000000000e+00 1.531119648000000000e+00
-5.410000000000001474e-01 1.530638316000000110e+00 1.530638316000000110e+00
-5.400000000000000355e-01 1.530143999999999949e+00 1.530143999999999949e+00
-5.390000000000001457e-01 1.529636724000000170e+00 1.529636724000000170e+00
-5.380000000000000338e-01 1.529116512000000094e+00 1.529116512000000094e+00
-5.370000000000001439e-01 1.528583388000000154e+00 1.528583388000000154e+00
-5.360000000000000320e-01 1.528037376000000114e+00 1.528037376000000114e+00
-5.350000000000001421e-01 1.527478499999999961e+00 1.527478499999999961e+00
-5.340000000000000302e-01 1.526906784000000128e+00 1.526906784000000128e+00
-5.330000000000001403e-01 1.526322252000000157e+00 1.526322252000000157e+00
-5.320000000000000284e-01 1.525724928000000036e+00 1.525724928000000036e+00
-5.310000000000001386e-01 1.525114836000000196e+00 1.525114836000000196e+00
-5.300000000000000266e-01 1.524491999999999958e+00 1.524491999999999958e+00
-5.290000000000001368e-01 1.523856444000000199e+00 1.523856444000000199e+00
-5.280000000000000249e-01 1.523208192000000016e+00 1.523208192000000016e+00
-5.270000000000001350e-01 1.522547268000000065e+00 1.522547268000000065e+00
-5.260000000000000231e-01 1.521873695999999887e+00 1.521873695999999887e+00
-5.250000000000001332e-01 1.521187500000000137e+00 1.521187500000000137e+00
-5.240000000000000213e-01 1.520488703999999913e+00 1.520488703999999913e+00
-5.230000000000001315e-01 1.519777332000000092e+00 1.519777332000000092e+00
-5.220000000000000195e-01 1.519053408000000216e+00 1.519053408000000216e+00
-5.210000000000001297e-01 1.518316956000000051e+00 1.518316956000000051e+00
-5.200000000000000178e-01 1.517568000000000028e+00 1.517568000000000028e+00
-5.190000000000001279e-01 1.516806563999999913e+00 1.516806563999999913e+00
-5.180000000000000160e-01 1.516032672000000137e+00 1.516032672000000137e+00
-5.170000000000001261e-01 1.515246348000000243e+00 1.515246348000000243e+00
-5.160000000000000142e-01 1.514447615999999996e+00 1.514447615999999996e+00
-5.150000000000001243e-01 1.513636500000000051e+00 1.513636500000000051e+00
-5.140000000000000124e-01 1.512813024000000173e+00 1.512813024000000173e+00
-5.130000000000001226e-01 1.511977211999999904e+00 1.511977211999999904e+00
-5.120000000000000107e-01 1.511129088000000120e+00 1.511129088000000120e+00
-5.110000000000001208e-01 1.510268676000000143e+00 1.510268676000000143e+00
-5.100000000000000089e-01 1.509395999999999960e+00 1.509395999999999960e+00
-5.090000000000001190e-01 1.508511084000000224e+00 1.508511084000000224e+00
-5.080000000000000071e-01 1.507613951999999813e+00 1.507613951999999813e+00
-5.070000000000001172e-01 1.506704628000000268e+00 1.506704628000000268e+00
-5.060000000000000053e-01 1.505783136000000244e+00 1.505783136000000244e+00
-5.050000000000001155e-01 1.504849500000000173e+00 1.504849500000000173e+00
-5.040000000000000036e-01 1.503903744000000042e+00 1.503903744000000042e+00
-5.030000000000001137e-01 1.502945892000000283e+00 1.502945892000000283e+00
-5.020000000000000018e-01 1.501975967999999995e+00 1.501975967999999995e+00
-5.010000000000001119e-01 1.500993996000000275e+00 1.500993996000000275e+00
-5.000000000000000000e-01 1.500000000000000000e+00 1.500000000000000000e+00
-4.990000000000001101e-01 1.498994004000000047e+00 1.498994004000000047e+00
-4.979999999999999982e-01 1.497976031999999957e+00 1.497976031999999957e+00
-4.970000000000001084e-01 1.496946107999999942e+00 1.496946107999999942e+00
-4.959999999999999964e-01 1.495904255999999988e+00 1.495904255999999988e+00
-4.950000000000001066e-01 1.494850500000000304e+00 1.494850500000000304e+00
-4.939999999999999947e-01 1.493784863999999990e+00 1.493784863999999990e+00
-4.930000000000001048e-01 1.492707372000000143e+00 1.492707372000000143e+00
-4.919999999999999929e-01 1.491618047999999863e+00 1.491618047999999863e+00
-4.910000000000001030e-01 1.490516916000000025e+00 1.490516916000000025e+00
-4.899999999999999911e-01 1.489403999999999950e+00 1.489403999999999950e+00
-4.890000000000001013e-01 1.488279324000000070e+00 1.488279324000000070e+00
-4.879999999999999893e-01 1.487142911999999928e+00 1.487142911999999928e+00
-4.870000000000000995e-01 1.485994788000000177e+00 1.485994788000000177e+00
-4.859999999999999876e-01 1.484834976000000140e+00 1.484834976000000140e+00
-4.850000000000000977e-01 1.483663500000000024e+00 1.483663500000000024e+00
-4.839999999999999858e-01 1.482480383999999818e+00 1.482480383999999818e+00
-4.830000000000000959e-01 1.481285652000000175e+00 1.481285652000000175e+00
-4.819999999999999840e-01 1.480079327999999972e+00 1.480079327999999972e+00
-4.810000000000000941e-01 1.478861436000000085e+00 1.478861436000000085e+00
-4.799999999999999822e-01 1.477632000000000057e+00 1.477632000000000057e+00
-4.790000000000000924e-01 1.476391044000000097e+00 1.476391044000000097e+00
-4.779999999999999805e-01 1.475138591999999971e+00 1.475138591999999971e+00
-4.770000000000000906e-01 1.473874668000000110e+00 1.473874668000000110e+00
-4.759999999999999787e-01 1.472599295999999836e+00 1.472599295999999836e+00
-4.750000000000000888e-01 1.471312500000000023e+00 1.471312500000000023e+00
-4.739999999999999769e-01 1.470014303999999994e+00 1.470014303999999994e+00
-4.730000000000000870e-01 1.468704732000000179e+00 1.468704732000000179e+00
-4.719999999999999751e-01 1.467383807999999901e+00 1.467383807999999901e+00
-4.710000000000000853e-01 1.466051556000000033e+00 1.466051556000000033e+00
-4.699999999999999734e-01 1.464707999999999899e+00 1.464707999999999899e+00
-4.690000000000000835e-01 1.463353164000000151e+00 1.463353164000000151e+00
-4.679999999999999716e-01 1.461987071999999888e+00 1.461987071999999888e+00
-4.670000000000000817e-01 1.460609747999999986e+00 1.460609747999999986e+00
-4.659999999999999698e-01 1.459221215999999988e+00 1.459221215999999988e+00
-4.650000000000000799e-01 1.457821500000000103e+00 1.457821500000000103e+00
-4.639999999999999680e-01 1.456410624000000098e+00 1.456410624000000098e+00
-4.630000000000000782e-01 1.454988612000000181e+00 1.454988612000000181e+00
-4.619999999999999662e-01 1.453555487999999896e+00 1.453555487999999896e+00
-4.610000000000000764e-01 1.452111276000000117e+00 1.452111276000000117e+00
-4.599999999999999645e-01 1.450655999999999946e+00 1.450655999999999946e+00
-4.590000000000000746e-01 1.449189684000000033e+00 1.449189684000000033e+00
-4.579999999999999627e-01 1.447712351999999925e+00 1.447712351999999925e+00
-4.570000000000000728e-01 1.446224028000000050e+00 1.446224028000000050e+00
-4.559999999999999609e-01 1.444724735999999954e+00 1.444724735999999954e+00
-4.550000000000000711e-01 1.443214500000000289e+00 1.443214500000000289e+00
-4.539999999999999591e-01 1.441693343999999932e+00 1.441693343999999932e+00
-4.530000000000000693e-01 1.440161291999999982e+00 1.440161291999999982e+00
-4.519999999999999574e-01 1.438618367999999981e+00 1.438618367999999981e+00
-4.510000000000000675e-01 1.437064596000000138e+00 1.437064596000000138e+00
-4.499999999999999556e-01 1.435499999999999998e+00 1.435499999999999998e+00
-4.490000000000000657e-01 1.433924604000000214e+00 1.433924604000000214e+00
-4.479999999999999538e-01 1.432338431999999884e+00 1.432338431999999884e+00
-4.470000000000000639e-01 1.430741507999999884e+00 1.430741507999999884e+00
-4.460000000000001741e-01 1.429133856000000424e+00 1.429133856000000424e+00
-4.450000000000000622e-01 1.427515499999999937e+00 1.427515499999999937e+00
-4.440000000000001723e-01 1.425886464000000187e+00 1.425886464000000187e+00
-4.430000000000000604e-01 1.424246772000000050e+00 1.424246772000000050e+00
-4.420000000000001705e-01 1.422596448000000402e+00 1.422596448000000402e+00
-4.410000000000000586e-01 1.420935516000000121e+00 1.420935516000000121e+00
-4.400000000000001688e-01 1.419264000000000081e+00 1.419264000000000081e+00
-4.390000000000000568e-01 1.417581924000000049e+00 1.417581924000000049e+00
-4.380000000000001670e-01 1.415889312000000233e+00 1.415889312000000233e+00
-4.370000000000000551e-01 1.414186188000000177e+00 1.414186188000000177e+00
-4.360000000000001652e-01 1.412472576000000313e+00 1.412472576000000313e+00
-4.350000000000000533e-01 1.410748499999999961e+00 1.410748499999999961e+00
-4.340000000000001634e-01 1.409013984000000219e+00 1.409013984000000219e+00
-4.330000000000000515e-01 1.407269052000000187e+00 1.407269052000000187e+00
-4.320000000000001616e-01 1.405513728000000295e+00 1.405513728000000295e+00
-4.310000000000000497e-01 1.403748036000000088e+00 1.403748036000000088e+00
-4.300000000000001599e-01 1.401972000000000218e+00 1.401972000000000218e+00
-4.290000000000000480e-01 1.400185644000000229e+00 1.400185644000000229e+00
-4.280000000000001581e-01 1.398388992000000330e+00 1.398388992000000330e+00
-4.270000000000000462e-01 1.396582068000000065e+00 1.396582068000000065e+00
-4.260000000000001563e-01 1.394764896000000087e+00 1.394764896000000087e+00
-4.250000000000000444e-01 1.392937500000000162e+00 1.392937500000000162e+00
-4.240000000000001545e-01 1.391099904000000276e+00 1.391099904000000276e+00
-4.230000000000000426e-01 1.389252132000000195e+00 1.389252132000000195e+00
-4.220000000000001528e-01 1.387394208000000351e+00 1.387394208000000351e+00
-4.210000000000000409e-01 1.385526156000000064e+00 1.385526156000000064e+00
-4.200000000000001510e-01 1.383648000000000211e+00 1.383648000000000211e+00
-4.190000000000000391e-01 1.381759763999999890e+00 1.381759763999999890e+00
-4.180000000000001492e-01 1.379861472000000422e+00 1.379861472000000422e+00
-4.170000000000000373e-01 1.377953148000000017e+00 1.377953148000000017e+00
-4.160000000000001474e-01 1.376034816000000216e+00 1.376034816000000216e+00
-4.150000000000000355e-01 1.374106499999999897e+00 1.374106499999999897e+00
-4.140000000000001457e-01 1.372168224000000381e+00 1.372168224000000381e+00
-4.130000000000000338e-01 1.370220012000000098e+00 1.370220012000000098e+00
-4.120000000000001439e-01 1.368261888000000370e+00 1.368261888000000370e+00
-4.110000000000000320e-01 1.366293876000000074e+00 1.366293876000000074e+00
-4.100000000000001421e-01 1.364316000000000306e+00 1.364316000000000306e+00
-4.090000000000000302e-01 1.362328284000000167e+00 1.362328284000000167e+00
-4.080000000000001403e-01 1.360330752000000087e+00 1.360330752000000087e+00
-4.070000000000000284e-01 1.358323428000000055e+00 1.358323428000000055e+00
-4.060000000000001386e-01 1.356306336000000279e+00 1.356306336000000279e+00
-4.050000000000000266e-01 1.354279499999999858e+00 1.354279499999999858e+00
-4.040000000000001368e-01 1.352242944000000335e+00 1.352242944000000335e+00
-4.030000000000000249e-01 1.350196692000000143e+00 1.350196692000000143e+00
-4.020000000000001350e-01 1.348140768000000378e+00 1.348140768000000378e+00
-4.010000000000000231e-01 1.346075196000000140e+00 1.346075196000000140e+00
-4.000000000000001332e-01 1.344000000000000306e+00 1.344000000000000306e+00
-3.990000000000000213e-01 1.341915203999999973e+00 1.341915203999999973e+00
-3.980000000000001315e-01 1.339820832000000239e+00 1.339820832000000239e+00
-3.970000000000000195e-01 1.337716907999999982e+00 1.337716907999999982e+00
-3.960000000000001297e-01 1.335603456000000300e+00 1.335603456000000300e+00
-3.950000000000000178e-01 1.333480499999999846e+00 1.333480499999999846e+00
-3.940000000000001279e-01 1.331348064000000164e+00 1.331348064000000164e+00
-3.930000000000000160e-01 1.329206171999999908e+00 1.329206171999999908e+00
-3.920000000000001261e-01 1.327054848000000176e+00 1.327054848000000176e+00
-3.910000000000000142e-01 1.324894116000000066e+00 1.324894116000000066e+00
-3.900000000000001243e-01 1.322724000000000233e+00 1.322724000000000233e+00
-3.890000000000000124e-01 1.320544523999999997e+00 1.320544523999999997e+00
-3.880000000000001226e-01 1.318355712000000235e+00 1.318355712000000235e+00
-3.870000000000000107e-01 1.316157588000000045e+00 1.316157588000000045e+00
-3.860000000000001208e-01 1.313950176000000303e+00 1.313950176000000303e+00
-3.850000000000000089e-01 1.311733499999999886e+00 1.311733499999999886e+00
-3.840000000000001190e-01 1.309507584000000335e+00 1.309507584000000335e+00
-3.830000000000000071e-01 1.307272451999999863e+00 1.307272451999999863e+00
-3.820000000000001172e-01 1.305028128000000232e+00 1.305028128000000232e+00
-3.810000000000000053e-01 1.302774636000000097e+00 1.302774636000000097e+00
-3.800000000000001155e-01 1.300512000000000334e+00 1.300512000000000334e+00
-3.790000000000000036e-01 1.298240244000000043e+00 1.298240244000000043e+00
-3.780000000000001137e-01 1.295959392000000099e+00 1.295959392000000099e+00
-3.770000000000000018e-01 1.293669468000000045e+00 1.293669468000000045e+00
-3.760000000000001119e-01 1.291370496000000312e+00 1.291370496000000312e+00
-3.750000000000000000e-01 1.289062500000000000e+00 1.289062500000000000e+00
-3.740000000000001101e-01 1.286745504000000206e+00 1.286745504000000206e+00
-3.729999999999999982e-01 1.284419531999999808e+00 1.284419531999999808e+00
-3.720000000000001084e-01 1.282084608000000348e+00 1.282084608000000348e+00
-3.709999999999999964e-01 1.279740756000000035e+00 1.279740756000000035e+00
-3.700000000000001066e-01 1.277388000000000412e+00 1.277388000000000412e+00
-3.689999999999999947e-01 1.275026363999999912e+00 1.275026363999999912e+00
-3.680000000000001048e-01 1.272655872000000299e+00 1.272655872000000299e+00
-3.669999999999999929e-01 1.270276547999999783e+00 1.270276547999999783e+00
-3.660000000000001030e-01 1.267888416000000351e+00 1.267888416000000351e+00
-3.649999999999999911e-01 1.265491499999999991e+00 1.265491499999999991e+00
-3.640000000000001013e-01 1.263085824000000246e+00 1.263085824000000246e+00
-3.629999999999999893e-01 1.260671411999999991e+00 1.260671411999999991e+00
-3.620000000000000995e-01 1.258248288000000326e+00 1.258248288000000326e+00
-3.609999999999999876e-01 1.255816475999999904e+00 1.255816475999999904e+00
-3.600000000000000977e-01 1.253376000000000268e+00 1.253376000000000268e+00
-3.589999999999999858e-01 1.250926883999999850e+00 1.250926883999999850e+00
-3.580000000000000959e-01 1.248469152000000193e+00 1.248469152000000193e+00
-3.569999999999999840e-01 1.246002827999999951e+00 1.246002827999999951e+00
-3.560000000000000941e-01 1.243527936000000222e+00 1.243527936000000222e+00
-3.549999999999999822e-01 1.241044499999999884e+00 1.241044499999999884e+00
-3.540000000000000924e-01 1.238552544000000255e+00 1.238552544000000255e+00
-3.529999999999999805e-01 1.236052091999999991e+00 1.236052091999999991e+00
-3.520000000000000906e-01 1.233543168000000190e+00 1.233543168000000190e+00
-3.509999999999999787e-01 1.231025795999999950e+00 1.231025795999999950e+00
-3.500000000000000888e-01 1.228500000000000147e+00 1.228500000000000147e+00
-3.489999999999999769e-01 1.225965804000000103e+00 1.225965804000000103e+00
-3.480000000000000870e-01 1.223423232000000249e+00 1.223423232000000249e+00
-3.469999999999999751e-01 1.220872307999999906e+00 1.220872307999999906e+00
-3.460000000000000853e-01 1.218313056000000172e+00 1.218313056000000172e+00
-3.449999999999999734e-01 1.215745499999999923e+00 1.215745499999999923e+00
-3.440000000000000835e-01 1.213169664000000258e+00 1.213169664000000258e+00
-3.429999999999999716e-01 1.210585571999999832e+00 1.210585571999999832e+00
-3.420000000000000817e-01 1.207993248000000186e+00 1.207993248000000186e+00
-3.409999999999999698e-01 1.205392715999999975e+00 1.205392715999999975e+00
-3.400000000000000799e-01 1.202784000000000297e+00 1.202784000000000297e+00
-3.389999999999999680e-01 1.200167124000000030e+00 1.200167124000000030e+00
-3.380000000000000782e-01 1.197542112000000269e+00 1.197542112000000269e+00
-3.369999999999999662e-01 1.194908987999999894e+00 1.194908987999999894e+00
-3.360000000000000764e-01 1.192267776000000223e+00 1.192267776000000223e+00
-3.349999999999999645e-01 1.189618499999999912e+00 1.189618499999999912e+00
-3.340000000000000746e-01 1.186961184000000280e+00 1.186961184000000280e+00
-3.329999999999999627e-01 1.184295851999999760e+00 1.184295851999999760e+00
-3.320000000000000728e-01 1.181622528000000116e+00 1.181622528000000116e+00
-3.309999999999999609e-01 1.178941235999999781e+00 1.178941235999999781e+00
-3.300000000000000711e-01 1.176252000000000297e+00 1.176252000000000297e+00
-3.289999999999999591e-01 1.173554843999999875e+00 1.173554843999999875e+00
-3.280000000000000693e-01 1.170849792000000278e+00 1.170849792000000278e+00
-3.269999999999999574e-01 1.168136867999999939e+00 1.168136867999999939e+00
-3.260000000000000675e-01 1.165416096000000179e+00 1.165416096000000179e+00
-3.249999999999999556e-01 1.162687499999999874e+00 1.162687499999999874e+00
-3.240000000000000657e-01 1.159951104000000122e+00 1.159951104000000122e+00
-3.229999999999999538e-01 1.157206931999999799e+00 1.157206931999999799e+00
-3.220000000000000639e-01 1.154455008000000227e+00 1.154455008000000227e+00
-3.209999999999999520e-01 1.151695355999999837e+00 1.151695355999999837e+00
-3.200000000000000622e-01 1.148928000000000171e+00 1.148928000000000171e+00
-3.190000000000001723e-01 1.146152964000000551e+00 1.146152964000000551e+00
-3.180000000000000604e-01 1.143370272000000298e+00 1.143370272000000298e+00
-3.170000000000001705e-01 1.140579948000000510e+00 1.140579948000000510e+00
-3.160000000000000586e-01 1.137782016000000063e+00 1.137782016000000063e+00
-3.150000000000001688e-01 1.134976500000000499e+00 1.134976500000000499e+00
-3.140000000000000568e-01 1.132163424000000251e+00 1.132163424000000251e+00
-3.130000000000001670e-01 1.129342812000000418e+00 1.129342812000000418e+00
-3.120000000000000551e-01 1.126514688000000319e+00 1.126514688000000319e+00
-3.110000000000001652e-01 1.123679076000000610e+00 1.123679076000000610e+00
-3.100000000000000533e-01 1.120836000000000165e+00 1.120836000000000165e+00
-3.090000000000001634e-01 1.117985484000000307e+00 1.117985484000000307e+00
-3.080000000000000515e-01 1.115127552000000133e+00 1.115127552000000133e+00
-3.070000000000001616e-01 1.112262228000000519e+00 1.112262228000000519e+00
-3.060000000000000497e-01 1.109389536000000120e+00 1.109389536000000120e+00
-3.050000000000001599e-01 1.106509500000000479e+00 1.106509500000000479e+00
-3.040000000000000480e-01 1.103622144000000027e+00 1.103622144000000027e+00
-3.030000000000001581e-01 1.100727492000000307e+00 1.100727492000000307e+00
-3.020000000000000462e-01 1.097825568000000196e+00 1.097825568000000196e+00
-3.010000000000001563e-01 1.094916396000000347e+00 1.094916396000000347e+00
-3.000000000000000444e-01 1.092000000000000082e+00 1.092000000000000082e+00
-2.990000000000001545e-01 1.089076404000000498e+00 1.089076404000000498e+00
-2.980000000000000426e-01 1.086145632000000250e+00 1.086145632000000250e+00
-2.970000000000001528e-01 1.083207708000000435e+00 1.083207708000000435e+00
-2.960000000000000409e-01 1.080262656000000154e+00 1.080262656000000154e+00
-2.950000000000001510e-01 1.077310500000000504e+00 1.077310500000000504e+00
-2.940000000000000391e-01 1.074351264000000139e+00 1.074351264000000139e+00
-2.930000000000001492e-01 1.071384972000000380e+00 1.071384972000000380e+00
-2.920000000000000373e-01 1.068411648000000103e+00 1.068411648000000103e+00
-2.910000000000001474e-01 1.065431316000000406e+00 1.065431316000000406e+00
-2.900000000000000355e-01 1.062444000000000166e+00 1.062444000000000166e+00
-2.890000000000001457e-01 1.059449724000000481e+00 1.059449724000000481e+00
-2.880000000000000338e-01 1.056448512000000006e+00 1.056448512000000006e+00
-2.870000000000001439e-01 1.053440388000000283e+00 1.053440388000000283e+00
-2.860000000000000320e-01 1.050425376000000188e+00 1.050425376000000188e+00
-2.850000000000001421e-01 1.047403500000000376e+00 1.047403500000000376e+00
-2.840000000000000302e-01 1.044374783999999945e+00 1.044374783999999945e+00
-2.830000000000001403e-01 1.041339252000000437e+00 1.041339252000000437e+00
-2.820000000000000284e-01 1.038296928000000063e+00 1.038296928000000063e+00
-2.810000000000001386e-01 1.035247836000000365e+00 1.035247836000000365e+00
-2.800000000000000266e-01 1.032191999999999998e+00 1.032191999999999998e+00
-2.790000000000001368e-01 1.029129444000000504e+00 1.029129444000000504e+00
-2.780000000000000249e-01 1.026060192000000093e+00 1.026060192000000093e+00
-2.770000000000001350e-01 1.022984268000000529e+00 1.022984268000000529e+00
-2.760000000000000231e-01 1.019901696000000024e+00 1.019901696000000024e+00
-2.750000000000001332e-01 1.016812500000000341e+00 1.016812500000000341e+00
-2.740000000000000213e-01 1.013716704000000135e+00 1.013716704000000135e+00
-2.730000000000001315e-01 1.010614332000000504e+00 1.010614332000000504e+00
-2.720000000000000195e-01 1.007505408000000102e+00 1.007505408000000102e+00
-2.710000000000001297e-01 1.004389956000000472e+00 1.004389956000000472e+00
-2.700000000000000178e-01 1.001268000000000047e+00 1.001268000000000047e+00
-2.690000000000001279e-01 9.981395640000003677e-01 9.981395640000003677e-01
-2.680000000000000160e-01 9.950046720000000899e-01 9.950046720000000899e-01
-2.670000000000001261e-01 9.918633480000004221e-01 9.918633480000004221e-01
-2.660000000000000142e-01 9.887156160000000193e-01 9.887156160000000193e-01
-2.650000000000001243e-01 9.855615000000003123e-01 9.855615000000003123e-01
-2.640000000000000124e-01 9.824010240000000671e-01 9.824010240000000671e-01
-2.630000000000001226e-01 9.792342120000003813e-01 9.792342120000003813e-01
-2.620000000000000107e-01 9.760610880000000211e-01 9.760610880000000211e-01
-2.610000000000001208e-01 9.728816760000003061e-01 9.728816760000003061e-01
-2.600000000000000089e-01 9.696960000000000024e-01 9.696960000000000024e-01
-2.590000000000001190e-01 9.665040840000004296e-01 9.665040840000004296e-01
-2.580000000000000071e-01 9.633059520000000209e-01 9.633059520000000209e-01
-2.570000000000001172e-01 9.601016280000004288e-01 9.601016280000004288e-01
-2.560000000000000053e-01 9.568911359999999755e-01 9.568911359999999755e-01
-2.550000000000001155e-01 9.536745000000003136e-01 9.536745000000003136e-01
-2.540000000000000036e-01 9.504517439999999873e-01 9.504517439999999873e-01
-2.530000000000001137e-01 9.472228920000003161e-01 9.472228920000003161e-01
-2.520000000000000018e-01 9.439879679999999551e-01 9.439879679999999551e-01
-2.510000000000001119e-01 9.407469960000003351e-01 9.407469960000003351e-01
-2.500000000000000000e-01 9.375000000000000000e-01 9.375000000000000000e-01
-2.490000000000001101e-01 9.342470040000003806e-01 9.342470040000003806e-01
-2.479999999999999982e-01 9.309880320000000209e-01 9.309880320000000209e-01
-2.470000000000001084e-01 9.277231080000003516e-01 9.277231080000003516e-01
-2.459999999999999964e-01 9.244522560000000277e-01 9.244522560000000277e-01
-2.450000000000001066e-01 9.211755000000003690e-01 9.211755000000003690e-01
-2.439999999999999947e-01 9.178928639999999195e-01 9.178928639999999195e-01
-2.430000000000001048e-01 9.146043720000003319e-01 9.146043720000003319e-01
-2.419999999999999929e-01 9.113100480000000392e-01 9.113100480000000392e-01
-2.410000000000001030e-01 9.080099160000003611e-01 9.080099160000003611e-01
-2.399999999999999911e-01 9.047039999999999527e-01 9.047039999999999527e-01
-2.390000000000001013e-01 9.013923240000002446e-01 9.013923240000002446e-01
-2.379999999999999893e-01 8.980749119999998920e-01 8.980749119999998920e-01
-2.370000000000000995e-01 8.947517880000003254e-01 8.947517880000003254e-01
-2.359999999999999876e-01 8.914229759999999780e-01 8.914229759999999780e-01
-2.350000000000000977e-01 8.880885000000002805e-01 8.880885000000002805e-01
-2.339999999999999858e-01 8.847483839999998878e-01 8.847483839999998878e-01
-2.330000000000000959e-01 8.814026520000003417e-01 8.814026520000003417e-01
-2.319999999999999840e-01 8.780513279999999643e-01 8.780513279999999643e-01
-2.310000000000000941e-01 8.746944360000004082e-01 8.746944360000004082e-01
-2.299999999999999822e-01 8.713319999999999954e-01 8.713319999999999954e-01
-2.290000000000000924e-01 8.679640440000002677e-01 8.679640440000002677e-01
-2.279999999999999805e-01 8.645905919999998801e-01 8.645905919999998801e-01
-2.270000000000000906e-01 8.612116680000002633e-01 8.612116680000002633e-01
-2.259999999999999787e-01 8.578272959999999614e-01 8.578272959999999614e-01
-2.250000000000000888e-01 8.544375000000002940e-01 8.544375000000002940e-01
-2.239999999999999769e-01 8.510423039999999162e-01 8.510423039999999162e-01
-2.230000000000000870e-01 8.476417320000002587e-01 8.476417320000002587e-01
-2.219999999999999751e-01 8.442358079999998655e-01 8.442358079999998655e-01
-2.210000000000000853e-01 8.408245560000002783e-01 8.408245560000002783e-01
-2.199999999999999734e-01 8.374079999999999302e-01 8.374079999999999302e-01
-2.190000000000000835e-01 8.339861640000002518e-01 8.339861640000002518e-01
-2.179999999999999716e-01 8.305590719999998983e-01 8.305590719999998983e-01
-2.170000000000000817e-01 8.271267480000003003e-01 8.271267480000003003e-01
-2.159999999999999698e-01 8.236892159999998908e-01 8.236892159999998908e-01
-2.150000000000000799e-01 8.202465000000002115e-01 8.202465000000002115e-01
-2.139999999999999680e-01 8.167986239999999176e-01 8.167986239999999176e-01
-2.130000000000000782e-01 8.133456120000003287e-01 8.133456120000003287e-01
-2.119999999999999662e-01 8.098874879999998777e-01 8.098874879999998777e-01
-2.110000000000000764e-01 8.064242760000002175e-01 8.064242760000002175e-01
-2.099999999999999645e-01 8.029559999999998920e-01 8.029559999999998920e-01
-2.090000000000000746e-01 7.994826840000002210e-01 7.994826840000002210e-01
-2.079999999999999627e-01 7.960043519999998596e-01 7.960043519999998596e-01
-2.070000000000000728e-01 7.925210280000002383e-01 7.925210280000002383e-01
-2.059999999999999609e-01 7.890327359999997903e-01 7.890327359999997903e-01
-2.050000000000000711e-01 7.855395000000002792e-01 7.855395000000002792e-01
-2.039999999999999591e-01 7.820413439999998051e-01 7.820413439999998051e-01
-2.030000000000000693e-01 7.785382920000002427e-01 7.785382920000002427e-01
-2.019999999999999574e-01 7.750303679999999140e-01 7.750303679999999140e-01
-2.010000000000000675e-01 7.715175960000002497e-01 7.715175960000002497e-01
-1.999999999999999556e-01 7.679999999999997939e-01 7.679999999999997939e-01
-1.990000000000000657e-01 7.644776040000001993e-01 7.644776040000001993e-01
-1.979999999999999538e-01 7.609504319999997879e-01 7.609504319999997879e-01
-1.970000000000000639e-01 7.574185080000002124e-01 7.574185080000002124e-01
-1.959999999999999520e-01 7.538818559999997948e-01 7.538818559999997948e-01
-1.950000000000000622e-01 7.503405000000002989e-01 7.503405000000002989e-01
-1.939999999999999503e-01 7.467944639999998246e-01 7.467944639999998246e-01
-1.930000000000000604e-01 7.432437720000002468e-01 7.432437720000002468e-01
-1.920000000000001705e-01 7.396884480000006645e-01 7.396884480000006645e-01
-1.910000000000000586e-01 7.361285160000002881e-01 7.361285160000002881e-01
-1.900000000000001688e-01 7.325640000000006591e-01 7.325640000000006591e-01
-1.890000000000000568e-01 7.289949240000002106e-01 7.289949240000002106e-01
-1.880000000000001670e-01 7.254213120000005954e-01 7.254213120000005954e-01
-1.870000000000000551e-01 7.218431880000002465e-01 7.218431880000002465e-01
-1.860000000000001652e-01 7.182605760000005946e-01 7.182605760000005946e-01
-1.850000000000000533e-01 7.146735000000001836e-01 7.146735000000001836e-01
-1.840000000000001634e-01 7.110819840000005554e-01 7.110819840000005554e-01
-1.830000000000000515e-01 7.074860520000002539e-01 7.074860520000002539e-01
-1.820000000000001616e-01 7.038857280000005989e-01 7.038857280000005989e-01
-1.810000000000000497e-01 7.002810360000001344e-01 7.002810360000001344e-01
-1.800000000000001599e-01 6.966720000000005131e-01 6.966720000000005131e-01
-1.790000000000000480e-01 6.930586440000001680e-01 6.930586440000001680e-01
-1.780000000000001581e-01 6.894409920000005298e-01 6.894409920000005298e-01
-1.770000000000000462e-01 6.858190680000001427e-01 6.858190680000001427e-01
-1.760000000000001563e-01 6.821928960000005482e-01 6.821928960000005482e-01
-1.750000000000000444e-01 6.785625000000001794e-01 6.785625000000001794e-01
-1.740000000000001545e-01 6.749279040000005780e-01 6.749279040000005780e-01
-1.730000000000000426e-01 6.712891320000001771e-01 6.712891320000001771e-01
-1.720000000000001528e-01 6.676462080000005184e-01 6.676462080000005184e-01
-1.710000000000000409e-01 6.639991560000001458e-01 6.639991560000001458e-01
-1.700000000000001510e-01 6.603480000000006012e-01 6.603480000000006012e-01
-1.690000000000000391e-01 6.566927640000000954e-01 6.566927640000000954e-01
-1.680000000000001492e-01 6.530334720000006143e-01 6.530334720000006143e-01
-1.670000000000000373e-01 6.493701480000001469e-01 6.493701480000001469e-01
-1.660000000000001474e-01 6.457028160000005679e-01 6.457028160000005679e-01
-1.650000000000000355e-01 6.420315000000000882e-01 6.420315000000000882e-01
-1.640000000000001457e-01 6.383562240000005827e-01 6.383562240000005827e-01
-1.630000000000000338e-01 6.346770120000000404e-01 6.346770120000000404e-01
-1.620000000000001439e-01 6.309938880000005579e-01 6.309938880000005579e-01
-1.610000000000000320e-01 6.273068760000001243e-01 6.273068760000001243e-01
-1.600000000000001421e-01 6.236160000000005033e-01 6.236160000000005033e-01
-1.590000000000000302e-01 6.199212840000001279e-01 6.199212840000001279e-01
-1.580000000000001403e-01 6.162227520000005399e-01 6.162227520000005399e-01
-1.570000000000000284e-01 6.125204280000000612e-01 6.125204280000000612e-01
-1.560000000000001386e-01 6.088143360000005666e-01 6.088143360000005666e-01
-1.550000000000000266e-01 6.051045000000001561e-01 6.051045000000001561e-01
-1.540000000000001368e-01 6.013909440000004825e-01 6.013909440000004825e-01
-1.530000000000000249e-01 5.976736920000000897e-01 5.976736920000000897e-01
-1.520000000000001350e-01 5.939527680000005194e-01 5.939527680000005194e-01
-1.510000000000000231e-01 5.902281960000000938e-01 5.902281960000000938e-01
-1.500000000000001332e-01 5.865000000000004654e-01 5.865000000000004654e-01
-1.490000000000000213e-01 5.827682040000000674e-01 5.827682040000000674e-01
-1.480000000000001315e-01 5.790328320000004414e-01 5.790328320000004414e-01
-1.470000000000000195e-01 5.752939080000001315e-01 5.752939080000001315e-01
-1.460000000000001297e-01 5.715514560000004574e-01 5.715514560000004574e-01
-1.450000000000000178e-01 5.678055000000000740e-01 5.678055000000000740e-01
-1.440000000000001279e-01 5.640560640000004122e-01 5.640560640000004122e-01
-1.430000000000000160e-01 5.603031720000000160e-01 5.603031720000000160e-01
-1.420000000000001261e-01 5.565468480000004270e-01 5.565468480000004270e-01
-1.410000000000000142e-01 5.527871160000000783e-01 5.527871160000000783e-01
-1.400000000000001243e-01 5.490240000000004006e-01 5.490240000000004006e-01
-1.390000000000000124e-01 5.452575240000000489e-01 5.452575240000000489e-01
-1.380000000000001226e-01 5.414877120000004540e-01 5.414877120000004540e-01
-1.370000000000000107e-01 5.377145880000000489e-01 5.377145880000000489e-01
-1.360000000000001208e-01 5.339381760000004862e-01 5.339381760000004862e-01
-1.350000000000000089e-01 5.301584999999999770e-01 5.301584999999999770e-01
-1.340000000000001190e-01 5.263755840000003960e-01 5.263755840000003960e-01
-1.330000000000000071e-01 5.225894520000000654e-01 5.225894520000000654e-01
-1.320000000000001172e-01 5.188001280000004156e-01 5.188001280000004156e-01
-1.310000000000000053e-01 5.150076359999999909e-01 5.150076359999999909e-01
-1.300000000000001155e-01 5.112120000000004438e-01 5.112120000000004438e-01
-1.290000000000000036e-01 5.074132439999999855e-01 5.074132439999999855e-01
-1.280000000000001137e-01 5.036113920000003796e-01 5.036113920000003796e-01
-1.270000000000000018e-01 4.998064680000000592e-01 4.998064680000000592e-01
-1.260000000000001119e-01 4.959984960000004550e-01 4.959984960000004550e-01
-1.250000000000000000e-01 4.921875000000000000e-01 4.921875000000000000e-01
-1.240000000000001101e-01 4.883735040000004024e-01 4.883735040000004024e-01
-1.229999999999999982e-01 4.845565320000000398e-01 4.845565320000000398e-01
-1.220000000000001084e-01 4.807366080000003983e-01 4.807366080000003983e-01
-1.209999999999999964e-01 4.769137559999999665e-01 4.769137559999999665e-01
-1.200000000000001066e-01 4.730880000000003971e-01 4.730880000000003971e-01
-1.189999999999999947e-01 4.692593640000000121e-01 4.692593640000000121e-01
-1.180000000000001048e-01 4.654278720000004088e-01 4.654278720000004088e-01
-1.169999999999999929e-01 4.615935480000000202e-01 4.615935480000000202e-01
-1.160000000000001030e-01 4.577564160000003879e-01 4.577564160000003879e-01
-1.149999999999999911e-01 4.539164999999999450e-01 4.539164999999999450e-01
-1.140000000000001013e-01 4.500738240000003998e-01 4.500738240000003998e-01
-1.129999999999999893e-01 4.462284119999999632e-01 4.462284119999999632e-01
-1.120000000000000995e-01 4.423802880000003990e-01 4.423802880000003990e-01
-1.109999999999999876e-01 4.385294759999999181e-01 4.385294759999999181e-01
-1.100000000000000977e-01 4.346760000000003954e-01 4.346760000000003954e-01
-1.089999999999999858e-01 4.308198839999999308e-01 4.308198839999999308e-01
-1.080000000000000959e-01 4.269611520000003990e-01 4.269611520000003990e-01
-1.069999999999999840e-01 4.230998279999999001e-01 4.230998279999999001e-01
-1.060000000000000941e-01 4.192359360000003643e-01 4.192359360000003643e-01
-1.049999999999999822e-01 4.153694999999999471e-01 4.153694999999999471e-01
-1.040000000000000924e-01 4.115005440000003567e-01 4.115005440000003567e-01
-1.029999999999999805e-01 4.076290919999999152e-01 4.076290919999999152e-01
-1.020000000000000906e-01 4.037551680000003862e-01 4.037551680000003862e-01
-1.009999999999999787e-01 3.998787959999999253e-01 3.998787959999999253e-01
-1.000000000000000888e-01 3.960000000000003517e-01 3.960000000000003517e-01
-9.899999999999997691e-02 3.921188039999999320e-01 3.921188039999999320e-01
-9.800000000000008704e-02 3.882352320000003187e-01 3.882352320000003187e-01
-9.699999999999997513e-02 3.843493079999998896e-01 3.843493079999998896e-01
-9.600000000000008527e-02 3.804610560000003527e-01 3.804610560000003527e-01
-9.499999999999997335e-02 3.765704999999999192e-01 3.765704999999999192e-01
-9.400000000000008349e-02 3.726776640000002971e-01 3.726776640000002971e-01
-9.299999999999997158e-02 3.687825719999998642e-01 3.687825719999998642e-01
-9.200000000000008171e-02 3.648852480000003284e-01 3.648852480000003284e-01
-9.099999999999996980e-02 3.609857159999999010e-01 3.609857159999999010e-01
-9.000000000000007994e-02 3.570840000000003456e-01 3.570840000000003456e-01
-8.899999999999996803e-02 3.531801239999998732e-01 3.531801239999998732e-01
-8.800000000000007816e-02 3.492741120000003030e-01 3.492741120000003030e-01
-8.699999999999996625e-02 3.453659879999998461e-01 3.453659879999998461e-01
-8.600000000000007638e-02 3.414557760000003217e-01 3.414557760000003217e-01
-8.499999999999996447e-02 3.375434999999998298e-01 3.375434999999998298e-01
-8.400000000000007461e-02 3.336291840000003006e-01 3.336291840000003006e-01
-8.299999999999996270e-02 3.297128519999998342e-01 3.297128519999998342e-01
-8.200000000000007283e-02 3.257945280000002497e-01 3.257945280000002497e-01
-8.099999999999996092e-02 3.218742359999998137e-01 3.218742359999998137e-01
-8.000000000000007105e-02 3.179520000000002899e-01 3.179520000000002899e-01
-7.899999999999995914e-02 3.140278439999998339e-01 3.140278439999998339e-01
-7.800000000000006928e-02 3.101017920000002648e-01 3.101017920000002648e-01
-7.699999999999995737e-02 3.061738679999998491e-01 3.061738679999998491e-01
-7.600000000000006750e-02 3.022440960000002397e-01 3.022440960000002397e-01
-7.499999999999995559e-02 2.983124999999998139e-01 2.983124999999998139e-01
-7.400000000000006573e-02 2.943791040000002246e-01 2.943791040000002246e-01
-7.299999999999995381e-02 2.904439319999997937e-01 2.904439319999997937e-01
-7.200000000000006395e-02 2.865070080000002850e-01 2.865070080000002850e-01
-7.099999999999995204e-02 2.825683559999997985e-01 2.825683559999997985e-01
-7.000000000000006217e-02 2.786280000000002643e-01 2.786280000000002643e-01
-6.899999999999995026e-02 2.746859639999997826e-01 2.746859639999997826e-01
-6.800000000000006040e-02 2.707422720000002281e-01 2.707422720000002281e-01
-6.699999999999994849e-02 2.667969479999998117e-01 2.667969479999998117e-01
-6.600000000000005862e-02 2.628500160000002417e-01 2.628500160000002417e-01
-6.499999999999994671e-02 2.589014999999997846e-01 2.589014999999997846e-01
-6.400000000000005684e-02 2.549514240000002041e-01 2.549514240000002041e-01
-6.300000000000016698e-02 2.509998120000006550e-01 2.509998120000006550e-01
-6.200000000000005507e-02 2.470466880000002363e-01 2.470466880000002363e-01
-6.100000000000016520e-02 2.430920760000006564e-01 2.430920760000006564e-01
-6.000000000000005329e-02 2.391360000000002095e-01 2.391360000000002095e-01
-5.900000000000016342e-02 2.351784840000006316e-01 2.351784840000006316e-01
-5.800000000000005151e-02 2.312195520000001892e-01 2.312195520000001892e-01
-5.700000000000016165e-02 2.272592280000006182e-01 2.272592280000006182e-01
-5.600000000000004974e-02 2.232975360000001852e-01 2.232975360000001852e-01
-5.500000000000015987e-02 2.193345000000006262e-01 2.193345000000006262e-01
-5.400000000000004796e-02 2.153701440000001799e-01 2.153701440000001799e-01
-5.300000000000015810e-02 2.114044920000006100e-01 2.114044920000006100e-01
-5.200000000000004619e-02 2.074375680000001831e-01 2.074375680000001831e-01
-5.100000000000015632e-02 2.034693960000006352e-01 2.034693960000006352e-01
-5.000000000000004441e-02 1.995000000000001772e-01 1.995000000000001772e-01
-4.900000000000015454e-02 1.955294040000006284e-01 1.955294040000006284e-01
-4.800000000000004263e-02 1.915576320000001720e-01 1.915576320000001720e-01
-4.700000000000015277e-02 1.875847080000005995e-01 1.875847080000005995e-01
-4.600000000000004086e-02 1.836106560000001497e-01 1.836106560000001497e-01
-4.500000000000015099e-02 1.796355000000005864e-01 1.796355000000005864e-01
-4.400000000000003908e-02 1.756592640000001482e-01 1.756592640000001482e-01
-4.300000000000014921e-02 1.716819720000005989e-01 1.716819720000005989e-01
-4.200000000000003730e-02 1.677036480000001495e-01 1.677036480000001495e-01
-4.100000000000014744e-02 1.637243160000005915e-01 1.637243160000005915e-01
-4.000000000000003553e-02 1.597440000000001359e-01 1.597440000000001359e-01
-3.900000000000014566e-02 1.557627240000005742e-01 1.557627240000005742e-01
-3.800000000000003375e-02 1.517805120000001451e-01 1.517805120000001451e-01
-3.700000000000014388e-02 1.477973880000005569e-01 1.477973880000005569e-01
-3.600000000000003197e-02 1.438133760000001315e-01 1.438133760000001315e-01
-3.500000000000014211e-02 1.398285000000005496e-01 1.398285000000005496e-01
-3.400000000000003020e-02 1.358427840000001052e-01 1.358427840000001052e-01
-3.300000000000014033e-02 1.318562520000005622e-01 1.318562520000005622e-01
-3.200000000000002842e-02 1.278689280000001038e-01 1.278689280000001038e-01
-3.100000000000013856e-02 1.238808360000005493e-01 1.238808360000005493e-01
-3.000000000000002665e-02 1.198920000000001096e-01 1.198920000000001096e-01
-2.900000000000013678e-02 1.159024440000005485e-01 1.159024440000005485e-01
-2.800000000000002487e-02 1.119121920000001047e-01 1.119121920000001047e-01
-2.700000000000013500e-02 1.079212680000005420e-01 1.079212680000005420e-01
-2.600000000000002309e-02 1.039296960000000852e-01 1.039296960000000852e-01
-2.500000000000013323e-02 9.993750000000053979e-02 9.993750000000053979e-02
-2.400000000000002132e-02 9.594470400000008892e-02 9.594470400000008892e-02
-2.300000000000013145e-02 9.195133200000052409e-02 9.195133200000052409e-02
-2.200000000000001954e-02 8.795740800000007020e-02 8.795740800000007020e-02
-2.100000000000012967e-02 8.396295600000051873e-02 8.396295600000051873e-02
-2.000000000000001776e-02 7.996800000000008068e-02 7.996800000000008068e-02
-1.900000000000012790e-02 7.597256400000050591e-02 7.597256400000050591e-02
-1.800000000000001599e-02 7.197667200000006094e-02 7.197667200000006094e-02
-1.700000000000012612e-02 6.798034800000050948e-02 6.798034800000050948e-02
-1.600000000000001421e-02 6.398361600000004867e-02 6.398361600000004867e-02
-1.500000000000012434e-02 5.998650000000049776e-02 5.998650000000049776e-02
-1.400000000000001243e-02 5.598902400000005386e-02 5.598902400000005386e-02
-1.300000000000012257e-02 5.199121200000049459e-02 5.199121200000049459e-02
-1.200000000000001066e-02 4.799308800000003788e-02 4.799308800000003788e-02
-1.100000000000012079e-02 4.399467600000048217e-02 4.399467600000048217e-02
-1.000000000000000888e-02 3.999600000000003847e-02 3.999600000000003847e-02
-9.000000000000119016e-03 3.599708400000047742e-02 3.599708400000047742e-02
-8.000000000000007105e-03 3.199795200000003087e-02 3.199795200000003087e-02
-7.000000000000117240e-03 2.799862800000046947e-02 2.799862800000046947e-02
-6.000000000000005329e-03 2.399913600000002159e-02 2.399913600000002159e-02
-5.000000000000115463e-03 1.999950000000046135e-02 1.999950000000046135e-02
-4.000000000000003553e-03 1.599974400000001365e-02 1.599974400000001365e-02
-3.000000000000113687e-03 1.199989200000045435e-02 1.199989200000045435e-02
-2.000000000000001776e-03 7.999968000000006602e-03 7.999968000000006602e-03
-1.000000000000111910e-03 3.999996000000447145e-03 3.999996000000447145e-03
0.000000000000000000e+00 -0.000000000000000000e+00 -0.000000000000000000e+00
9.999999999998898659e-04 -3.999995999999558967e-03 -3.999995999999558967e-03
2.000000000000001776e-03 -7.999968000000006602e-03 -7.999968000000006602e-03
2.999999999999891642e-03 -1.199989199999956617e-02 -1.199989199999956617e-02
4.000000000000003553e-03 -1.599974400000001365e-02 -1.599974400000001365e-02
4.999999999999893419e-03 -1.999949999999957317e-02 -1.999949999999957317e-02
6.000000000000005329e-03 -2.399913600000002159e-02 -2.399913600000002159e-02
6.999999999999895195e-03 -2.799862799999958130e-02 -2.799862799999958130e-02
8.000000000000007105e-03 -3.199795200000003087e-02 -3.199795200000003087e-02
8.999999999999896971e-03 -3.599708399999958924e-02 -3.599708399999958924e-02
1.000000000000000888e-02 -3.999600000000003847e-02 -3.999600000000003847e-02
1.099999999999989875e-02 -4.399467599999959400e-02 -4.399467599999959400e-02
1.200000000000001066e-02 -4.799308800000003788e-02 -4.799308800000003788e-02
1.299999999999990052e-02 -5.199121199999960641e-02 -5.199121199999960641e-02
1.400000000000001243e-02 -5.598902400000005386e-02 -5.598902400000005386e-02
1.499999999999990230e-02 -5.998649999999960958e-02 -5.998649999999960958e-02
1.600000000000001421e-02 -6.398361600000004867e-02 -6.398361600000004867e-02
1.699999999999990408e-02 -6.798034799999962130e-02 -6.798034799999962130e-02
1.800000000000001599e-02 -7.197667200000006094e-02 -7.197667200000006094e-02
1.899999999999990585e-02 -7.597256399999963161e-02 -7.597256399999963161e-02
2.000000000000001776e-02 -7.996800000000008068e-02 -7.996800000000008068e-02
2.099999999999990763e-02 -8.396295599999963055e-02 -8.396295599999963055e-02
2.200000000000001954e-02 -8.795740800000007020e-02 -8.795740800000007020e-02
2.299999999999990941e-02 -9.195133199999963591e-02 -9.195133199999963591e-02
2.400000000000002132e-02 -9.594470400000008892e-02 -9.594470400000008892e-02
2.499999999999991118e-02 -9.993749999999965161e-02 -9.993749999999965161e-02
2.600000000000002309e-02 -1.039296960000000852e-01 -1.039296960000000852e-01
2.699999999999991296e-02 -1.079212679999996538e-01 -1.079212679999996538e-01
2.800000000000002487e-02 -1.119121920000001047e-01 -1.119121920000001047e-01
2.899999999999991473e-02 -1.159024439999996603e-01 -1.159024439999996603e-01
3.000000000000002665e-02 -1.198920000000001096e-01 -1.198920000000001096e-01
3.099999999999991651e-02 -1.238808359999996611e-01 -1.238808359999996611e-01
3.200000000000002842e-02 -1.278689280000001038e-01 -1.278689280000001038e-01
3.299999999999991829e-02 -1.318562519999996741e-01 -1.318562519999996741e-01
3.400000000000003020e-02 -1.358427840000001052e-01 -1.358427840000001052e-01
3.499999999999992006e-02 -1.398284999999996892e-01 -1.398284999999996892e-01
3.600000000000003197e-02 -1.438133760000001315e-01 -1.438133760000001315e-01
3.699999999999992184e-02 -1.477973879999996965e-01 -1.477973879999996965e-01
3.800000000000003375e-02 -1.517805120000001451e-01 -1.517805120000001451e-01
3.899999999999992362e-02 -1.557627239999996860e-01 -1.557627239999996860e-01
4.000000000000003553e-02 -1.597440000000001359e-01 -1.597440000000001359e-01
4.099999999999992539e-02 -1.637243159999997033e-01 -1.637243159999997033e-01
4.200000000000003730e-02 -1.677036480000001495e-01 -1.677036480000001495e-01
4.299999999999992717e-02 -1.716819719999997107e-01 -1.716819719999997107e-01
4.400000000000003908e-02 -1.756592640000001482e-01 -1.756592640000001482e-01
4.499999999999992895e-02 -1.796354999999997260e-01 -1.796354999999997260e-01
4.600000000000004086e-02 -1.836106560000001497e-01 -1.836106560000001497e-01
4.699999999999993072e-02 -1.875847079999997113e-01 -1.875847079999997113e-01
4.800000000000004263e-02 -1.915576320000001720e-01 -1.915576320000001720e-01
4.899999999999993250e-02 -1.955294039999997402e-01 -1.955294039999997402e-01
5.000000000000004441e-02 -1.995000000000001772e-01 -1.995000000000001772e-01
5.099999999999993427e-02 -2.034693959999997470e-01 -2.034693959999997470e-01
5.200000000000004619e-02 -2.074375680000001831e-01 -2.074375680000001831e-01
5.299999999999993605e-02 -2.114044919999997496e-01 -2.114044919999997496e-01
5.400000000000004796e-02 -2.153701440000001799e-01 -2.153701440000001799e-01
5.499999999999993783e-02 -2.193344999999997658e-01 -2.193344999999997658e-01
5.600000000000004974e-02 -2.232975360000001852e-01 -2.232975360000001852e-01
5.699999999999993960e-02 -2.272592279999997578e-01 -2.272592279999997578e-01
5.800000000000005151e-02 -2.312195520000001892e-01 -2.312195520000001892e-01
5.899999999999994138e-02 -2.351784839999997712e-01 -2.351784839999997712e-01
6.000000000000005329e-02 -2.391360000000002095e-01 -2.391360000000002095e-01
6.099999999999994316e-02 -2.430920759999997682e-01 -2.430920759999997682e-01
6.200000000000005507e-02 -2.470466880000002363e-01 -2.470466880000002363e-01
6.299999999999994493e-02 -2.509998119999997668e-01 -2.509998119999997668e-01
6.400000000000005684e-02 -2.549514240000002041e-01 -2.549514240000002041e-01
6.499999999999994671e-02 -2.589014999999997846e-01 -2.589014999999997846e-01
6.599999999999983658e-02 -2.628500159999993535e-01 -2.628500159999993535e-01
6.699999999999994849e-02 -2.667969479999998117e-01 -2.667969479999998117e-01
6.799999999999983835e-02 -2.707422719999993399e-01 -2.707422719999993399e-01
6.899999999999995026e-02 -2.746859639999997826e-01 -2.746859639999997826e-01
6.999999999999984013e-02 -2.786279999999993762e-01 -2.786279999999993762e-01
7.099999999999995204e-02 -2.825683559999997985e-01 -2.825683559999997985e-01
7.199999999999984190e-02 -2.865070079999993968e-01 -2.865070079999993968e-01
7.299999999999995381e-02 -2.904439319999997937e-01 -2.904439319999997937e-01
7.399999999999984368e-02 -2.943791039999993919e-01 -2.943791039999993919e-01
7.499999999999995559e-02 -2.983124999999998139e-01 -2.983124999999998139e-01
7.599999999999984546e-02 -3.022440959999994070e-01 -3.022440959999994070e-01
7.699999999999995737e-02 -3.061738679999998491e-01 -3.061738679999998491e-01
7.799999999999984723e-02 -3.101017919999993766e-01 -3.101017919999993766e-01
7.899999999999995914e-02 -3.140278439999998339e-01 -3.140278439999998339e-01
7.999999999999984901e-02 -3.179519999999994018e-01 -3.179519999999994018e-01
8.099999999999996092e-02 -3.218742359999998137e-01 -3.218742359999998137e-01
8.199999999999985079e-02 -3.257945279999994170e-01 -3.257945279999994170e-01
8.299999999999996270e-02 -3.297128519999998342e-01 -3.297128519999998342e-01
8.399999999999985256e-02 -3.336291839999994124e-01 -3.336291839999994124e-01
8.499999999999996447e-02 -3.375434999999998298e-01 -3.375434999999998298e-01
8.599999999999985434e-02 -3.414557759999994335e-01 -3.414557759999994335e-01
8.699999999999996625e-02 -3.453659879999998461e-01 -3.453659879999998461e-01
8.799999999999985612e-02 -3.492741119999994148e-01 -3.492741119999994148e-01
8.899999999999996803e-02 -3.531801239999998732e-01 -3.531801239999998732e-01
8.999999999999985789e-02 -3.570839999999994574e-01 -3.570839999999994574e-01
9.099999999999996980e-02 -3.609857159999999010e-01 -3.609857159999999010e-01
9.199999999999985967e-02 -3.648852479999994403e-01 -3.648852479999994403e-01
9.299999999999997158e-02 -3.687825719999998642e-01 -3.687825719999998642e-01
9.399999999999986144e-02 -3.726776639999994645e-01 -3.726776639999994645e-01
9.499999999999997335e-02 -3.765704999999999192e-01 -3.765704999999999192e-01
9.599999999999986322e-02 -3.804610559999994646e-01 -3.804610559999994646e-01
9.699999999999997513e-02 -3.843493079999998896e-01 -3.843493079999998896e-01
9.799999999999986500e-02 -3.882352319999994861e-01 -3.882352319999994861e-01
9.899999999999997691e-02 -3.921188039999999320e-01 -3.921188039999999320e-01
9.999999999999986677e-02 -3.959999999999994635e-01 -3.959999999999994635e-01
1.009999999999999787e-01 -3.998787959999999253e-01 -3.998787959999999253e-01
1.019999999999998685e-01 -4.037551679999994980e-01 -4.037551679999994980e-01
1.029999999999999805e-01 -4.076290919999999152e-01 -4.076290919999999152e-01
1.039999999999998703e-01 -4.115005439999995240e-01 -4.115005439999995240e-01
1.049999999999999822e-01 -4.153694999999999471e-01 -4.153694999999999471e-01
1.059999999999998721e-01 -4.192359359999994761e-01 -4.192359359999994761e-01
1.069999999999999840e-01 -4.230998279999999001e-01 -4.230998279999999001e-01
1.079999999999998739e-01 -4.269611519999995108e-01 -4.269611519999995108e-01
1.089999999999999858e-01 -4.308198839999999308e-01 -4.308198839999999308e-01
1.099999999999998757e-01 -4.346759999999995072e-01 -4.346759999999995072e-01
1.109999999999999876e-01 -4.385294759999999181e-01 -4.385294759999999181e-01
1.119999999999998774e-01 -4.423802879999995108e-01 -4.423802879999995108e-01
1.129999999999999893e-01 -4.462284119999999632e-01 -4.462284119999999632e-01
1.139999999999998792e-01 -4.500738239999995116e-01 -4.500738239999995116e-01
1.149999999999999911e-01 -4.539164999999999450e-01 -4.539164999999999450e-01
1.159999999999998810e-01 -4.577564159999994997e-01 -4.577564159999994997e-01
1.169999999999999929e-01 -4.615935480000000202e-01 -4.615935480000000202e-01
1.179999999999998828e-01 -4.654278719999995761e-01 -4.654278719999995761e-01
1.189999999999999947e-01 -4.692593640000000121e-01 -4.692593640000000121e-01
1.199999999999998845e-01 -4.730879999999995644e-01 -4.730879999999995644e-01
1.209999999999999964e-01 -4.769137559999999665e-01 -4.769137559999999665e-01
1.219999999999998863e-01 -4.807366079999995656e-01 -4.807366079999995656e-01
1.229999999999999982e-01 -4.845565320000000398e-01 -4.845565320000000398e-01
1.239999999999998881e-01 -4.883735039999995697e-01 -4.883735039999995697e-01
1.250000000000000000e-01 -4.921875000000000000e-01 -4.921875000000000000e-01
1.259999999999998899e-01 -4.959984959999995668e-01 -4.959984959999995668e-01
1.270000000000000018e-01 -4.998064680000000592e-01 -4.998064680000000592e-01
1.279999999999998916e-01 -5.036113919999996025e-01 -5.036113919999996025e-01
1.290000000000000036e-01 -5.074132439999999855e-01 -5.074132439999999855e-01
1.299999999999998934e-01 -5.112119999999996667e-01 -5.112119999999996667e-01
1.310000000000000053e-01 -5.150076359999999909e-01 -5.150076359999999909e-01
1.319999999999998952e-01 -5.188001279999996385e-01 -5.188001279999996385e-01
1.330000000000000071e-01 -5.225894520000000654e-01 -5.225894520000000654e-01
1.339999999999998970e-01 -5.263755839999996189e-01 -5.263755839999996189e-01
1.350000000000000089e-01 -5.301584999999999770e-01 -5.301584999999999770e-01
1.359999999999998987e-01 -5.339381759999995980e-01 -5.339381759999995980e-01
1.370000000000000107e-01 -5.377145880000000489e-01 -5.377145880000000489e-01
1.379999999999999005e-01 -5.414877119999996768e-01 -5.414877119999996768e-01
1.390000000000000124e-01 -5.452575240000000489e-01 -5.452575240000000489e-01
1.399999999999999023e-01 -5.490239999999996234e-01 -5.490239999999996234e-01
1.410000000000000142e-01 -5.527871160000000783e-01 -5.527871160000000783e-01
1.419999999999999041e-01 -5.565468479999996498e-01 -5.565468479999996498e-01
1.430000000000000160e-01 -5.603031720000000160e-01 -5.603031720000000160e-01
1.439999999999999059e-01 -5.640560639999996351e-01 -5.640560639999996351e-01
1.450000000000000178e-01 -5.678055000000000740e-01 -5.678055000000000740e-01
1.459999999999999076e-01 -5.715514559999996802e-01 -5.715514559999996802e-01
1.470000000000000195e-01 -5.752939080000001315e-01 -5.752939080000001315e-01
1.479999999999999094e-01 -5.790328319999996642e-01 -5.790328319999996642e-01
1.490000000000000213e-01 -5.827682040000000674e-01 -5.827682040000000674e-01
1.499999999999999112e-01 -5.864999999999996882e-01 -5.864999999999996882e-01
1.510000000000000231e-01 -5.902281960000000938e-01 -5.902281960000000938e-01
1.519999999999999130e-01 -5.939527679999996312e-01 -5.939527679999996312e-01
1.530000000000000249e-01 -5.976736920000000897e-01 -5.976736920000000897e-01
1.539999999999999147e-01 -6.013909439999997053e-01 -6.013909439999997053e-01
1.550000000000000266e-01 -6.051045000000001561e-01 -6.051045000000001561e-01
1.559999999999999165e-01 -6.088143359999996784e-01 -6.088143359999996784e-01
1.570000000000000284e-01 -6.125204280000000612e-01 -6.125204280000000612e-01
1.579999999999999183e-01 -6.162227519999996517e-01 -6.162227519999996517e-01
1.590000000000000302e-01 -6.199212840000001279e-01 -6.199212840000001279e-01
1.599999999999999201e-01 -6.236159999999997261e-01 -6.236159999999997261e-01
1.610000000000000320e-01 -6.273068760000001243e-01 -6.273068760000001243e-01
1.619999999999999218e-01 -6.309938879999997807e-01 -6.309938879999997807e-01
1.630000000000000338e-01 -6.346770120000000404e-01 -6.346770120000000404e-01
1.639999999999999236e-01 -6.383562239999996946e-01 -6.383562239999996946e-01
1.650000000000000355e-01 -6.420315000000000882e-01 -6.420315000000000882e-01
1.659999999999999254e-01 -6.457028159999996797e-01 -6.457028159999996797e-01
1.670000000000000373e-01 -6.493701480000001469e-01 -6.493701480000001469e-01
1.679999999999999272e-01 -6.530334719999997262e-01 -6.530334719999997262e-01
1.690000000000000391e-01 -6.566927640000000954e-01 -6.566927640000000954e-01
1.699999999999999289e-01 -6.603479999999998240e-01 -6.603479999999998240e-01
1.710000000000000409e-01 -6.639991560000001458e-01 -6.639991560000001458e-01
1.719999999999999307e-01 -6.676462079999997412e-01 -6.676462079999997412e-01
1.730000000000000426e-01 -6.712891320000001771e-01 -6.712891320000001771e-01
1.739999999999999325e-01 -6.749279039999998009e-01 -6.749279039999998009e-01
1.750000000000000444e-01 -6.785625000000001794e-01 -6.785625000000001794e-01
1.759999999999999343e-01 -6.821928959999997710e-01 -6.821928959999997710e-01
1.770000000000000462e-01 -6.858190680000001427e-01 -6.858190680000001427e-01
1.779999999999999361e-01 -6.894409919999997527e-01 -6.894409919999997527e-01
1.790000000000000480e-01 -6.930586440000001680e-01 -6.930586440000001680e-01
1.799999999999999378e-01 -6.966719999999997359e-01 -6.966719999999997359e-01
1.810000000000000497e-01 -7.002810360000001344e-01 -7.002810360000001344e-01
1.819999999999999396e-01 -7.038857279999998218e-01 -7.038857279999998218e-01
1.830000000000000515e-01 -7.074860520000002539e-01 -7.074860520000002539e-01
1.839999999999999414e-01 -7.110819839999997782e-01 -7.110819839999997782e-01
1.850000000000000533e-01 -7.146735000000001836e-01 -7.146735000000001836e-01
1.859999999999999432e-01 -7.182605759999998174e-01 -7.182605759999998174e-01
1.870000000000000551e-01 -7.218431880000002465e-01 -7.218431880000002465e-01
1.879999999999999449e-01 -7.254213119999998183e-01 -7.254213119999998183e-01
1.890000000000000568e-01 -7.289949240000002106e-01 -7.289949240000002106e-01
1.899999999999999467e-01 -7.325639999999997709e-01 -7.325639999999997709e-01
1.910000000000000586e-01 -7.361285160000002881e-01 -7.361285160000002881e-01
1.919999999999999485e-01 -7.396884479999997763e-01 -7.396884479999997763e-01
1.929999999999998384e-01 -7.432437719999993586e-01 -7.432437719999993586e-01
1.939999999999999503e-01 -7.467944639999998246e-01 -7.467944639999998246e-01
1.949999999999998401e-01 -7.503404999999994107e-01 -7.503404999999994107e-01
1.959999999999999520e-01 -7.538818559999997948e-01 -7.538818559999997948e-01
1.969999999999998419e-01 -7.574185079999994352e-01 -7.574185079999994352e-01
1.979999999999999538e-01 -7.609504319999997879e-01 -7.609504319999997879e-01
1.989999999999998437e-01 -7.644776039999995332e-01 -7.644776039999995332e-01
1.999999999999999556e-01 -7.679999999999997939e-01 -7.679999999999997939e-01
2.009999999999998455e-01 -7.715175959999994726e-01 -7.715175959999994726e-01
2.019999999999999574e-01 -7.750303679999999140e-01 -7.750303679999999140e-01
2.029999999999998472e-01 -7.785382919999994655e-01 -7.785382919999994655e-01
2.039999999999999591e-01 -7.820413439999998051e-01 -7.820413439999998051e-01
2.049999999999998490e-01 -7.855394999999993910e-01 -7.855394999999993910e-01
2.059999999999999609e-01 -7.890327359999997903e-01 -7.890327359999997903e-01
2.069999999999998508e-01 -7.925210279999994611e-01 -7.925210279999994611e-01
2.079999999999999627e-01 -7.960043519999998596e-01 -7.960043519999998596e-01
2.089999999999998526e-01 -7.994826839999994439e-01 -7.994826839999994439e-01
2.099999999999999645e-01 -8.029559999999998920e-01 -8.029559999999998920e-01
2.109999999999998543e-01 -8.064242759999995513e-01 -8.064242759999995513e-01
2.119999999999999662e-01 -8.098874879999998777e-01 -8.098874879999998777e-01
2.129999999999998561e-01 -8.133456119999994405e-01 -8.133456119999994405e-01
2.139999999999999680e-01 -8.167986239999999176e-01 -8.167986239999999176e-01
2.149999999999998579e-01 -8.202464999999995454e-01 -8.202464999999995454e-01
2.159999999999999698e-01 -8.236892159999998908e-01 -8.236892159999998908e-01
2.169999999999998597e-01 -8.271267479999995231e-01 -8.271267479999995231e-01
2.179999999999999716e-01 -8.305590719999998983e-01 -8.305590719999998983e-01
2.189999999999998614e-01 -8.339861639999995857e-01 -8.339861639999995857e-01
2.199999999999999734e-01 -8.374079999999999302e-01 -8.374079999999999302e-01
2.209999999999998632e-01 -8.408245559999996122e-01 -8.408245559999996122e-01
2.219999999999999751e-01 -8.442358079999998655e-01 -8.442358079999998655e-01
2.229999999999998650e-01 -8.476417319999995925e-01 -8.476417319999995925e-01
2.239999999999999769e-01 -8.510423039999999162e-01 -8.510423039999999162e-01
2.249999999999998668e-01 -8.544374999999995168e-01 -8.544374999999995168e-01
2.259999999999999787e-01 -8.578272959999999614e-01 -8.578272959999999614e-01
2.269999999999998685e-01 -8.612116679999995972e-01 -8.612116679999995972e-01
2.279999999999999805e-01 -8.645905919999998801e-01 -8.645905919999998801e-01
2.289999999999998703e-01 -8.679640439999994905e-01 -8.679640439999994905e-01
2.299999999999999822e-01 -8.713319999999999954e-01 -8.713319999999999954e-01
2.309999999999998721e-01 -8.746944359999995200e-01 -8.746944359999995200e-01
2.319999999999999840e-01 -8.780513279999999643e-01 -8.780513279999999643e-01
2.329999999999998739e-01 -8.814026519999995646e-01 -8.814026519999995646e-01
2.339999999999999858e-01 -8.847483839999998878e-01 -8.847483839999998878e-01
2.349999999999998757e-01 -8.880884999999996143e-01 -8.880884999999996143e-01
2.359999999999999876e-01 -8.914229759999999780e-01 -8.914229759999999780e-01
2.369999999999998774e-01 -8.947517879999996593e-01 -8.947517879999996593e-01
2.379999999999999893e-01 -8.980749119999998920e-01 -8.980749119999998920e-01
2.389999999999998792e-01 -9.013923239999995785e-01 -9.013923239999995785e-01
2.399999999999999911e-01 -9.047039999999999527e-01 -9.047039999999999527e-01
2.409999999999998810e-01 -9.080099159999995839e-01 -9.080099159999995839e-01
2.419999999999999929e-01 -9.113100480000000392e-01 -9.113100480000000392e-01
2.429999999999998828e-01 -9.146043719999996657e-01 -9.146043719999996657e-01
2.439999999999999947e-01 -9.178928639999999195e-01 -9.178928639999999195e-01
2.449999999999998845e-01 -9.211754999999995919e-01 -9.211754999999995919e-01
2.459999999999999964e-01 -9.244522560000000277e-01 -9.244522560000000277e-01
2.469999999999998863e-01 -9.277231079999995744e-01 -9.277231079999995744e-01
2.479999999999999982e-01 -9.309880320000000209e-01 -9.309880320000000209e-01
2.489999999999998881e-01 -9.342470039999996034e-01 -9.342470039999996034e-01
2.500000000000000000e-01 -9.375000000000000000e-01 -9.375000000000000000e-01
2.509999999999998899e-01 -9.407469959999996689e-01 -9.407469959999996689e-01
2.520000000000000018e-01 -9.439879679999999551e-01 -9.439879679999999551e-01
2.529999999999998916e-01 -9.472228919999996499e-01 -9.472228919999996499e-01
2.540000000000000036e-01 -9.504517439999999873e-01 -9.504517439999999873e-01
2.549999999999998934e-01 -9.536744999999997585e-01 -9.536744999999997585e-01
2.560000000000000053e-01 -9.568911359999999755e-01 -9.568911359999999755e-01
2.569999999999998952e-01 -9.601016279999996517e-01 -9.601016279999996517e-01
2.580000000000000071e-01 -9.633059520000000209e-01 -9.633059520000000209e-01
2.589999999999998970e-01 -9.665040839999996525e-01 -9.665040839999996525e-01
2.600000000000000089e-01 -9.696960000000000024e-01 -9.696960000000000024e-01
2.609999999999998987e-01 -9.728816759999996400e-01 -9.728816759999996400e-01
2.620000000000000107e-01 -9.760610880000000211e-01 -9.760610880000000211e-01
2.629999999999999005e-01 -9.792342119999997152e-01 -9.792342119999997152e-01
2.640000000000000124e-01 -9.824010240000000671e-01 -9.824010240000000671e-01
2.649999999999999023e-01 -9.855614999999996462e-01 -9.855614999999996462e-01
2.660000000000000142e-01 -9.887156160000000193e-01 -9.887156160000000193e-01
2.669999999999999041e-01 -9.918633479999997560e-01 -9.918633479999997560e-01
2.680000000000000160e-01 -9.950046720000000899e-01 -9.950046720000000899e-01
2.689999999999999059e-01 -9.981395639999998126e-01 -9.981395639999998126e-01
2.700000000000000178e-01 -1.001268000000000047e+00 -1.001268000000000047e+00
2.709999999999999076e-01 -1.004389955999999584e+00 -1.004389955999999584e+00
2.720000000000000195e-01 -1.007505408000000102e+00 -1.007505408000000102e+00
2.729999999999999094e-01 -1.010614331999999616e+00 -1.010614331999999616e+00
2.740000000000000213e-01 -1.013716704000000135e+00 -1.013716704000000135e+00
2.749999999999999112e-01 -1.016812499999999675e+00 -1.016812499999999675e+00
2.760000000000000231e-01 -1.019901696000000024e+00 -1.019901696000000024e+00
2.769999999999999130e-01 -1.022984267999999641e+00 -1.022984267999999641e+00
2.780000000000000249e-01 -1.026060192000000093e+00 -1.026060192000000093e+00
2.789999999999999147e-01 -1.029129443999999838e+00 -1.029129443999999838e+00
2.800000000000000266e-01 -1.032191999999999998e+00 -1.032191999999999998e+00
2.809999999999999165e-01 -1.035247835999999699e+00 -1.035247835999999699e+00
2.820000000000000284e-01 -1.038296928000000063e+00 -1.038296928000000063e+00
2.829999999999999183e-01 -1.041339251999999771e+00 -1.041339251999999771e+00
2.840000000000000302e-01 -1.044374783999999945e+00 -1.044374783999999945e+00
2.849999999999999201e-01 -1.047403499999999710e+00 -1.047403499999999710e+00
2.860000000000000320e-01 -1.050425376000000188e+00 -1.050425376000000188e+00
2.869999999999999218e-01 -1.053440387999999839e+00 -1.053440387999999839e+00
2.880000000000000338e-01 -1.056448512000000006e+00 -1.056448512000000006e+00
2.889999999999999236e-01 -1.059449723999999815e+00 -1.059449723999999815e+00
2.900000000000000355e-01 -1.062444000000000166e+00 -1.062444000000000166e+00
2.909999999999999254e-01 -1.065431315999999740e+00 -1.065431315999999740e+00
2.920000000000000373e-01 -1.068411648000000103e+00 -1.068411648000000103e+00
2.929999999999999272e-01 -1.071384971999999713e+00 -1.071384971999999713e+00
2.940000000000000391e-01 -1.074351264000000139e+00 -1.074351264000000139e+00
2.949999999999999289e-01 -1.077310499999999838e+00 -1.077310499999999838e+00
2.960000000000000409e-01 -1.080262656000000154e+00 -1.080262656000000154e+00
2.969999999999999307e-01 -1.083207707999999769e+00 -1.083207707999999769e+00
2.980000000000000426e-01 -1.086145632000000250e+00 -1.086145632000000250e+00
2.989999999999999325e-01 -1.089076403999999831e+00 -1.089076403999999831e+00
3.000000000000000444e-01 -1.092000000000000082e+00 -1.092000000000000082e+00
3.009999999999999343e-01 -1.094916395999999903e+00 -1.094916395999999903e+00
3.020000000000000462e-01 -1.097825568000000196e+00 -1.097825568000000196e+00
3.029999999999999361e-01 -1.100727491999999863e+00 -1.100727491999999863e+00
3.040000000000000480e-01 -1.103622144000000027e+00 -1.103622144000000027e+00
3.049999999999999378e-01 -1.106509499999999813e+00 -1.106509499999999813e+00
3.060000000000000497e-01 -1.109389536000000120e+00 -1.109389536000000120e+00
3.069999999999999396e-01 -1.112262227999999853e+00 -1.112262227999999853e+00
3.080000000000000515e-01 -1.115127552000000133e+00 -1.115127552000000133e+00
3.089999999999999414e-01 -1.117985483999999863e+00 -1.117985483999999863e+00
3.100000000000000533e-01 -1.120836000000000165e+00 -1.120836000000000165e+00
3.109999999999999432e-01 -1.123679075999999943e+00 -1.123679075999999943e+00
3.120000000000000551e-01 -1.126514688000000319e+00 -1.126514688000000319e+00
3.129999999999999449e-01 -1.129342811999999752e+00 -1.129342811999999752e+00
3.140000000000000568e-01 -1.132163424000000251e+00 -1.132163424000000251e+00
3.149999999999999467e-01 -1.134976499999999833e+00 -1.134976499999999833e+00
3.160000000000000586e-01 -1.137782016000000063e+00 -1.137782016000000063e+00
3.169999999999999485e-01 -1.140579947999999844e+00 -1.140579947999999844e+00
3.180000000000000604e-01 -1.143370272000000298e+00 -1.143370272000000298e+00
3.189999999999999503e-01 -1.146152963999999885e+00 -1.146152963999999885e+00
3.199999999999998401e-01 -1.148927999999999505e+00 -1.148927999999999505e+00
3.209999999999999520e-01 -1.151695355999999837e+00 -1.151695355999999837e+00
3.219999999999998419e-01 -1.154455007999999561e+00 -1.154455007999999561e+00
3.229999999999999538e-01 -1.157206931999999799e+00 -1.157206931999999799e+00
3.239999999999998437e-01 -1.159951103999999455e+00 -1.159951103999999455e+00
3.249999999999999556e-01 -1.162687499999999874e+00 -1.162687499999999874e+00
3.259999999999998455e-01 -1.165416095999999513e+00 -1.165416095999999513e+00
3.269999999999999574e-01 -1.168136867999999939e+00 -1.168136867999999939e+00
3.279999999999998472e-01 -1.170849791999999612e+00 -1.170849791999999612e+00
3.289999999999999591e-01 -1.173554843999999875e+00 -1.173554843999999875e+00
3.299999999999998490e-01 -1.176251999999999631e+00 -1.176251999999999631e+00
3.309999999999999609e-01 -1.178941235999999781e+00 -1.178941235999999781e+00
3.319999999999998508e-01 -1.181622527999999672e+00 -1.181622527999999672e+00
3.329999999999999627e-01 -1.184295851999999760e+00 -1.184295851999999760e+00
3.339999999999998526e-01 -1.186961183999999614e+00 -1.186961183999999614e+00
3.349999999999999645e-01 -1.189618499999999912e+00 -1.189618499999999912e+00
3.359999999999998543e-01 -1.192267775999999557e+00 -1.192267775999999557e+00
3.369999999999999662e-01 -1.194908987999999894e+00 -1.194908987999999894e+00
3.379999999999998561e-01 -1.197542111999999603e+00 -1.197542111999999603e+00
3.389999999999999680e-01 -1.200167124000000030e+00 -1.200167124000000030e+00
3.399999999999998579e-01 -1.202783999999999631e+00 -1.202783999999999631e+00
3.409999999999999698e-01 -1.205392715999999975e+00 -1.205392715999999975e+00
3.419999999999998597e-01 -1.207993247999999742e+00 -1.207993247999999742e+00
3.429999999999999716e-01 -1.210585571999999832e+00 -1.210585571999999832e+00
3.439999999999998614e-01 -1.213169663999999592e+00 -1.213169663999999592e+00
3.449999999999999734e-01 -1.215745499999999923e+00 -1.215745499999999923e+00
3.459999999999998632e-01 -1.218313055999999506e+00 -1.218313055999999506e+00
3.469999999999999751e-01 -1.220872307999999906e+00 -1.220872307999999906e+00
3.479999999999998650e-01 -1.223423231999999805e+00 -1.223423231999999805e+00
3.489999999999999769e-01 -1.225965804000000103e+00 -1.225965804000000103e+00
3.499999999999998668e-01 -1.228499999999999703e+00 -1.228499999999999703e+00
3.509999999999999787e-01 -1.231025795999999950e+00 -1.231025795999999950e+00
3.519999999999998685e-01 -1.233543167999999746e+00 -1.233543167999999746e+00
3.529999999999999805e-01 -1.236052091999999991e+00 -1.236052091999999991e+00
3.539999999999998703e-01 -1.238552543999999811e+00 -1.238552543999999811e+00
3.549999999999999822e-01 -1.241044499999999884e+00 -1.241044499999999884e+00
3.559999999999998721e-01 -1.243527935999999556e+00 -1.243527935999999556e+00
3.569999999999999840e-01 -1.246002827999999951e+00 -1.246002827999999951e+00
3.579999999999998739e-01 -1.248469151999999749e+00 -1.248469151999999749e+00
3.589999999999999858e-01 -1.250926883999999850e+00 -1.250926883999999850e+00
3.599999999999998757e-01 -1.253375999999999602e+00 -1.253375999999999602e+00
3.609999999999999876e-01 -1.255816475999999904e+00 -1.255816475999999904e+00
3.619999999999998774e-01 -1.258248287999999659e+00 -1.258248287999999659e+00
3.629999999999999893e-01 -1.260671411999999991e+00 -1.260671411999999991e+00
3.639999999999998792e-01 -1.263085823999999580e+00 -1.263085823999999580e+00
3.649999999999999911e-01 -1.265491499999999991e+00 -1.265491499999999991e+00
3.659999999999998810e-01 -1.267888415999999685e+00 -1.267888415999999685e+00
3.669999999999999929e-01 -1.270276547999999783e+00 -1.270276547999999783e+00
3.679999999999998828e-01 -1.272655871999999855e+00 -1.272655871999999855e+00
3.689999999999999947e-01 -1.275026363999999912e+00 -1.275026363999999912e+00
3.699999999999998845e-01 -1.277387999999999746e+00 -1.277387999999999746e+00
3.709999999999999964e-01 -1.279740756000000035e+00 -1.279740756000000035e+00
3.719999999999998863e-01 -1.282084607999999681e+00 -1.282084607999999681e+00
3.729999999999999982e-01 -1.284419531999999808e+00 -1.284419531999999808e+00
3.739999999999998881e-01 -1.286745503999999762e+00 -1.286745503999999762e+00
3.750000000000000000e-01 -1.289062500000000000e+00 -1.289062500000000000e+00
3.759999999999998899e-01 -1.291370495999999646e+00 -1.291370495999999646e+00
3.770000000000000018e-01 -1.293669468000000045e+00 -1.293669468000000045e+00
3.779999999999998916e-01 -1.295959391999999877e+00 -1.295959391999999877e+00
3.790000000000000036e-01 -1.298240244000000043e+00 -1.298240244000000043e+00
3.799999999999998934e-01 -1.300511999999999890e+00 -1.300511999999999890e+00
3.810000000000000053e-01 -1.302774636000000097e+00 -1.302774636000000097e+00
3.819999999999998952e-01 -1.305028127999999787e+00 -1.305028127999999787e+00
3.830000000000000071e-01 -1.307272451999999863e+00 -1.307272451999999863e+00
3.839999999999998970e-01 -1.309507583999999669e+00 -1.309507583999999669e+00
3.850000000000000089e-01 -1.311733499999999886e+00 -1.311733499999999886e+00
3.859999999999998987e-01 -1.313950175999999859e+00 -1.313950175999999859e+00
3.870000000000000107e-01 -1.316157588000000045e+00 -1.316157588000000045e+00
3.879999999999999005e-01 -1.318355711999999791e+00 -1.318355711999999791e+00
3.890000000000000124e-01 -1.320544523999999997e+00 -1.320544523999999997e+00
3.899999999999999023e-01 -1.322723999999999789e+00 -1.322723999999999789e+00
3.910000000000000142e-01 -1.324894116000000066e+00 -1.324894116000000066e+00
3.919999999999999041e-01 -1.327054847999999732e+00 -1.327054847999999732e+00
3.930000000000000160e-01 -1.329206171999999908e+00 -1.329206171999999908e+00
3.939999999999999059e-01 -1.331348063999999720e+00 -1.331348063999999720e+00
3.950000000000000178e-01 -1.333480499999999846e+00 -1.333480499999999846e+00
3.959999999999999076e-01 -1.335603455999999856e+00 -1.335603455999999856e+00
3.970000000000000195e-01 -1.337716907999999982e+00 -1.337716907999999982e+00
3.979999999999999094e-01 -1.339820831999999795e+00 -1.339820831999999795e+00
3.990000000000000213e-01 -1.341915203999999973e+00 -1.341915203999999973e+00
3.999999999999999112e-01 -1.343999999999999861e+00 -1.343999999999999861e+00
4.009999999999998010e-01 -1.346075195999999474e+00 -1.346075195999999474e+00
4.020000000000001350e-01 -1.348140768000000378e+00 -1.348140768000000378e+00
4.030000000000000249e-01 -1.350196692000000143e+00 -1.350196692000000143e+00
4.039999999999999147e-01 -1.352242943999999891e+00 -1.352242943999999891e+00
4.049999999999998046e-01 -1.354279499999999636e+00 -1.354279499999999636e+00
4.060000000000001386e-01 -1.356306336000000279e+00 -1.356306336000000279e+00
4.070000000000000284e-01 -1.358323428000000055e+00 -1.358323428000000055e+00
4.079999999999999183e-01 -1.360330751999999865e+00 -1.360330751999999865e+00
4.089999999999998082e-01 -1.362328283999999723e+00 -1.362328283999999723e+00
4.100000000000001421e-01 -1.364316000000000306e+00 -1.364316000000000306e+00
4.110000000000000320e-01 -1.366293876000000074e+00 -1.366293876000000074e+00
4.119999999999999218e-01 -1.368261887999999926e+00 -1.368261887999999926e+00
4.129999999999998117e-01 -1.370220011999999654e+00 -1.370220011999999654e+00
4.140000000000001457e-01 -1.372168224000000381e+00 -1.372168224000000381e+00
4.150000000000000355e-01 -1.374106499999999897e+00 -1.374106499999999897e+00
4.159999999999999254e-01 -1.376034815999999994e+00 -1.376034815999999994e+00
4.169999999999998153e-01 -1.377953147999999572e+00 -1.377953147999999572e+00
4.180000000000001492e-01 -1.379861472000000422e+00 -1.379861472000000422e+00
4.190000000000000391e-01 -1.381759763999999890e+00 -1.381759763999999890e+00
4.199999999999999289e-01 -1.383647999999999989e+00 -1.383647999999999989e+00
4.209999999999998188e-01 -1.385526155999999620e+00 -1.385526155999999620e+00
4.220000000000001528e-01 -1.387394208000000351e+00 -1.387394208000000351e+00
4.230000000000000426e-01 -1.389252132000000195e+00 -1.389252132000000195e+00
4.239999999999999325e-01 -1.391099903999999832e+00 -1.391099903999999832e+00
4.249999999999998224e-01 -1.392937499999999718e+00 -1.392937499999999718e+00
4.260000000000001563e-01 -1.394764896000000087e+00 -1.394764896000000087e+00
4.270000000000000462e-01 -1.396582068000000065e+00 -1.396582068000000065e+00
4.279999999999999361e-01 -1.398388991999999664e+00 -1.398388991999999664e+00
4.289999999999998259e-01 -1.400185643999999563e+00 -1.400185643999999563e+00
4.300000000000001599e-01 -1.401972000000000218e+00 -1.401972000000000218e+00
4.310000000000000497e-01 -1.403748036000000088e+00 -1.403748036000000088e+00
4.319999999999999396e-01 -1.405513728000000073e+00 -1.405513728000000073e+00
4.329999999999998295e-01 -1.407269051999999743e+00 -1.407269051999999743e+00
4.340000000000001634e-01 -1.409013984000000219e+00 -1.409013984000000219e+00
4.350000000000000533e-01 -1.410748499999999961e+00 -1.410748499999999961e+00
4.359999999999999432e-01 -1.412472575999999869e+00 -1.412472575999999869e+00
4.369999999999998330e-01 -1.414186187999999733e+00 -1.414186187999999733e+00
4.380000000000001670e-01 -1.415889312000000233e+00 -1.415889312000000233e+00
4.390000000000000568e-01 -1.417581924000000049e+00 -1.417581924000000049e+00
4.399999999999999467e-01 -1.419263999999999859e+00 -1.419263999999999859e+00
4.409999999999998366e-01 -1.420935515999999676e+00 -1.420935515999999676e+00
4.420000000000001705e-01 -1.422596448000000402e+00 -1.422596448000000402e+00
4.430000000000000604e-01 -1.424246772000000050e+00 -1.424246772000000050e+00
4.439999999999999503e-01 -1.425886463999999965e+00 -1.425886463999999965e+00
4.449999999999998401e-01 -1.427515499999999715e+00 -1.427515499999999715e+00
4.460000000000001741e-01 -1.429133856000000424e+00 -1.429133856000000424e+00
4.470000000000000639e-01 -1.430741507999999884e+00 -1.430741507999999884e+00
4.479999999999999538e-01 -1.432338431999999884e+00 -1.432338431999999884e+00
4.489999999999998437e-01 -1.433924603999999547e+00 -1.433924603999999547e+00
4.499999999999997335e-01 -1.435499999999999554e+00 -1.435499999999999554e+00
4.510000000000000675e-01 -1.437064596000000138e+00 -1.437064596000000138e+00
4.519999999999999574e-01 -1.438618367999999981e+00 -1.438618367999999981e+00
4.529999999999998472e-01 -1.440161291999999760e+00 -1.440161291999999760e+00
4.539999999999997371e-01 -1.441693343999999710e+00 -1.441693343999999710e+00
4.550000000000000711e-01 -1.443214500000000289e+00 -1.443214500000000289e+00
4.559999999999999609e-01 -1.444724735999999954e+00 -1.444724735999999954e+00
4.569999999999998508e-01 -1.446224027999999828e+00 -1.446224027999999828e+00
4.579999999999997407e-01 -1.447712351999999703e+00 -1.447712351999999703e+00
4.590000000000000746e-01 -1.449189684000000033e+00 -1.449189684000000033e+00
4.599999999999999645e-01 -1.450655999999999946e+00 -1.450655999999999946e+00
4.609999999999998543e-01 -1.452111275999999895e+00 -1.452111275999999895e+00
4.619999999999997442e-01 -1.453555487999999674e+00 -1.453555487999999674e+00
4.630000000000000782e-01 -1.454988612000000181e+00 -1.454988612000000181e+00
4.639999999999999680e-01 -1.456410624000000098e+00 -1.456410624000000098e+00
4.649999999999998579e-01 -1.457821499999999659e+00 -1.457821499999999659e+00
4.659999999999997478e-01 -1.459221215999999544e+00 -1.459221215999999544e+00
4.670000000000000817e-01 -1.460609747999999986e+00 -1.460609747999999986e+00
4.679999999999999716e-01 -1.461987071999999888e+00 -1.461987071999999888e+00
4.689999999999998614e-01 -1.463353163999999929e+00 -1.463353163999999929e+00
4.699999999999997513e-01 -1.464707999999999677e+00 -1.464707999999999677e+00
4.710000000000000853e-01 -1.466051556000000033e+00 -1.466051556000000033e+00
4.719999999999999751e-01 -1.467383807999999901e+00 -1.467383807999999901e+00
4.729999999999998650e-01 -1.468704731999999957e+00 -1.468704731999999957e+00
4.739999999999997549e-01 -1.470014303999999772e+00 -1.470014303999999772e+00
4.750000000000000888e-01 -1.471312500000000023e+00 -1.471312500000000023e+00
4.759999999999999787e-01 -1.472599295999999836e+00 -1.472599295999999836e+00
4.769999999999998685e-01 -1.473874667999999888e+00 -1.473874667999999888e+00
4.779999999999997584e-01 -1.475138591999999749e+00 -1.475138591999999749e+00
4.790000000000000924e-01 -1.476391044000000097e+00 -1.476391044000000097e+00
4.799999999999999822e-01 -1.477632000000000057e+00 -1.477632000000000057e+00
4.809999999999998721e-01 -1.478861435999999641e+00 -1.478861435999999641e+00
4.819999999999997620e-01 -1.480079327999999750e+00 -1.480079327999999750e+00
4.830000000000000959e-01 -1.481285652000000175e+00 -1.481285652000000175e+00
4.839999999999999858e-01 -1.482480383999999818e+00 -1.482480383999999818e+00
4.849999999999998757e-01 -1.483663499999999802e+00 -1.483663499999999802e+00
4.859999999999997655e-01 -1.484834975999999696e+00 -1.484834975999999696e+00
4.870000000000000995e-01 -1.485994788000000177e+00 -1.485994788000000177e+00
4.879999999999999893e-01 -1.487142911999999928e+00 -1.487142911999999928e+00
4.889999999999998792e-01 -1.488279323999999848e+00 -1.488279323999999848e+00
4.899999999999997691e-01 -1.489403999999999728e+00 -1.489403999999999728e+00
4.910000000000001030e-01 -1.490516916000000025e+00 -1.490516916000000025e+00
4.919999999999999929e-01 -1.491618047999999863e+00 -1.491618047999999863e+00
4.929999999999998828e-01 -1.492707371999999921e+00 -1.492707371999999921e+00
4.939999999999997726e-01 -1.493784863999999768e+00 -1.493784863999999768e+00
4.950000000000001066e-01 -1.494850500000000304e+00 -1.494850500000000304e+00
4.959999999999999964e-01 -1.495904255999999988e+00 -1.495904255999999988e+00
4.969999999999998863e-01 -1.496946107999999720e+00 -1.496946107999999720e+00
4.979999999999997762e-01 -1.497976031999999735e+00 -1.497976031999999735e+00
4.990000000000001101e-01 -1.498994004000000047e+00 -1.498994004000000047e+00
5.000000000000000000e-01 -1.500000000000000000e+00 -1.500000000000000000e+00
5.009999999999998899e-01 -1.500993996000000053e+00 -1.500993996000000053e+00
5.019999999999997797e-01 -1.501975967999999773e+00 -1.501975967999999773e+00
5.030000000000001137e-01 -1.502945892000000283e+00 -1.502945892000000283e+00
5.040000000000000036e-01 -1.503903744000000042e+00 -1.503903744000000042e+00
5.049999999999998934e-01 -1.504849499999999951e+00 -1.504849499999999951e+00
5.059999999999997833e-01 -1.505783136000000022e+00 -1.505783136000000022e+00
5.070000000000001172e-01 -1.506704628000000268e+00 -1.506704628000001378e+00
5.080000000000000071e-01 -1.507613951999999813e+00 -1.507613952000085078e+00
5.089999999999998970e-01 -1.508511084000000002e+00 -1.508511084002751357e+00
5.099999999999997868e-01 -1.509395999999999738e+00 -1.509396000044265440e+00
5.110000000000001208e-01 -1.510268676000000143e+00 -1.510268676429772583e+00
5.120000000000000107e-01 -1.511129088000000120e+00 -1.511129090856945911e+00
5.129999999999999005e-01 -1.511977211999999904e+00 -1.511977226191199453e+00
5.139999999999997904e-01 -1.512813023999999951e+00 -1.512813080066818694e+00
5.150000000000001243e-01 -1.513636500000000051e+00 -1.513636684436866942e+00
5.160000000000000142e-01 -1.514447615999999996e+00 -1.514448138827668489e+00
5.169999999999999041e-01 -1.515246348000000021e+00 -1.515247659122449964e+00
5.179999999999997939e-01 -1.516032671999999915e+00 -1.516035640741070445e+00
5.190000000000001279e-01 -1.516806563999999913e+00 -1.516812732064353630e+00
5.200000000000000178e-01 -1.517568000000000028e+00 -1.517579911751333333e+00
5.209999999999999076e-01 -1.518316956000000051e+00 -1.518338562684285131e+00
5.219999999999997975e-01 -1.519053407999999994e+00 -1.519090535661932195e+00
5.230000000000001315e-01 -1.519777332000000092e+00 -1.519838197338436503e+00
5.240000000000000213e-01 -1.520488703999999913e+00 -1.520584458835075425e+00
5.249999999999999112e-01 -1.521187499999999915e+00 -1.521332783511260223e+00
5.259999999999998010e-01 -1.521873695999999887e+00 -1.522087174252403807e+00
5.270000000000001350e-01 -1.522547268000000065e+00 -1.522852142122194552e+00
5.280000000000000249e-01 -1.523208192000000016e+00 -1.523632659258953526e+00
5.289999999999999147e-01 -1.523856443999999977e+00 -1.524434099478108040e+00
5.299999999999998046e-01 -1.524491999999999736e+00 -1.525262170235949233e+00
5.310000000000001386e-01 -1.525114836000000196e+00 -1.526122839499391981e+00
5.320000000000000284e-01 -1.525724928000000036e+00 -1.527022260742704862e+00
5.329999999999999183e-01 -1.526322251999999935e+00 -1.527966698837927240e+00
5.339999999999998082e-01 -1.526906783999999906e+00 -1.528962459089537429e+00
5.350000000000001421e-01 -1.527478499999999961e+00 -1.530015821138457799e+00
5.360000000000000320e-01 -1.528037376000000114e+00 -1.531132978962574498e+00
5.369999999999999218e-01 -1.528583388000000154e+00 -1.532319987754090285e+00
5.379999999999998117e-01 -1.529116511999999872e+00 -1.533582718070862327e+00
5.390000000000001457e-01 -1.529636724000000170e+00 -1.534926817343820193e+00
5.400000000000000355e-01 -1.530143999999999949e+00 -1.536357678574353791e+00
5.409999999999999254e-01 -1.530638315999999888e+00 -1.537880415869215200e+00
5.419999999999998153e-01 -1.531119648000000000e+00 -1.539499846328802324e+00
5.430000000000001492e-01 -1.531587972000000075e+00 -1.541220477719654314e+00
5.440000000000000391e-01 -1.532043264000000127e+00 -1.543046501315300745e+00
5.449999999999999289e-01 -1.532485500000000167e+00 -1.544981789273495165e+00
5.459999999999998188e-01 -1.532914655999999765e+00 -1.547029895925206455e+00
5.470000000000001528e-01 -1.533330708000000042e+00 -1.549194062375428116e+00
5.480000000000000426e-01 -1.533733631999999902e+00 -1.551477223852600007e+00
5.489999999999999325e-01 -1.534123404000000024e+00 -1.553882019288022720e+00
5.499999999999998224e-01 -1.534499999999999975e+00 -1.556410802655530112e+00
5.510000000000001563e-01 -1.534863395999999991e+00 -1.559065655652359883e+00
5.520000000000000462e-01 -1.535213567999999862e+00 -1.561848401352458060e+00
5.529999999999999361e-01 -1.535550491999999823e+00 -1.564760618512058166e+00
5.539999999999998259e-01 -1.535874144000000108e+00 -1.567803656253156763e+00
5.550000000000001599e-01 -1.536184500000000064e+00 -1.570978648892940033e+00
5.560000000000000497e-01 -1.536481535999999926e+00 -1.574286530725855782e+00
5.569999999999999396e-01 -1.536765227999999928e+00 -1.577728050599787490e+00
5.579999999999998295e-01 -1.537035552000000083e+00 -1.581303786158604341e+00
5.590000000000001634e-01 -1.537292483999999959e+00 -1.585014157650517452e+00
5.600000000000000533e-01 -1.537536000000000014e+00 -1.588859441225178415e+00
5.609999999999999432e-01 -1.537766076000000037e+00 -1.592839781662757970e+00
5.619999999999998330e-01 -1.537982688000000042e+00 -1.596955204495452252e+00
5.630000000000001670e-01 -1.538185812000000041e+00 -1.601205627496446349e+00
5.640000000000000568e-01 -1.538375424000000047e+00 -1.605590871523448815e+00
5.649999999999999467e-01 -1.538551500000000072e+00 -1.610110670713939207e+00
5.659999999999998366e-01 -1.538714015999999907e+00 -1.614764682037304722e+00
5.670000000000001705e-01 -1.538862948000000230e+00 -1.619552494215605654e+00
5.680000000000000604e-01 -1.538998272000000167e+00 -1.624473636029734491e+00
5.689999999999999503e-01 -1.539119963999999952e+00 -1.629527584031672083e+00
5.699999999999998401e-01 -1.539228000000000041e+00 -1.634713769686370277e+00
5.710000000000001741e-01 -1.539322356000000003e+00 -1.640031585968871219e+00
5.720000000000000639e-01 -1.539403007999999851e+00 -1.645480393443544687e+00
5.729999999999999538e-01 -1.539469932000000263e+00 -1.651059525853134424e+00
5.739999999999998437e-01 -1.539523103999999920e+00 -1.656768295245450107e+00
5.750000000000001776e-01 -1.539562500000000167e+00 -1.662605996665551755e+00
5.760000000000000675e-01 -1.539588096000000128e+00 -1.668571912440715455e+00
5.769999999999999574e-01 -1.539599867999999816e+00 -1.674665316084929634e+00
5.779999999999998472e-01 -1.539597791999999910e+00 -1.680885475848691968e+00
5.789999999999997371e-01 -1.539581843999999977e+00 -1.687231657938994100e+00
5.800000000000000711e-01 -1.539552000000000032e+00 -1.693703129433262955e+00
5.809999999999999609e-01 -1.539508235999999863e+00 -1.700299160909866325e+00
5.819999999999998508e-01 -1.539450528000000151e+00 -1.707019028816687101e+00
5.829999999999997407e-01 -1.539378852000000020e+00 -1.713862017597972631e+00
5.840000000000000746e-01 -1.539293184000000148e+00 -1.720827421598586371e+00
5.849999999999999645e-01 -1.539193499999999881e+00 -1.727914546763532844e+00
5.859999999999998543e-01 -1.539079776000000122e+00 -1.735122712149580027e+00
5.869999999999997442e-01 -1.538951987999999993e+00 -1.742451251264570899e+00
5.880000000000000782e-01 -1.538810112000000174e+00 -1.749899513249083105e+00
5.889999999999999680e-01 -1.538654123999999790e+00 -1.757466863913963895e+00
5.899999999999998579e-01 -1.538483999999999963e+00 -1.765152686646417335e+00
5.909999999999997478e-01 -1.538299716000000039e+00 -1.772956383196256036e+00
5.920000000000000817e-01 -1.538101248000000032e+00 -1.780877374353193376e+00
5.929999999999999716e-01 -1.537888571999999954e+00 -1.788915100525139801e+00
5.939999999999998614e-01 -1.537661664000000039e+00 -1.797069022226786439e+00
5.949999999999997513e-01 -1.537420500000000079e+00 -1.805338620486924395e+00
5.960000000000000853e-01 -1.537165056000000085e+00 -1.813723397182383845e+00
5.969999999999999751e-01 -1.536895308000000071e+00 -1.822222875305772538e+00
5.979999999999998650e-01 -1.536611232000000049e+00 -1.830836599173691459e+00
5.989999999999997549e-01 -1.536312804000000032e+00 -1.839564134581437305e+00
6.000000000000000888e-01 -1.536000000000000032e+00 -1.848405068909828808e+00
6.009999999999999787e-01 -1.535672796000000062e+00 -1.857359011189228415e+00
6.019999999999998685e-01 -1.535331168000000135e+00 -1.866425592125489530e+00
6.029999999999997584e-01 -1.534975092000000263e+00 -1.875604464092041734e+00
6.040000000000000924e-01 -1.534604544000000237e+00 -1.884895301092080144e+00
6.049999999999999822e-01 -1.534219499999999847e+00 -1.894297798694376533e+00
6.059999999999998721e-01 -1.533819935999999995e+00 -1.903811673946049332e+00
6.069999999999997620e-01 -1.533405828000000248e+00 -1.913436665265152437e+00
6.080000000000000959e-01 -1.532977151999999954e+00 -1.923172532315876149e+00
6.089999999999999858e-01 -1.532533884000000013e+00 -1.933019055868748337e+00
6.099999999999998757e-01 -1.532075999999999993e+00 -1.942976037648146193e+00
6.109999999999997655e-01 -1.531603475999999908e+00 -1.953043300169054586e+00
6.120000000000000995e-01 -1.531116287999999992e+00 -1.963220686564983719e+00
6.129999999999999893e-01 -1.530614412000000035e+00 -1.973508060408650788e+00
6.139999999999998792e-01 -1.530097824000000051e+00 -1.983905305527011942e+00
6.149999999999997691e-01 -1.529566500000000273e+00 -1.994412325811913522e+00
6.160000000000001030e-01 -1.529020416000000049e+00 -2.005029045027658885e+00
6.169999999999999929e-01 -1.528459547999999835e+00 -2.015755406616547951e+00
6.179999999999998828e-01 -1.527883871999999865e+00 -2.026591373503468407e+00
6.189999999999997726e-01 -1.527293364000000375e+00 -2.037536927900320372e+00
6.200000000000001066e-01 -1.526688000000000045e+00 -2.048592071111178470e+00
6.209999999999999964e-01 -1.526067755999999997e+00 -2.059756823338834586e+00
6.219999999999998863e-01 -1.525432608000000245e+00 -2.071031223493451368e+00
6.229999999999997762e-01 -1.524782532000000135e+00 -2.082415329003801663e+00
6.240000000000001101e-01 -1.524117503999999901e+00 -2.093909215631676535e+00
6.250000000000000000e-01 -1.523437500000000000e+00 -2.105512977289869081e+00
6.259999999999998899e-01 -1.522742496000000001e+00 -2.117226725864191028e+00
6.269999999999997797e-01 -1.522032468000000138e+00 -2.129050591039805429e+00
6.280000000000001137e-01 -1.521307392000000203e+00 -2.140984720132234287e+00
6.290000000000000036e-01 -1.520567243999999985e+00 -2.153029277923276474e+00
6.299999999999998934e-01 -1.519812000000000163e+00 -2.165184446502143700e+00
6.309999999999997833e-01 -1.519041636000000084e+00 -2.177450425111910004e+00
6.320000000000001172e-01 -1.518256127999999761e+00 -2.189827430001550113e+00
6.330000000000000071e-01 -1.517455451999999871e+00 -2.202315694283630609e+00
6.339999999999998970e-01 -1.516639583999999985e+00 -2.214915467797897719e+00
6.349999999999997868e-01 -1.515808500000000114e+00 -2.227627016980721741e+00
6.360000000000001208e-01 -1.514962175999999827e+00 -2.240450624740610852e+00
6.370000000000000107e-01 -1.514100587999999803e+00 -2.253386590339773843e+00
6.379999999999999005e-01 -1.513223712000000054e+00 -2.266435229281884567e+00
6.389999999999997904e-01 -1.512331524000000149e+00 -2.279596873205984142e+00
6.400000000000001243e-01 -1.511423999999999879e+00 -2.292871869786642147e+00
6.410000000000000142e-01 -1.510501115999999922e+00 -2.306260582640318191e+00
6.419999999999999041e-01 -1.509562848000000068e+00 -2.319763391238050421e+00
6.429999999999997939e-01 -1.508609172000000109e+00 -2.333380690824337744e+00
6.440000000000001279e-01 -1.507640063999999835e+00 -2.347112892342325452e+00
6.450000000000000178e-01 -1.506655499999999703e+00 -2.360960422365204536e+00
6.459999999999999076e-01 -1.505655456000000392e+00 -2.374923723033913525e+00
6.469999999999997975e-01 -1.504639908000000137e+00 -2.389003252000997612e+00
6.480000000000001315e-01 -1.503608831999999840e+00 -2.403199482380724561e+00
6.490000000000000213e-01 -1.502562203999999957e+00 -2.417512902705326372e+00
6.499999999999999112e-01 -1.501500000000000057e+00 -2.431944016887475968e+00
6.509999999999998010e-01 -1.500422196000000152e+00 -2.446493344188818142e+00
6.520000000000001350e-01 -1.499328768000000034e+00 -2.461161419194656474e+00
6.530000000000000249e-01 -1.498219691999999936e+00 -2.475948791794656323e+00
6.539999999999999147e-01 -1.497094944000000094e+00 -2.490856027169682463e+00
6.549999999999998046e-01 -1.495954500000000076e+00 -2.505883705784562210e+00
6.560000000000001386e-01 -1.494798335999999894e+00 -2.521032423386905030e+00
6.570000000000000284e-01 -1.493626428000000006e+00 -2.536302791011811664e+00
6.579999999999999183e-01 -1.492438751999999980e+00 -2.551695434992613976e+00
6.589999999999998082e-01 -1.491235284000000272e+00 -2.567210996977441262e+00
6.600000000000001421e-01 -1.490015999999999785e+00 -2.582850133951708926e+00
6.610000000000000320e-01 -1.488780875999999864e+00 -2.598613518266437605e+00
6.619999999999999218e-01 -1.487529888000000300e+00 -2.614501837672484452e+00
6.629999999999998117e-01 -1.486263012000000217e+00 -2.630515795360508502e+00
6.640000000000001457e-01 -1.484980223999999849e+00 -2.646656110006813112e+00
6.650000000000000355e-01 -1.483681499999999875e+00 -2.662923515824911380e+00
6.659999999999999254e-01 -1.482366816000000309e+00 -2.679318762622959760e+00
6.669999999999998153e-01 -1.481036148000000274e+00 -2.695842615866881786e+00
6.680000000000001492e-01 -1.479689471999999784e+00 -2.712495856749299605e+00
6.690000000000000391e-01 -1.478326763999999738e+00 -2.729279282264183593e+00
6.699999999999999289e-01 -1.476948000000000150e+00 -2.746193705287326203e+00
6.709999999999998188e-01 -1.475553156000000143e+00 -2.763239954662506825e+00
6.720000000000001528e-01 -1.474142207999999732e+00 -2.780418875293459546e+00
6.730000000000000426e-01 -1.472715131999999816e+00 -2.797731328241567006e+00
6.739999999999999325e-01 -1.471271904000000186e+00 -2.815178190829407789e+00
6.749999999999998224e-01 -1.469812500000000410e+00 -2.832760356750026354e+00
6.760000000000001563e-01 -1.468336895999999614e+00 -2.850478736182052053e+00
6.770000000000000462e-01 -1.466845068000000030e+00 -2.868334255910605535e+00
6.779999999999999361e-01 -1.465336991999999894e+00 -2.886327859454121292e+00
6.789999999999998259e-01 -1.463812644000000107e+00 -2.904460507197005992e+00
6.800000000000001599e-01 -1.462272000000000016e+00 -2.922733176528201415e+00
6.810000000000000497e-01 -1.460715035999999856e+00 -2.941146861985679095e+00
6.819999999999999396e-01 -1.459141728000000304e+00 -2.959702575406985670e+00
6.829999999999998295e-01 -1.457552052000000486e+00 -2.978401346085710166e+00
6.840000000000001634e-01 -1.455945983999999527e+00 -2.997244220934069947e+00
6.850000000000000533e-01 -1.454323500000000102e+00 -3.016232264651563355e+00
6.859999999999999432e-01 -1.452684576000000227e+00 -3.035366559899845829e+00
6.869999999999998330e-01 -1.451029188000000358e+00 -3.054648207483757538e+00
6.880000000000001670e-01 -1.449357311999999842e+00 -3.074078326538650874e+00
6.890000000000000568e-01 -1.447668924000000024e+00 -3.093658054724019557e+00
6.899999999999999467e-01 -1.445964000000000027e+00 -3.113388548423595914e+00
6.909999999999998366e-01 -1.444242516000000087e+00 -3.133270982951847028e+00
6.920000000000001705e-01 -1.442504447999999773e+00 -3.153306552767061621e+00
6.930000000000000604e-01 -1.440749771999999762e+00 -3.173496471690988141e+00
6.939999999999999503e-01 -1.438978464000000068e+00 -3.193841973135295387e+00
6.949999999999998401e-01 -1.437190500000000259e+00 -3.214344310334700694e+00
6.960000000000001741e-01 -1.435385855999999904e+00 -3.235004756587063657e+00
6.970000000000000639e-01 -1.433564507999999682e+00 -3.255824605500365898e+00
6.979999999999999538e-01 -1.431726432000000049e+00 -3.276805171246889969e+00
6.989999999999998437e-01 -1.429871604000000129e+00 -3.297947788824446835e+00
7.000000000000001776e-01 -1.427999999999999714e+00 -3.319253814324977458e+00
7.010000000000000675e-01 -1.426111595999999926e+00 -3.340724625210474752e+00
7.019999999999999574e-01 -1.424206367999999889e+00 -3.362361620596515444e+00
7.029999999999998472e-01 -1.422284292000000283e+00 -3.384166221543349451e+00
7.040000000000001812e-01 -1.420345343999999566e+00 -3.406139871354795456e+00
7.050000000000000711e-01 -1.418389499999999970e+00 -3.428284035884982206e+00
7.059999999999999609e-01 -1.416416736000000176e+00 -3.450600203853216197e+00
7.069999999999998508e-01 -1.414427028000000419e+00 -3.473089887166935341e+00
7.079999999999997407e-01 -1.412420352000000712e+00 -3.495754621253035932e+00
7.090000000000000746e-01 -1.410396683999999734e+00 -3.518595965397667946e+00
7.099999999999999645e-01 -1.408355999999999941e+00 -3.541615503094626582e+00
7.109999999999998543e-01 -1.406298276000000458e+00 -3.564814842402647788e+00
7.119999999999997442e-01 -1.404223488000000630e+00 -3.588195616311561587e+00
7.130000000000000782e-01 -1.402131612000000027e+00 -3.611759483117673586e+00
7.139999999999999680e-01 -1.400022624000000215e+00 -3.635508126808415952e+00
7.149999999999998579e-01 -1.397896500000000319e+00 -3.659443257456596932e+00
7.159999999999997478e-01 -1.395753216000000352e+00 -3.683566611624298659e+00
7.170000000000000817e-01 -1.393592747999999881e+00 -3.707879952776743870e+00
7.179999999999999716e-01 -1.391415072000000031e+00 -3.732385071706212365e+00
7.189999999999998614e-01 -1.389220164000000368e+00 -3.757083786966438410e+00
7.199999999999997513e-01 -1.387008000000000463e+00 -3.781977945317449574e+00
7.210000000000000853e-01 -1.384778555999999883e+00 -3.807069422181280416e+00
7.219999999999999751e-01 -1.382531807999999973e+00 -3.832360122108646294e+00
7.229999999999998650e-01 -1.380267732000000303e+00 -3.857851979257036934e+00
7.239999999999997549e-01 -1.377986304000000661e+00 -3.883546957880207984e+00
7.250000000000000888e-01 -1.375687499999999730e+00 -3.909447052829572833e+00
7.259999999999999787e-01 -1.373371295999999964e+00 -3.935554290067577288e+00
7.269999999999998685e-01 -1.371037668000000265e+00 -3.961870727193563813e+00
7.279999999999997584e-01 -1.368686592000000424e+00 -3.988398453982142211e+00
7.290000000000000924e-01 -1.366318043999999787e+00 -4.015139592934594326e+00
7.299999999999999822e-01 -1.363932000000000144e+00 -4.042096299843451312e+00
7.309999999999998721e-01 -1.361528436000000175e+00 -4.069270764370751969e+00
7.319999999999997620e-01 -1.359107328000000559e+00 -4.096665210640103361e+00
7.330000000000000959e-01 -1.356668651999999753e+00 -4.124281897843020239e+00
7.339999999999999858e-01 -1.354212383999999991e+00 -4.152123120859808836e+00
7.349999999999998757e-01 -1.351738500000000176e+00 -4.180191210895510601e+00
7.359999999999997655e-01 -1.349246976000000764e+00 -4.208488536131040902e+00
7.370000000000000995e-01 -1.346737787999999769e+00 -4.237017502390113322e+00
7.379999999999999893e-01 -1.344210911999999869e+00 -4.265780553822221322e+00
7.389999999999998792e-01 -1.341666324000000188e+00 -4.294780173602208428e+00
7.399999999999997691e-01 -1.339104000000000738e+00 -4.324018884646704031e+00
7.410000000000001030e-01 -1.336523915999999756e+00 -4.353499250347978133e+00
7.419999999999999929e-01 -1.333926048000000142e+00 -4.383223875325580998e+00
7.429999999999998828e-01 -1.331310372000000353e+00 -4.413195406196359194e+00
7.439999999999997726e-01 -1.328676864000000402e+00 -4.443416532363183791e+00
7.450000000000001066e-01 -1.326025499999999635e+00 -4.473889986822952913e+00
7.459999999999999964e-01 -1.323356256000000064e+00 -4.504618546994360706e+00
7.469999999999998863e-01 -1.320669108000000147e+00 -4.535605035566115717e+00
7.479999999999997762e-01 -1.317964032000000563e+00 -4.566852321365822753e+00
7.490000000000001101e-01 -1.315241003999999547e+00 -4.598363320250461683e+00
7.500000000000000000e-01 -1.312500000000000000e+00 -4.630140996018730526e+00
7.509999999999998899e-01 -1.309740996000000157e+00 -4.662188361346166765e+00
7.519999999999997797e-01 -1.306963968000000698e+00 -4.694508478743373736e+00
7.530000000000001137e-01 -1.304168891999999635e+00 -4.727104461538178093e+00
7.540000000000000036e-01 -1.301355743999999870e+00 -4.759979474882301886e+00
7.549999999999998934e-01 -1.298524500000000081e+00 -4.793136736783348617e+00
7.559999999999997833e-01 -1.295675136000000505e+00 -4.826579519162625509e+00
7.570000000000001172e-01 -1.292807627999999820e+00 -4.860311148939716830e+00
7.580000000000000071e-01 -1.289921952000000038e+00 -4.894335009144398008e+00
7.589999999999998970e-01 -1.287018084000000284e+00 -4.928654540056912836e+00
7.599999999999997868e-01 -1.284096000000000570e+00 -4.963273240377142237e+00
7.610000000000001208e-01 -1.281155675999999577e+00 -4.998194668423704634e+00
7.620000000000000107e-01 -1.278197087999999759e+00 -5.033422443363702037e+00
7.629999999999999005e-01 -1.275220212000000464e+00 -5.068960246474255804e+00
7.639999999999997904e-01 -1.272225024000000593e+00 -5.104811822436422730e+00
7.650000000000001243e-01 -1.269211499999999493e+00 -5.140980980662725131e+00
7.660000000000000142e-01 -1.266179615999999841e+00 -5.177471596659070308e+00
7.669999999999999041e-01 -1.263129348000000318e+00 -5.214287613422399659e+00
7.679999999999997939e-01 -1.260060672000000714e+00 -5.251433042874669610e+00
7.690000000000001279e-01 -1.256973563999999488e+00 -5.288911967334744446e+00
7.700000000000000178e-01 -1.253867999999999983e+00 -5.326728541028892927e+00
7.709999999999999076e-01 -1.250743956000000212e+00 -5.364886991641515834e+00
7.719999999999997975e-01 -1.247601408000000411e+00 -5.403391621906913578e+00
7.730000000000001315e-01 -1.244440331999999705e+00 -5.442246811243615312e+00
7.740000000000000213e-01 -1.241260703999999881e+00 -5.481457017432382450e+00
7.749999999999999112e-01 -1.238062500000000288e+00 -5.521026778339575003e+00
7.759999999999998010e-01 -1.234845696000000492e+00 -5.560960713686800005e+00
7.770000000000001350e-01 -1.231610267999999619e+00 -5.601263526868744513e+00
7.780000000000000249e-01 -1.228356191999999902e+00 -5.641940006820310494e+00
7.789999999999999147e-01 -1.225083444000000243e+00 -5.682995029935058895e+00
7.799999999999998046e-01 -1.221792000000000655e+00 -5.724433562036067791e+00
7.810000000000001386e-01 -1.218481835999999596e+00 -5.766260660401339777e+00
7.820000000000000284e-01 -1.215152927999999743e+00 -5.808481475845087338e+00
7.829999999999999183e-01 -1.211805252000000221e+00 -5.851101254857140610e+00
7.839999999999998082e-01 -1.208438784000000821e+00 -5.894125341801896845e+00
7.850000000000001421e-01 -1.205053499999999556e+00 -5.937559181179135948e+00
7.860000000000000320e-01 -1.201649375999999991e+00 -5.981408319948283925e+00
7.869999999999999218e-01 -1.198226388000000364e+00 -6.025678409918833189e+00
7.879999999999998117e-01 -1.194784512000000687e+00 -6.070375210208376338e+00
7.890000000000001457e-01 -1.191323723999999640e+00 -6.115504589771044941e+00
7.900000000000000355e-01 -1.187843999999999678e+00 -6.161072529998290470e+00
7.909999999999999254e-01 -1.184345316000000148e+00 -6.207085127394937452e+00
7.919999999999998153e-01 -1.180827648000000618e+00 -6.253548596332351828e+00
7.930000000000001492e-01 -1.177290971999999547e+00 -6.300469271881947719e+00
7.940000000000000391e-01 -1.173735263999999612e+00 -6.347853612731314321e+00
7.949999999999999289e-01 -1.170160500000000381e+00 -6.395708204186159485e+00
7.959999999999998188e-01 -1.166566656000000535e+00 -6.444039761260678567e+00
7.970000000000001528e-01 -1.162953707999999420e+00 -6.492855131859518458e+00
7.980000000000000426e-01 -1.159321631999999935e+00 -6.542161300054539552e+00
7.989999999999999325e-01 -1.155670404000000318e+00 -6.591965389459679692e+00
7.999999999999998224e-01 -1.152000000000000801e+00 -6.642274666707345787e+00
8.010000000000001563e-01 -1.148310395999999622e+00 -6.693096545029686872e+00
8.020000000000000462e-01 -1.144601567999999681e+00 -6.744438587948773822e+00
8.029999999999999361e-01 -1.140873492000000322e+00 -6.796308513079455160e+00
8.039999999999998259e-01 -1.137126144000000449e+00 -6.848714196048711678e+00
8.050000000000001599e-01 -1.133359499999999187e+00 -6.901663674535944537e+00
8.060000000000000497e-01 -1.129573535999999656e+00 -6.955165152438336662e+00
8.069999999999999396e-01 -1.125768228000000315e+00 -7.009227004166107555e+00
8.079999999999998295e-01 -1.121943552000000510e+00 -7.063857779072023391e+00
8.090000000000001634e-01 -1.118099483999999144e+00 -7.119066206020420395e+00
8.100000000000000533e-01 -1.114235999999999560e+00 -7.174861198100524362e+00
8.109999999999999432e-01 -1.110353076000000216e+00 -7.231251857489875867e+00
8.119999999999998330e-01 -1.106450688000000682e+00 -7.288247480472989537e+00
8.130000000000001670e-01 -1.102528811999999414e+00 -7.345857562621298520e+00
8.140000000000000568e-01 -1.098587423999999757e+00 -7.404091804140262134e+00
8.149999999999999467e-01 -1.094626500000000169e+00 -7.462960115390409044e+00
8.159999999999998366e-01 -1.090646016000000440e+00 -7.522472622588267654e+00
8.170000000000001705e-01 -1.086645947999999251e+00 -7.582639673694616000e+00
8.180000000000000604e-01 -1.082626271999999945e+00 -7.643471844496834144e+00
8.189999999999999503e-01 -1.078586964000000092e+00 -7.704979944893354471e+00
8.199999999999998401e-01 -1.074528000000000594e+00 -7.767175025387538234e+00
8.210000000000001741e-01 -1.070449355999999019e+00 -7.830068383799472009e+00
8.220000000000000639e-01 -1.066351007999999823e+00 -7.893671572204134179e+00
8.229999999999999538e-01 -1.062232932000000130e+00 -7.957996404105117882e+00
8.239999999999998437e-01 -1.058095104000000841e+00 -8.023054961852832179e+00
8.250000000000001776e-01 -1.053937499999999305e+00 -8.088859604317375940e+00
8.260000000000000675e-01 -1.049760095999999754e+00 -8.155422974826008087e+00
8.269999999999999574e-01 -1.045562868000000201e+00 -8.222758009376327948e+00
8.279999999999998472e-01 -1.041345792000000658e+00 -8.290877945135878946e+00
8.290000000000001812e-01 -1.037108843999999142e+00 -8.359796329240243296e+00
8.300000000000000711e-01 -1.032851999999999881e+00 -8.429527027901711378e+00
8.309999999999999609e-01 -1.028575236000000004e+00 -8.500084235841766755e+00
8.319999999999998508e-01 -1.024278528000000632e+00 -8.571482486060272521e+00
8.329999999999997407e-01 -1.019961852000001334e+00 -8.643736659955990831e+00
8.340000000000000746e-01 -1.015625183999999459e+00 -8.716861997812992868e+00
8.349999999999999645e-01 -1.011268499999999904e+00 -8.790874109668529002e+00
8.359999999999998543e-01 -1.006891776000000682e+00 -8.865788986578705178e+00
8.369999999999997442e-01 -1.002494988000001142e+00 -8.941623012298975937e+00
8.380000000000000782e-01 -9.980781119999997397e-01 -9.018392975397340194e+00
8.389999999999999680e-01 -9.936411240000002643e-01 -9.096116081819031862e+00
8.399999999999998579e-01 -9.891840000000005073e-01 -9.174809967922843867e+00
8.409999999999997478e-01 -9.847067160000010366e-01 -9.254492714009113996e+00
8.420000000000000817e-01 -9.802092479999996444e-01 -9.335182858361914526e+00
8.429999999999999716e-01 -9.756915720000000070e-01 -9.416899411827664323e+00
8.439999999999998614e-01 -9.711536640000006937e-01 -9.499661872955000419e+00
8.449999999999997513e-01 -9.665955000000011621e-01 -9.583490243720490298e+00
8.460000000000000853e-01 -9.620170559999996485e-01 -9.668405045867414671e+00
8.469999999999999751e-01 -9.574183080000000512e-01 -9.754427337885072546e+00
8.479999999999998650e-01 -9.527992320000007176e-01 -9.841578732659039375e+00
8.489999999999997549e-01 -9.481598040000011052e-01 -9.929881415822197965e+00
8.500000000000000888e-01 -9.434999999999995612e-01 -1.001935816484048658e+01
8.509999999999999787e-01 -9.388197959999999842e-01 -1.011003236886681478e+01
8.519999999999998685e-01 -9.341191680000006103e-01 -1.020192804940059439e+01
8.529999999999997584e-01 -9.293980920000010082e-01 -1.029506988179011095e+01
8.540000000000000924e-01 -9.246565439999994140e-01 -1.038948321761900218e+01
8.549999999999999822e-01 -9.198945000000002814e-01 -1.048519410801883112e+01
8.559999999999998721e-01 -9.151119360000004033e-01 -1.058222932795359661e+01
8.569999999999997620e-01 -9.103088280000012356e-01 -1.068061640152295588e+01
8.580000000000000959e-01 -9.054851519999995713e-01 -1.078038362833494368e+01
8.589999999999999858e-01 -9.006408839999999749e-01 -1.088156011100053355e+01
8.599999999999998757e-01 -8.957760000000004608e-01 -1.098417578380751003e+01
8.609999999999997655e-01 -8.908904760000012635e-01 -1.108826144263137259e+01
8.620000000000000995e-01 -8.859842879999996201e-01 -1.119384877614734641e+01
8.629999999999999893e-01 -8.810574119999999843e-01 -1.130097039840891249e+01
8.639999999999998792e-01 -8.761098240000004811e-01 -1.140965988286449928e+01
8.649999999999997691e-01 -8.711415000000012343e-01 -1.151995179788546508e+01
8.660000000000001030e-01 -8.661524159999994810e-01 -1.163188174388521290e+01
8.669999999999999929e-01 -8.611425480000002297e-01 -1.174548639211295509e+01
8.679999999999998828e-01 -8.561118720000007176e-01 -1.186080352521115344e+01
8.689999999999997726e-01 -8.510603640000010683e-01 -1.197787207963023093e+01
8.700000000000001066e-01 -8.459879999999992961e-01 -1.209673219000136513e+01
8.709999999999999964e-01 -8.408947559999999655e-01 -1.221742523557283633e+01
8.719999999999998863e-01 -8.357806080000004245e-01 -1.233999388882380188e+01
8.729999999999997762e-01 -8.306455320000011300e-01 -1.246448216637417516e+01
8.740000000000001101e-01 -8.254895039999993189e-01 -1.259093548231946258e+01
8.750000000000000000e-01 -8.203125000000000000e-01 -1.271940070412521173e+01
8.759999999999998899e-01 -8.151144960000005213e-01 -1.284992621122672674e+01
8.769999999999997797e-01 -8.098954680000011175e-01 -1.298256195648709976e+01
8.780000000000001137e-01 -8.046553919999992477e-01 -1.311735953067779370e+01
8.790000000000000036e-01 -7.993942439999999205e-01 -1.325437223015654808e+01
8.799999999999998934e-01 -7.941120000000003731e-01 -1.339365512793005486e+01
8.809999999999997833e-01 -7.888086360000010622e-01 -1.353526514829886196e+01
8.820000000000001172e-01 -7.834841279999994468e-01 -1.367926114529820580e+01
8.830000000000000071e-01 -7.781384520000000915e-01 -1.382570398516151933e+01
8.839999999999998970e-01 -7.727715840000005665e-01 -1.397465663304964600e+01
8.849999999999997868e-01 -7.673835000000012174e-01 -1.412618424430459818e+01
8.860000000000001208e-01 -7.619741759999991704e-01 -1.428035426050684187e+01
8.870000000000000107e-01 -7.565435879999998781e-01 -1.443723651063235813e+01
8.879999999999999005e-01 -7.510917120000005776e-01 -1.459690331762993232e+01
8.889999999999997904e-01 -7.456185240000011705e-01 -1.475942961075840820e+01
8.900000000000001243e-01 -7.401239999999992270e-01 -1.492489304405209261e+01
8.910000000000000142e-01 -7.346081159999997556e-01 -1.509337412130723521e+01
8.919999999999999041e-01 -7.290708480000005487e-01 -1.526495632801229974e+01
8.929999999999997939e-01 -7.235121720000011747e-01 -1.543972627067604719e+01
8.940000000000001279e-01 -7.179320639999990927e-01 -1.561777382404257430e+01
8.950000000000000178e-01 -7.123305000000000886e-01 -1.579919228671807296e+01
8.959999999999999076e-01 -7.067074560000004002e-01 -1.598407854577750165e+01
8.969999999999997975e-01 -7.010629080000009283e-01 -1.617253325095839500e+01
8.980000000000001315e-01 -6.953968319999992431e-01 -1.636466099910229843e+01
8.990000000000000213e-01 -6.897092039999997981e-01 -1.656057052955360120e+01
8.999999999999999112e-01 -6.840000000000004965e-01 -1.676037493128177758e+01
9.009999999999998010e-01 -6.782691960000010178e-01 -1.696419186255645428e+01
9.020000000000001350e-01 -6.725167679999993764e-01 -1.717214378407293296e+01
9.030000000000000249e-01 -6.667426919999998036e-01 -1.738435820649655739e+01
9.039999999999999147e-01 -6.609469440000005358e-01 -1.760096795348053789e+01
9.049999999999998046e-01 -6.551295000000010305e-01 -1.782211144129338365e+01
9.060000000000001386e-01 -6.492903359999993018e-01 -1.804793297629715099e+01
9.070000000000000284e-01 -6.434294279999998034e-01 -1.827858307161587348e+01
9.079999999999999183e-01 -6.375467520000004384e-01 -1.851421878445789915e+01
9.089999999999998082e-01 -6.316422840000013306e-01 -1.875500407567889383e+01
9.100000000000001421e-01 -6.257159999999990507e-01 -1.900111019331553308e+01
9.110000000000000320e-01 -6.197678759999999398e-01 -1.925271608197517281e+01
9.119999999999999218e-01 -6.137978880000005688e-01 -1.951000882013991244e+01
9.129999999999998117e-01 -6.078060120000010613e-01 -1.977318408762864976e+01
9.140000000000001457e-01 -6.017922239999992096e-01 -2.004244666567210231e+01
9.150000000000000355e-01 -5.957564999999995781e-01 -2.031801097228905562e+01
9.159999999999999254e-01 -5.896988160000002921e-01 -2.060010163590297338e+01
9.169999999999998153e-01 -5.836191480000011422e-01 -2.088895411042474137e+01
9.180000000000001492e-01 -5.775174719999991435e-01 -2.118481533534198036e+01
9.190000000000000391e-01 -5.713937639999996376e-01 -2.148794444470313891e+01
9.199999999999999289e-01 -5.652480000000006388e-01 -2.179861352927731133e+01
9.209999999999998188e-01 -5.590801560000010495e-01 -2.211710845659787239e+01
9.220000000000001528e-01 -5.528902079999989949e-01 -2.244372975408734305e+01
9.230000000000000426e-01 -5.466781319999998168e-01 -2.277879356099694519e+01
9.239999999999999325e-01 -5.404439040000004191e-01 -2.312263265549885105e+01
9.249999999999998224e-01 -5.341875000000012585e-01 -2.347559756394853991e+01
9.260000000000001563e-01 -5.279088959999992392e-01 -2.383805776008330923e+01
9.270000000000000462e-01 -5.216080679999995917e-01 -2.421040296278864901e+01
9.279999999999999361e-01 -5.152849920000005524e-01 -2.459304454200990975e+01
9.289999999999998259e-01 -5.089396440000009125e-01 -2.498641704347461712e+01
9.300000000000001599e-01 -5.025719999999987975e-01 -2.539097984410513220e+01
9.310000000000000497e-01 -4.961820359999996044e-01 -2.580721895137853039e+01
9.319999999999999396e-01 -4.897697280000005704e-01 -2.623564896145751035e+01
9.329999999999998295e-01 -4.833350520000008754e-01 -2.667681519267271284e+01
9.340000000000001634e-01 -4.768779839999987558e-01 -2.713129601296071414e+01
9.350000000000000533e-01 -4.703984999999994976e-01 -2.759970538213839220e+01
9.359999999999999432e-01 -4.638965760000004490e-01 -2.808269563252305900e+01
9.369999999999998330e-01 -4.573721880000011786e-01 -2.858096051436607610e+01
9.380000000000001670e-01 -4.508253119999989789e-01 -2.909523853600913057e+01
9.390000000000000568e-01 -4.442559239999996912e-01 -2.962631663258172310e+01
9.399999999999999467e-01 -4.376640000000002195e-01 -3.017503420156710092e+01
9.409999999999998366e-01 -4.310495160000009096e-01 -3.074228754876422443e+01
9.420000000000001705e-01 -4.244124479999986654e-01 -3.132903479417974424e+01
9.430000000000000604e-01 -4.177527719999997724e-01 -3.193630129432389708e+01
9.439999999999999503e-01 -4.110704640000002463e-01 -3.256518564547575068e+01
9.449999999999998401e-01 -4.043655000000009325e-01 -3.321686634184014508e+01
9.460000000000001741e-01 -3.976378559999986240e-01 -3.389260917351213465e+01
9.470000000000000639e-01 -3.908875079999997171e-01 -3.459377546192887820e+01
9.479999999999999538e-01 -3.841144320000001722e-01 -3.532183124558979870e+01
9.489999999999998437e-01 -3.773186040000012786e-01 -3.607835754642781723e+01
9.500000000000001776e-01 -3.704999999999989413e-01 -3.686506186815658737e+01
9.510000000000000675e-01 -3.636585959999995565e-01 -3.768379110258021569e+01
9.519999999999999574e-01 -3.567943680000004170e-01 -3.853654604918333604e+01
9.529999999999998472e-01 -3.499072920000010356e-01 -3.942549778829630469e+01
9.540000000000001812e-01 -3.429973439999986495e-01 -4.035300618988185306e+01
9.550000000000000711e-01 -3.360644999999997107e-01 -4.132164089016527697e+01
9.559999999999999609e-01 -3.291087360000001238e-01 -4.233420512870986130e+01
9.569999999999998508e-01 -3.221300280000011229e-01 -4.339376291160353816e+01
9.580000000000001847e-01 -3.151283519999986682e-01 -4.450367005509706075e+01
9.590000000000000746e-01 -3.081036839999992671e-01 -4.566760977220516793e+01
9.599999999999999645e-01 -3.010560000000001013e-01 -4.688963359731103964e+01
9.609999999999998543e-01 -2.939852760000010723e-01 -4.817420860686640083e+01
9.619999999999997442e-01 -2.868914880000019152e-01 -4.952627209597068259e+01
9.630000000000000782e-01 -2.797746119999995895e-01 -5.095129512144421113e+01
9.639999999999999680e-01 -2.726346240000003807e-01 -5.245535663540251647e+01
9.649999999999998579e-01 -2.654715000000009151e-01 -5.404523032745491662e+01
9.659999999999997478e-01 -2.582852160000017050e-01 -5.572848679197880273e+01
9.670000000000000817e-01 -2.510757479999993769e-01 -5.751361427127192627e+01
9.679999999999999716e-01 -2.438430720000001051e-01 -5.941016203806486118e+01
9.689999999999998614e-01 -2.365871640000010712e-01 -6.000000000000000000e+01
9.699999999999997513e-01 -2.293080000000018159e-01 -6.000000000000000000e+01
9.710000000000000853e-01 -2.220055559999994377e-01 -6.000000000000000000e+01
9.719999999999999751e-01 -2.146798080000001663e-01 -6.000000000000000000e+01
9.729999999999998650e-01 -2.073307320000011000e-01 -6.000000000000000000e+01
9.739999999999997549e-01 -1.999583040000018075e-01 -6.000000000000000000e+01
9.750000000000000888e-01 -1.925624999999993869e-01 -6.000000000000000000e+01
9.759999999999999787e-01 -1.851432960000000683e-01 -6.000000000000000000e+01
9.769999999999998685e-01 -1.777006680000010053e-01 -6.000000000000000000e+01
9.779999999999997584e-01 -1.702345920000016832e-01 -6.000000000000000000e+01
9.790000000000000924e-01 -1.627450439999992005e-01 -6.000000000000000000e+01
9.799999999999999822e-01 -1.552320000000003142e-01 -6.000000000000000000e+01
9.809999999999998721e-01 -1.476954360000007627e-01 -6.000000000000000000e+01
9.819999999999997620e-01 -1.401353280000018631e-01 -6.000000000000000000e+01
9.830000000000000959e-01 -1.325516519999993259e-01 -6.000000000000000000e+01
9.839999999999999858e-01 -1.249443839999999778e-01 -6.000000000000000000e+01
9.849999999999998757e-01 -1.173135000000008477e-01 -6.000000000000000000e+01
9.859999999999997655e-01 -1.096589760000019204e-01 -6.000000000000000000e+01
9.870000000000000995e-01 -1.019807879999993228e-01 -6.000000000000000000e+01
9.879999999999999893e-01 -9.427891199999995087e-02 -6.000000000000000000e+01
9.889999999999998792e-01 -8.655332400000079196e-02 -6.000000000000000000e+01
9.899999999999997691e-01 -7.880400000000185867e-02 -6.000000000000000000e+01
9.910000000000001030e-01 -7.103091599999919459e-02 -6.000000000000000000e+01
9.919999999999999929e-01 -6.323404800000023696e-02 -6.000000000000000000e+01
9.929999999999998828e-01 -5.541337200000106405e-02 -6.000000000000000000e+01
9.939999999999997726e-01 -4.756886400000165382e-02 -6.000000000000000000e+01
9.950000000000001066e-01 -3.970049999999894497e-02 -6.000000000000000000e+01
9.959999999999999964e-01 -3.180825599999996534e-02 -6.000000000000000000e+01
9.969999999999998863e-01 -2.389210800000075852e-02 -6.000000000000000000e+01
9.979999999999997762e-01 -1.595203200000176735e-02 -6.000000000000000000e+01
9.990000000000001101e-01 -7.988003999999005941e-03 -6.000000000000000000e+01
1.000000000000000000e+00 0.000000000000000000e+00 nan
1.000999999999999890e+00 8.012003999998787082e-03 6.000000000000000000e+01
1.001999999999999780e+00 1.604803199999780064e-02 6.000000000000000000e+01
1.003000000000000114e+00 2.410810800000061718e-02 6.000000000000000000e+01
1.004000000000000004e+00 3.219225600000009263e-02 6.000000000000000000e+01
1.004999999999999893e+00 4.030049999999890664e-02 6.000000000000000000e+01
1.005999999999999783e+00 4.843286399999794517e-02 6.000000000000000000e+01
1.007000000000000117e+00 5.658937200000081075e-02 6.000000000000000000e+01
1.008000000000000007e+00 6.477004800000031592e-02 6.000000000000000000e+01
1.008999999999999897e+00 7.297491599999915424e-02 6.000000000000000000e+01
1.009999999999999787e+00 8.120399999999822205e-02 6.000000000000000000e+01
1.011000000000000121e+00 8.945732400000114271e-02 6.000000000000000000e+01
1.012000000000000011e+00 9.773491199999977119e-02 6.000000000000000000e+01
1.012999999999999901e+00 1.060367879999995350e-01 6.000000000000000000e+01
1.013999999999999790e+00 1.143629759999986173e-01 6.000000000000000000e+01
1.015000000000000124e+00 1.227135000000006970e-01 6.000000000000000000e+01
1.016000000000000014e+00 1.310883840000002520e-01 6.000000000000000000e+01
1.016999999999999904e+00 1.394876519999991293e-01 6.000000000000000000e+01
1.017999999999999794e+00 1.479113279999982600e-01 6.000000000000000000e+01
1.019000000000000128e+00 1.563594360000012951e-01 6.000000000000000000e+01
1.020000000000000018e+00 1.648319999999999785e-01 6.000000000000000000e+01
1.020999999999999908e+00 1.733290439999988775e-01 6.000000000000000000e+01
1.021999999999999797e+00 1.818505919999980069e-01 6.000000000000000000e+01
1.023000000000000131e+00 1.903966680000011014e-01 6.000000000000000000e+01
1.024000000000000021e+00 1.989672959999998214e-01 6.000000000000000000e+01
1.024999999999999911e+00 2.075624999999996501e-01 6.000000000000000000e+01
1.025999999999999801e+00 2.161823039999979101e-01 6.000000000000000000e+01
1.027000000000000135e+00 2.248267320000010561e-01 6.000000000000000000e+01
1.028000000000000025e+00 2.334958079999997771e-01 6.000000000000000000e+01
1.028999999999999915e+00 2.421895559999996672e-01 6.000000000000000000e+01
1.029999999999999805e+00 2.509079999999979105e-01 6.000000000000000000e+01
1.031000000000000139e+00 2.596511640000011556e-01 6.000000000000000000e+01
1.032000000000000028e+00 2.684190719999998698e-01 6.000000000000000000e+01
1.032999999999999918e+00 2.772117479999988698e-01 6.000000000000000000e+01
1.033999999999999808e+00 2.860292159999980877e-01 6.000000000000000000e+01
1.035000000000000142e+00 2.948715000000013409e-01 6.000000000000000000e+01
1.036000000000000032e+00 3.037386240000001236e-01 5.843981814234429351e+01
1.036999999999999922e+00 3.126306119999991417e-01 5.693488219727991861e+01
1.037999999999999812e+00 3.215474879999983826e-01 5.550896087395937428e+01
1.039000000000000146e+00 3.304892760000017193e-01 5.415597522767184557e+01
1.040000000000000036e+00 3.394560000000004796e-01 5.287045420921301542e+01
1.040999999999999925e+00 3.484476839999995357e-01 5.164746053130826908e+01
1.041999999999999815e+00 3.574643519999978758e-01 5.048252712554104704e+01
1.043000000000000149e+00 3.665060280000012605e-01 4.937160246577673206e+01
1.044000000000000039e+00 3.755727360000000736e-01 4.831100334746140845e+01
1.044999999999999929e+00 3.846644999999991321e-01 4.729737396301888452e+01
1.045999999999999819e+00 3.937813439999984233e-01 4.632765031525140387e+01
1.047000000000000153e+00 4.029232920000009321e-01 4.539902917370197599e+01
1.048000000000000043e+00 4.120903680000007063e-01 4.450894091146896869e+01
1.048999999999999932e+00 4.212825959999998426e-01 4.365502566813162844e+01
1.049999999999999822e+00 4.304999999999982174e-01 4.283511237312116293e+01
1.051000000000000156e+00 4.397426040000017022e-01 4.204720023693617748e+01
1.052000000000000046e+00 4.490104320000005700e-01 4.128944237797706052e+01
1.052999999999999936e+00 4.583035079999996930e-01 4.056013130295871605e+01
1.053999999999999826e+00 4.676218559999981150e-01 3.985768600060141154e+01
1.055000000000000160e+00 4.769655000000016520e-01 3.918064044328453832e+01
1.056000000000000050e+00 4.863344640000005770e-01 3.852763332067796398e+01
1.056999999999999940e+00 4.957287719999997067e-01 3.789739885402171637e+01
1.057999999999999829e+00 5.051484479999981403e-01 3.728875856067701733e+01
1.059000000000000163e+00 5.145935160000016939e-01 3.670061385616222793e+01
1.060000000000000053e+00 5.240640000000006404e-01 3.613193939599801041e+01
1.060999999999999943e+00 5.335599239999998522e-01 3.558177707244315258e+01
1.061999999999999833e+00 5.430813119999983174e-01 3.504923059220060821e+01
1.063000000000000167e+00 5.526281880000020186e-01 3.453346057052706186e+01
1.064000000000000057e+00 5.622005760000009511e-01 3.403368008527219502e+01
1.064999999999999947e+00 5.717984999999992102e-01 3.354915064131508728e+01
1.065999999999999837e+00 5.814219839999986705e-01 3.307917850186792208e+01
1.067000000000000171e+00 5.910710520000014290e-01 3.262311134832127379e+01
1.068000000000000060e+00 6.007457280000003674e-01 3.218033523481309999e+01
1.068999999999999950e+00 6.104460359999995811e-01 3.175027180760954337e+01
1.069999999999999840e+00 6.201719999999981692e-01 3.133237576283270442e+01
1.071000000000000174e+00 6.299236440000018922e-01 3.092613251902470495e+01
1.072000000000000064e+00 6.397009920000009675e-01 3.053105608366706036e+01
1.072999999999999954e+00 6.495040679999992683e-01 3.014668709505174604e+01
1.073999999999999844e+00 6.593328959999986694e-01 2.977259102292337900e+01
1.075000000000000178e+00 6.691875000000016005e-01 2.940835651306856491e+01
1.076000000000000068e+00 6.790679040000006106e-01 2.905359386259551613e+01
1.076999999999999957e+00 6.889741319999999059e-01 2.870793361402475341e+01
1.077999999999999847e+00 6.989062079999984745e-01 2.837102525752445814e+01
1.079000000000000181e+00 7.088641560000014108e-01 2.804253603171477138e+01
1.080000000000000071e+00 7.188480000000004866e-01 2.772214981440700043e+01
1.080999999999999961e+00 7.288577639999997970e-01 2.740956609551404810e+01
1.081999999999999851e+00 7.388934719999984413e-01 2.710449902511290787e+01
1.083000000000000185e+00 7.489551480000014028e-01 2.680667653032242370e+01
1.084000000000000075e+00 7.590428160000004532e-01 2.651583949526193962e+01
1.084999999999999964e+00 7.691564999999997987e-01 2.623174099889376620e+01
1.085999999999999854e+00 7.792962239999984275e-01 2.595414560604167420e+01
1.087000000000000188e+00 7.894620120000015451e-01 2.568282870730423539e+01
1.088000000000000078e+00 7.996538880000005900e-01 2.541757590397438804e+01
1.088999999999999968e+00 8.098718759999999905e-01 2.515818243442582514e+01
1.089999999999999858e+00 8.201159999999986239e-01 2.490445263873891690e+01
1.090999999999999748e+00 8.303862839999974765e-01 2.465619945862898987e+01
1.092000000000000082e+00 8.406827520000008658e-01 2.441324396998601287e+01
1.092999999999999972e+00 8.510054279999993421e-01 2.417541494557505999e+01
1.093999999999999861e+00 8.613543359999989990e-01 2.394254844564779461e+01
1.094999999999999751e+00 8.717294999999979366e-01 2.371448743441272100e+01
1.096000000000000085e+00 8.821309440000013602e-01 2.349108142047411718e+01
1.096999999999999975e+00 8.925586919999997093e-01 2.327218611951435179e+01
1.097999999999999865e+00 9.030127679999984114e-01 2.305766313762704556e+01
1.098999999999999755e+00 9.134931959999974538e-01 2.284737967384264579e+01
1.100000000000000089e+00 9.240000000000009317e-01 2.264120824050345959e+01
1.100999999999999979e+00 9.345332039999993956e-01 2.243902640025041251e+01
1.101999999999999869e+00 9.450928319999990501e-01 2.224071651848068853e+01
1.102999999999999758e+00 9.556789079999971070e-01 2.204616553022597358e+01
1.104000000000000092e+00 9.662914560000006592e-01 2.185526472048103841e+01
1.104999999999999982e+00 9.769305000000001460e-01 2.166790951708459900e+01
1.105999999999999872e+00 9.875960639999988855e-01 2.148399929532423869e+01
1.106999999999999762e+00 9.982881719999978642e-01 2.130343719349841081e+01
1.108000000000000096e+00 1.009006848000001400e+00 2.112612993872627598e+01
1.108999999999999986e+00 1.019752116000000042e+00 2.095198768234504527e+01
1.109999999999999876e+00 1.030523999999998885e+00 2.078092384428654782e+01
1.110999999999999766e+00 1.041322523999997918e+00 2.061285496586638288e+01
1.112000000000000099e+00 1.052147712000001567e+00 2.044770057045916900e+01
1.112999999999999989e+00 1.062999588000000051e+00 2.028538303157326794e+01
1.113999999999999879e+00 1.073878175999998907e+00 2.012582744786736200e+01
1.114999999999999769e+00 1.084783499999997902e+00 1.996896152468959329e+01
1.116000000000000103e+00 1.095715584000001686e+00 1.981471546174435971e+01
1.116999999999999993e+00 1.106674452000000253e+00 1.966302184651947016e+01
1.117999999999999883e+00 1.117660127999999142e+00 1.951381555313322025e+01
1.118999999999999773e+00 1.128672635999997231e+00 1.936703364628152713e+01
1.120000000000000107e+00 1.139712000000000947e+00 1.922261528998859603e+01
1.120999999999999996e+00 1.150778243999999617e+00 1.908050166088250421e+01
1.121999999999999886e+00 1.161871391999998337e+00 1.894063586573600944e+01
1.122999999999999776e+00 1.172991467999997539e+00 1.880296286303069664e+01
1.124000000000000110e+00 1.184138496000001428e+00 1.866742938831626830e+01
1.125000000000000000e+00 1.195312500000000000e+00 1.853398388315387990e+01
1.125999999999999890e+00 1.206513503999998793e+00 1.840257642744199273e+01
1.126999999999999780e+00 1.217741531999997129e+00 1.827315867494154844e+01
1.128000000000000114e+00 1.228996608000000990e+00 1.814568379182253821e+01
1.129000000000000004e+00 1.240278755999999705e+00 1.802010639807020098e+01
1.129999999999999893e+00 1.251587999999998591e+00 1.789638251159522753e+01
1.130999999999999783e+00 1.262924363999997635e+00 1.777446949490461137e+01
1.132000000000000117e+00 1.274287872000001709e+00 1.765432600419705977e+01
1.133000000000000007e+00 1.285678548000000365e+00 1.753591194075518445e+01
1.133999999999999897e+00 1.297096415999999364e+00 1.741918840451441142e+01
1.134999999999999787e+00 1.308541499999997582e+00 1.730411764969617749e+01
1.136000000000000121e+00 1.320013824000001446e+00 1.719066304239885667e+01
1.137000000000000011e+00 1.331513412000000285e+00 1.707878902004680555e+01
1.137999999999999901e+00 1.343040287999999194e+00 1.696846105260207338e+01
1.138999999999999790e+00 1.354594475999997494e+00 1.685964560545184199e+01
1.140000000000000124e+00 1.366176000000001611e+00 1.675231010388648301e+01
1.141000000000000014e+00 1.377784884000000210e+00 1.664642289908960038e+01
1.141999999999999904e+00 1.389421151999999271e+00 1.654195323556567487e+01
1.142999999999999794e+00 1.401084827999997673e+00 1.643887121993486744e+01
1.144000000000000128e+00 1.412775936000001620e+00 1.633714779102859893e+01
1.145000000000000018e+00 1.424494500000000441e+00 1.623675469122299475e+01
1.145999999999999908e+00 1.436240543999998565e+00 1.613766443895083569e+01
1.146999999999999797e+00 1.448014091999997754e+00 1.603985030233624087e+01
1.148000000000000131e+00 1.459815168000001995e+00 1.594328627389824860e+01
1.149000000000000021e+00 1.471643795999999726e+00 1.584794704627428885e+01
1.149999999999999911e+00 1.483499999999998931e+00 1.575380798891452905e+01
1.150999999999999801e+00 1.495383803999997152e+00 1.566084512570326304e+01
1.152000000000000135e+00 1.507295232000001484e+00 1.556903511346404656e+01
1.153000000000000025e+00 1.519234308000000366e+00 1.547835522130846186e+01
1.153999999999999915e+00 1.531201055999999339e+00 1.538878331078977624e+01
1.154999999999999805e+00 1.543195499999997722e+00 1.530029781682555345e+01
1.156000000000000139e+00 1.555217664000002165e+00 1.521287772935483673e+01
1.157000000000000028e+00 1.567267571999999998e+00 1.512650257569650414e+01
1.157999999999999918e+00 1.579345247999998980e+00 1.504115240357836569e+01
1.158999999999999808e+00 1.591450715999997323e+00 1.495680776480724106e+01
1.160000000000000142e+00 1.603584000000001897e+00 1.487344969955195140e+01
1.161000000000000032e+00 1.615745124000000699e+00 1.479105972121287493e+01
1.161999999999999922e+00 1.627934111999998823e+00 1.470961980185224149e+01
1.162999999999999812e+00 1.640150987999997145e+00 1.462911235816148370e+01
1.164000000000000146e+00 1.652395776000001648e+00 1.454952023794261073e+01
1.165000000000000036e+00 1.664668500000000551e+00 1.447082670708199714e+01
1.165999999999999925e+00 1.676969183999998725e+00 1.439301543699517083e+01
1.166999999999999815e+00 1.689297851999997269e+00 1.431607049252401787e+01
1.168000000000000149e+00 1.701654528000001720e+00 1.423997632026624416e+01
1.169000000000000039e+00 1.714039236000000743e+00 1.416471773732055084e+01
1.169999999999999929e+00 1.726451999999998987e+00 1.409027992042902255e+01
1.170999999999999819e+00 1.738892843999997329e+00 1.401664839550179131e+01
1.172000000000000153e+00 1.751361792000001971e+00 1.394380902750741491e+01
1.173000000000000043e+00 1.763858868000000912e+00 1.387174801071499886e+01
1.173999999999999932e+00 1.776384095999999024e+00 1.380045185927311380e+01
1.174999999999999822e+00 1.788937499999997627e+00 1.372990739811279859e+01
1.176000000000000156e+00 1.801519104000002258e+00 1.366010175416129258e+01
1.177000000000000046e+00 1.814128932000000249e+00 1.359102234785454577e+01
1.177999999999999936e+00 1.826767007999999581e+00 1.352265688493633533e+01
1.178999999999999826e+00 1.839433355999998021e+00 1.345499334853330176e+01
1.180000000000000160e+00 1.852128000000001773e+00 1.338801999149484701e+01
1.181000000000000050e+00 1.864850964000000832e+00 1.332172532898797712e+01
1.181999999999999940e+00 1.877602271999998962e+00 1.325609813133675630e+01
1.182999999999999829e+00 1.890381947999997481e+00 1.319112741709768244e+01
1.184000000000000163e+00 1.903190016000002371e+00 1.312680244636160687e+01
1.185000000000000053e+00 1.916026500000000299e+00 1.306311271427384746e+01
1.185999999999999943e+00 1.928891423999999688e+00 1.300004794476405756e+01
1.186999999999999833e+00 1.941784811999998306e+00 1.293759808447833137e+01
1.188000000000000167e+00 1.954706688000002135e+00 1.287575329690581505e+01
1.189000000000000057e+00 1.967657076000001171e+00 1.281450395669287445e+01
1.189999999999999947e+00 1.980635999999999397e+00 1.275384064413735530e+01
1.190999999999999837e+00 1.993643483999998134e+00 1.269375413985720868e+01
1.192000000000000171e+00 2.006679552000001809e+00 1.263423541962650276e+01
1.193000000000000060e+00 2.019744228000001307e+00 1.257527564937303666e+01
1.193999999999999950e+00 2.032837535999999279e+00 1.251686618033145137e+01
1.194999999999999840e+00 2.045959499999998155e+00 1.245899854434689225e+01
1.196000000000000174e+00 2.059110144000002141e+00 1.240166444932314960e+01
1.197000000000000064e+00 2.072289492000001232e+00 1.234485577481074792e+01
1.197999999999999954e+00 2.085497567999999635e+00 1.228856456772958339e+01
1.198999999999999844e+00 2.098734395999998004e+00 1.223278303822180035e+01
1.200000000000000178e+00 2.112000000000002320e+00 1.217750355563013898e+01
1.201000000000000068e+00 2.125294404000001247e+00 1.212271864459751392e+01
1.201999999999999957e+00 2.138617631999999880e+00 1.206842098128354479e+01
1.202999999999999847e+00 2.151969707999997539e+00 1.201460338969401143e+01
1.204000000000000181e+00 2.165350656000002427e+00 1.196125883811983570e+01
1.205000000000000071e+00 2.178760500000000544e+00 1.190838043568103544e+01
1.205999999999999961e+00 2.192199263999999204e+00 1.185596142897290406e+01
1.206999999999999851e+00 2.205666971999997727e+00 1.180399519881045300e+01
1.208000000000000185e+00 2.219163648000002098e+00 1.175247525706832619e+01
1.209000000000000075e+00 2.232689316000001423e+00 1.170139524361253258e+01
1.209999999999999964e+00 2.246243999999999907e+00 1.165074892332114587e+01
1.210999999999999854e+00 2.259827723999998650e+00 1.160053018319128881e+01
1.212000000000000188e+00 2.273440512000002744e+00 1.155073302952913394e+01
1.213000000000000078e+00 2.287082388000000854e+00 1.150135158522081191e+01
1.213999999999999968e+00 2.300753375999999406e+00 1.145238008708082589e+01
1.214999999999999858e+00 2.314453499999998165e+00 1.140381288327628617e+01
1.215999999999999748e+00 2.328182783999996008e+00 1.135564443082400743e+01
1.217000000000000082e+00 2.341941252000000695e+00 1.130786929315842393e+01
1.217999999999999972e+00 2.355728927999999112e+00 1.126048213776793183e+01
1.218999999999999861e+00 2.369545835999998129e+00 1.121347773389754288e+01
1.219999999999999751e+00 2.383391999999997068e+00 1.116685095031584751e+01
1.221000000000000085e+00 2.397267444000001468e+00 1.112059675314421092e+01
1.221999999999999975e+00 2.411172191999999104e+00 1.107471020374635629e+01
1.222999999999999865e+00 2.425106267999998177e+00 1.102918645667638486e+01
1.223999999999999755e+00 2.439069695999997123e+00 1.098402075768343344e+01
1.225000000000000089e+00 2.453062500000001922e+00 1.093920844177142193e+01
1.225999999999999979e+00 2.467084703999999462e+00 1.089474493131210231e+01
1.226999999999999869e+00 2.481136331999997946e+00 1.085062573420970722e+01
1.227999999999999758e+00 2.495217407999996251e+00 1.080684644211584811e+01
1.229000000000000092e+00 2.509327956000000803e+00 1.076340272869309622e+01
1.229999999999999982e+00 2.523467999999999378e+00 1.072029034792585378e+01
1.230999999999999872e+00 2.537637563999998402e+00 1.067750513247690414e+01
1.231999999999999762e+00 2.551836671999996309e+00 1.063504299208868353e+01
1.233000000000000096e+00 2.566065348000001300e+00 1.059289991202772896e+01
1.233999999999999986e+00 2.580323615999999820e+00 1.055107195157106936e+01
1.234999999999999876e+00 2.594611499999997850e+00 1.050955524253347662e+01
1.235999999999999766e+00 2.608929023999996932e+00 1.046834598783427239e+01
1.237000000000000099e+00 2.623276212000001717e+00 1.042744046010272641e+01
1.237999999999999989e+00 2.637653087999999535e+00 1.038683500032099438e+01
1.238999999999999879e+00 2.652059675999998589e+00 1.034652601650316051e+01
1.239999999999999769e+00 2.666495999999996425e+00 1.030650998240998106e+01
1.241000000000000103e+00 2.680962084000001688e+00 1.026678343629789047e+01
1.241999999999999993e+00 2.695457952000000379e+00 1.022734297970166040e+01
1.242999999999999883e+00 2.709983627999998035e+00 1.018818527624938852e+01
1.243999999999999773e+00 2.724539135999996198e+00 1.014930705050950444e+01
1.245000000000000107e+00 2.739124500000001294e+00 1.011070508686846381e+01
1.245999999999999996e+00 2.753739744000000211e+00 1.007237622843861402e+01
1.246999999999999886e+00 2.768384891999998043e+00 1.003431737599525597e+01
1.247999999999999776e+00 2.783059967999996331e+00 9.996525486942339001e+00
1.249000000000000110e+00 2.797764996000001059e+00 9.958997574305834988e+00
1.250000000000000000e+00 2.812500000000000000e+00 9.921730705754422175e+00
1.250999999999999890e+00 2.827265003999997806e+00 9.884722002646268990e+00
1.251999999999999780e+00 2.842060031999996017e+00 9.847968639101868149e+00
1.253000000000000114e+00 2.856885108000001505e+00 9.811467841101839227e+00
1.254000000000000004e+00 2.871740256000000269e+00 9.775216885609323114e+00
1.254999999999999893e+00 2.886625499999998290e+00 9.739213099716254263e+00
1.255999999999999783e+00 2.901540863999996223e+00 9.703453859812967153e+00
1.257000000000000117e+00 2.916486372000001381e+00 9.667936590780717765e+00
1.258000000000000007e+00 2.931462048000000209e+00 9.632658765206468132e+00
1.258999999999999897e+00 2.946467915999998244e+00 9.597617902619234087e+00
1.259999999999999787e+00 2.961503999999996584e+00 9.562811568748037061e+00
1.261000000000000121e+00 2.976570324000002099e+00 9.528237374800434978e+00
1.262000000000000011e+00 2.991666911999999900e+00 9.493892976761502567e+00
1.262999999999999901e+00 3.006793787999999079e+00 9.459776074712671345e+00
1.263999999999999790e+00 3.021950975999997180e+00 9.425884412170095317e+00
1.265000000000000124e+00 3.037138500000001518e+00 9.392215775442053882e+00
1.266000000000000014e+00 3.052356384000000311e+00 9.358767993005182362e+00
1.266999999999999904e+00 3.067604651999998655e+00 9.325538934898773391e+00
1.267999999999999794e+00 3.082883327999996759e+00 9.292526512137245120e+00
1.269000000000000128e+00 3.098192436000002381e+00 9.259728676140122516e+00
1.270000000000000018e+00 3.113532000000000188e+00 9.227143418179336365e+00
1.270999999999999908e+00 3.128902043999997939e+00 9.194768768843379902e+00
1.271999999999999797e+00 3.144302591999996732e+00 9.162602797518216491e+00
1.273000000000000131e+00 3.159733668000002105e+00 9.130643611884449840e+00
1.274000000000000021e+00 3.175195296000000056e+00 9.098889357430687497e+00
1.274999999999999911e+00 3.190687499999999233e+00 9.067338216982532728e+00
1.275999999999999801e+00 3.206210303999996292e+00 9.035988410247215441e+00
1.277000000000000135e+00 3.221763732000002101e+00 9.004838193373590371e+00
1.278000000000000025e+00 3.237347807999999993e+00 8.973885858527053117e+00
1.278999999999999915e+00 3.252962555999999061e+00 8.943129733479393551e+00
1.279999999999999805e+00 3.268607999999996405e+00 8.912568181213233132e+00
1.281000000000000139e+00 3.284284164000002004e+00 8.882199599540960833e+00
1.282000000000000028e+00 3.299991072000000081e+00 8.852022420737856834e+00
1.282999999999999918e+00 3.315728747999998394e+00 8.822035111189260093e+00
1.283999999999999808e+00 3.331497215999996708e+00 8.792236171051699856e+00
1.285000000000000142e+00 3.347296500000002339e+00 8.762624133927706893e+00
1.286000000000000032e+00 3.363126624000000398e+00 8.733197566554288471e+00
1.286999999999999922e+00 3.378987611999998641e+00 8.703955068504750869e+00
1.287999999999999812e+00 3.394879487999997281e+00 8.674895271903942273e+00
1.289000000000000146e+00 3.410802276000002742e+00 8.646016841156631827e+00
1.290000000000000036e+00 3.426756000000000579e+00 8.617318472689103004e+00
1.290999999999999925e+00 3.442740683999998996e+00 8.588798894703588260e+00
1.291999999999999815e+00 3.458756351999996426e+00 8.560456866945740373e+00
1.293000000000000149e+00 3.474803028000002403e+00 8.532291180484886439e+00
1.294000000000000039e+00 3.490880736000000262e+00 8.504300657507103622e+00
1.294999999999999929e+00 3.506989499999998650e+00 8.476484151120866173e+00
1.295999999999999819e+00 3.523129343999997332e+00 8.448840545175512418e+00
1.297000000000000153e+00 3.539300292000001846e+00 8.421368754092179998e+00
1.298000000000000043e+00 3.555502368000001301e+00 8.394067722707468704e+00
1.298999999999999932e+00 3.571735595999999457e+00 8.366936426129452542e+00
1.299999999999999822e+00 3.587999999999996970e+00 8.339973869606451373e+00
1.301000000000000156e+00 3.604295604000002928e+00 8.313179088408194417e+00
1.302000000000000046e+00 3.620622432000001112e+00 8.286551147719604771e+00
1.302999999999999936e+00 3.636980507999999279e+00 8.260089142547061059e+00
1.303999999999999826e+00 3.653369855999996751e+00 8.233792197637333388e+00
1.305000000000000160e+00 3.669790500000002620e+00 8.207659467409047949e+00
1.306000000000000050e+00 3.686242464000001107e+00 8.181690135896902305e+00
1.306999999999999940e+00 3.702725771999999527e+00 8.155883416708457290e+00
1.307999999999999829e+00 3.719240447999996757e+00 8.130238552993837686e+00
1.309000000000000163e+00 3.735786516000002777e+00 8.104754817428172942e+00
1.310000000000000053e+00 3.752364000000000921e+00 8.079431512207053245e+00
1.310999999999999943e+00 3.768972923999999391e+00 8.054267969054876630e+00
1.311999999999999833e+00 3.785613311999997066e+00 8.029263549246433485e+00
1.313000000000000167e+00 3.802285188000003480e+00 8.004417643641673408e+00
1.314000000000000057e+00 3.818988576000001522e+00 7.979729672733809842e+00
1.314999999999999947e+00 3.835723499999998953e+00 7.955199086710911693e+00
1.315999999999999837e+00 3.852489983999997314e+00 7.930825365531132043e+00
1.317000000000000171e+00 3.869288052000002587e+00 7.906608019011700961e+00
1.318000000000000060e+00 3.886117728000000771e+00 7.882546586931920451e+00
1.318999999999999950e+00 3.902979035999999180e+00 7.858640639150160645e+00
1.319999999999999840e+00 3.919871999999996692e+00 7.834889775735256023e+00
1.321000000000000174e+00 3.936796644000003287e+00 7.811293627112377180e+00
1.322000000000000064e+00 3.953752992000001409e+00 7.787851854223641013e+00
1.322999999999999954e+00 3.970741067999998819e+00 7.764564148703575697e+00
1.323999999999999844e+00 3.987760895999997501e+00 7.741430233069811706e+00
1.325000000000000178e+00 4.004812500000002551e+00 7.718449860929179174e+00
1.326000000000000068e+00 4.021895904000000854e+00 7.695622817199482490e+00
1.326999999999999957e+00 4.039011131999999726e+00 7.672948918347119118e+00
1.327999999999999847e+00 4.056158207999997600e+00 7.650428012641023123e+00
1.329000000000000181e+00 4.073337156000002679e+00 7.628059980423063990e+00
1.330000000000000071e+00 4.090548000000000961e+00 7.605844734395295070e+00
1.330999999999999961e+00 4.107790763999999761e+00 7.583782219924257717e+00
1.331999999999999851e+00 4.125065471999997513e+00 7.561872415362828725e+00
1.333000000000000185e+00 4.142372148000002419e+00 7.540115332389873082e+00
1.334000000000000075e+00 4.159710816000001365e+00 7.518511016368072397e+00
1.334999999999999964e+00 4.177081499999999892e+00 7.497059546720232781e+00
1.335999999999999854e+00 4.194484223999997319e+00 7.475761037324615721e+00
1.337000000000000188e+00 4.211919012000002738e+00 7.454615636929564637e+00
1.338000000000000078e+00 4.229385888000001259e+00 7.433623529587912948e+00
1.338999999999999968e+00 4.246884876000000197e+00 7.412784935111488949e+00
1.339999999999999858e+00 4.264415999999997986e+00 7.392100109546345443e+00
1.341000000000000192e+00 4.281979284000002828e+00 7.371569345668993023e+00
1.342000000000000082e+00 4.299574752000001610e+00 7.351192973504285355e+00
1.342999999999999972e+00 4.317202427999998982e+00 7.330971360865186526e+00
1.343999999999999861e+00 4.334862335999997818e+00 7.310904913915220682e+00
1.344999999999999751e+00 4.352554499999996551e+00 7.290994077753901514e+00
1.346000000000000085e+00 4.370278944000001609e+00 7.271239337025747318e+00
1.346999999999999975e+00 4.388035691999999877e+00 7.251641216553458946e+00
1.347999999999999865e+00 4.405824767999997782e+00 7.232200281995685209e+00
1.348999999999999755e+00 4.423646195999995534e+00 7.212917140530095139e+00
1.350000000000000089e+00 4.441500000000001336e+00 7.193792441562255391e+00
1.350999999999999979e+00 4.459386203999999410e+00 7.174826877460924734e+00
1.351999999999999869e+00 4.477304831999997958e+00 7.156021184320306538e+00
1.352999999999999758e+00 4.495255907999995415e+00 7.137376142749973340e+00
1.354000000000000092e+00 4.513239456000000871e+00 7.118892578693031936e+00
1.354999999999999982e+00 4.531255500000000325e+00 7.100571364273159602e+00
1.355999999999999872e+00 4.549304063999997538e+00 7.082413418671083427e+00
1.356999999999999762e+00 4.567385171999996274e+00 7.064419709031317218e+00
1.358000000000000096e+00 4.585498848000002070e+00 7.046591251399595635e+00
1.358999999999999986e+00 4.603645116000000037e+00 7.028929111691842202e+00
1.359999999999999876e+00 4.621823999999997490e+00 7.011434406695125077e+00
1.360999999999999766e+00 4.640035523999996414e+00 6.994108305101437217e+00
1.362000000000000099e+00 4.658279712000002348e+00 6.976952028574792131e+00
1.362999999999999989e+00 4.676556588000000403e+00 6.959966852852400798e+00
1.363999999999999879e+00 4.694866175999997893e+00 6.943154108880379205e+00
1.364999999999999769e+00 4.713208499999995915e+00 6.926515183984784052e+00
1.366000000000000103e+00 4.731583584000002674e+00 6.910051523078418967e+00
1.366999999999999993e+00 4.749991452000000614e+00 6.893764629904070240e+00
1.367999999999999883e+00 4.768432127999997938e+00 6.877656068314620619e+00
1.368999999999999773e+00 4.786905635999995745e+00 6.861727463590614029e+00
1.370000000000000107e+00 4.805412000000001349e+00 6.845980503795707328e+00
1.370999999999999996e+00 4.823951243999998972e+00 6.830416941170414979e+00
1.371999999999999886e+00 4.842523391999997706e+00 6.815038593564469949e+00
1.372999999999999776e+00 4.861128467999995983e+00 6.799847345908156093e+00
1.374000000000000110e+00 4.879766496000002007e+00 6.784845151722790568e+00
1.375000000000000000e+00 4.898437500000000000e+00 6.770034034670501910e+00
1.375999999999999890e+00 4.917141503999998164e+00 6.755416090143270047e+00
1.376999999999999780e+00 4.935878531999994934e+00 6.740993486891279751e+00
1.378000000000000114e+00 4.954648608000002064e+00 6.726768468690271341e+00
1.379000000000000004e+00 4.973451755999999335e+00 6.712743356047624843e+00
1.379999999999999893e+00 4.992287999999997616e+00 6.698920547946586090e+00
1.380999999999999783e+00 5.011157363999996228e+00 6.685302523628095628e+00
1.382000000000000117e+00 5.030059872000002485e+00 6.671891844409210570e+00
1.383000000000000007e+00 5.048995548000000611e+00 6.658691155537132644e+00
1.383999999999999897e+00 5.067964415999998806e+00 6.645703188077401791e+00
1.384999999999999787e+00 5.086966499999995506e+00 6.632930760834724992e+00
1.386000000000000121e+00 5.106001824000002465e+00 6.620376782304478347e+00
1.387000000000000011e+00 5.125070412000000353e+00 6.608044252652629957e+00
1.387999999999999901e+00 5.144172287999998261e+00 6.595936265721392466e+00
1.388999999999999790e+00 5.163307475999995511e+00 6.584056011057660029e+00
1.390000000000000124e+00 5.182476000000002969e+00 6.572406775960605074e+00
1.391000000000000014e+00 5.201677884000000418e+00 6.560991947544455805e+00
1.391999999999999904e+00 5.220913151999998725e+00 6.549815014811845693e+00
1.392999999999999794e+00 5.240181827999996322e+00 6.538879570732521351e+00
1.394000000000000128e+00 5.259483936000003190e+00 6.528189314321523717e+00
1.395000000000000018e+00 5.278819500000000886e+00 6.517748052710158113e+00
1.395999999999999908e+00 5.298188543999997613e+00 6.507559703202262291e+00
1.396999999999999797e+00 5.317591091999996245e+00 6.497628295307406709e+00
1.398000000000000131e+00 5.337027168000003208e+00 6.487957972741571488e+00
1.399000000000000021e+00 5.356496796000000060e+00 6.478552995384851521e+00
1.399999999999999911e+00 5.375999999999998558e+00 6.469417741184399162e+00
1.400999999999999801e+00 5.395536803999995357e+00 6.460556707989636216e+00
1.402000000000000135e+00 5.415107232000002213e+00 6.451974515305212599e+00
1.403000000000000025e+00 5.434711308000000685e+00 6.443675905945674742e+00
1.403999999999999915e+00 5.454349055999998974e+00 6.435665747573984241e+00
1.404999999999999805e+00 5.474020499999996403e+00 6.427949034104305071e+00
1.406000000000000139e+00 5.493725664000002951e+00 6.420530886947239502e+00
1.407000000000000028e+00 5.513464572000000175e+00 6.413416556073594066e+00
1.407999999999999918e+00 5.533237247999998054e+00 6.406611420870211404e+00
1.408999999999999808e+00 5.553043715999995911e+00 6.400120990758909834e+00
1.410000000000000142e+00 5.572884000000002835e+00 6.393950905546524233e+00
1.411000000000000032e+00 5.592758124000001274e+00 6.388106935471110859e+00
1.411999999999999922e+00 5.612666111999998542e+00 6.382594980905883730e+00
1.412999999999999812e+00 5.632607987999995736e+00 6.377421071678962328e+00
1.414000000000000146e+00 5.652583776000002835e+00 6.372591365962979815e+00
1.415000000000000036e+00 5.672593500000001399e+00 6.368112148684532237e+00
1.415999999999999925e+00 5.692637183999997852e+00 6.363989829398836839e+00
1.416999999999999815e+00 5.712714851999996846e+00 6.360230939570317155e+00
1.418000000000000149e+00 5.732826528000003918e+00 6.356842129194491875e+00
1.419000000000000039e+00 5.752972236000000628e+00 6.353830162691354033e+00
1.419999999999999929e+00 5.773151999999999617e+00 6.351201913994396264e+00
1.420999999999999819e+00 5.793365843999996656e+00 6.348964360753575953e+00
1.422000000000000153e+00 5.813613792000003500e+00 6.347124577563985071e+00
1.423000000000000043e+00 5.833895868000001705e+00 6.345689728125378792e+00
1.423999999999999932e+00 5.854212095999998589e+00 6.344667056230789193e+00
1.424999999999999822e+00 5.874562499999997023e+00 6.344063875475383085e+00
1.426000000000000156e+00 5.894947104000002547e+00 6.343887557569378721e+00
1.427000000000000046e+00 5.915365932000002047e+00 6.344145519131650701e+00
1.427999999999999936e+00 5.935819007999997510e+00 6.344845206833263696e+00
1.428999999999999826e+00 5.956306355999995361e+00 6.345994080753246003e+00
1.430000000000000160e+00 5.976828000000003804e+00 6.347599595801957761e+00
1.431000000000000050e+00 5.997383963999999956e+00 6.349669181061452505e+00
1.431999999999999940e+00 6.017974272000000013e+00 6.352210216886606808e+00
1.432999999999999829e+00 6.038598947999996192e+00 6.355230009606498420e+00
1.434000000000000163e+00 6.059258016000003799e+00 6.358735763662684448e+00
1.435000000000000053e+00 6.079951500000000841e+00 6.362734551019723739e+00
1.435999999999999943e+00 6.100679423999999074e+00 6.367233277684842818e+00
1.436999999999999833e+00 6.121441811999996929e+00 6.372238647177456805e+00
1.438000000000000167e+00 6.142238688000003499e+00 6.377757120797268975e+00
1.439000000000000057e+00 6.163070076000002118e+00 6.383794874551596443e+00
1.439999999999999947e+00 6.183935999999999211e+00 6.390357752619947540e+00
1.440999999999999837e+00 6.204836483999995878e+00 6.397451217257400735e+00
1.442000000000000171e+00 6.225771552000002984e+00 6.405080295069280005e+00
1.443000000000000060e+00 6.246741228000000312e+00 6.413249519629138362e+00
1.443999999999999950e+00 6.267745535999998729e+00 6.421962870461665140e+00
1.444999999999999840e+00 6.288784499999996669e+00 6.431223708473075895e+00
1.446000000000000174e+00 6.309858144000003222e+00 6.441034707985788366e+00
1.447000000000000064e+00 6.330966492000001722e+00 6.451397785622955183e+00
1.447999999999999954e+00 6.352109567999999484e+00 6.462314026393787714e+00
1.448999999999999844e+00 6.373287395999995830e+00 6.473783607453790445e+00
1.450000000000000178e+00 6.394500000000003403e+00 6.485805720156919030e+00
1.451000000000000068e+00 6.415747404000001097e+00 6.498378491179977345e+00
1.451999999999999957e+00 6.437029631999999779e+00 6.511498903684654671e+00
1.452999999999999847e+00 6.458346707999996994e+00 6.525162719688704982e+00
1.454000000000000181e+00 6.479698656000003609e+00 6.539364405045121842e+00
1.455000000000000071e+00 6.501085500000002959e+00 6.554097058673624687e+00
1.455999999999999961e+00 6.522507263999999694e+00 6.569352347949642734e+00
1.456999999999999851e+00 6.543963971999996687e+00 6.585120452425465842e+00
1.458000000000000185e+00 6.565455648000004807e+00 6.601390018328975096e+00
1.459000000000000075e+00 6.586982316000002058e+00 6.618148126544906695e+00
1.459999999999999964e+00 6.608543999999998420e+00 6.635380277017373096e+00
1.460999999999999854e+00 6.630140723999995878e+00 6.653070392699962810e+00
1.462000000000000188e+00 6.651772512000002635e+00 6.671200846297586473e+00
1.463000000000000078e+00 6.673439388000001138e+00 6.689752513061998584e+00
1.463999999999999968e+00 6.695141375999998701e+00 6.708704852786576467e+00
1.464999999999999858e+00 6.716878499999995533e+00 6.728036023855489489e+00
1.466000000000000192e+00 6.738650784000004279e+00 6.747723031696404306e+00
1.467000000000000082e+00 6.760458252000001167e+00 6.767741913219558647e+00
1.467999999999999972e+00 6.782300927999999729e+00 6.788067957759621684e+00
1.468999999999999861e+00 6.804178835999998398e+00 6.808675963636080297e+00
1.470000000000000195e+00 6.826092000000005378e+00 6.829540527697266050e+00
1.471000000000000085e+00 6.848040444000001337e+00 6.850636363118471017e+00
1.471999999999999975e+00 6.870024191999998919e+00 6.871938638333099370e+00
1.472999999999999865e+00 6.892043267999998335e+00 6.893423327381811738e+00
1.473999999999999755e+00 6.914097695999993576e+00 6.915067559331603775e+00
1.475000000000000089e+00 6.936187500000000838e+00 6.936849951982257956e+00
1.475999999999999979e+00 6.958312703999999904e+00 6.958750913165001606e+00
1.476999999999999869e+00 6.980473331999998088e+00 6.980752891947927807e+00
1.477999999999999758e+00 7.002669407999995599e+00 7.002840562444621497e+00
1.479000000000000092e+00 7.024900956000001528e+00 7.025000925124689211e+00
1.479999999999999982e+00 7.047167999999999211e+00 7.047223314893842350e+00
1.480999999999999872e+00 7.069470563999995960e+00 7.069499311864371194e+00
1.481999999999999762e+00 7.091808671999994651e+00 7.091822559394413972e+00
1.483000000000000096e+00 7.114182348000001710e+00 7.114188503807077346e+00
1.483999999999999986e+00 7.136591615999998695e+00 7.136594079741574781e+00
1.484999999999999876e+00 7.159036499999996472e+00 7.159037372329819959e+00
1.485999999999999766e+00 7.181517023999993476e+00 7.181517290156357092e+00
1.487000000000000099e+00 7.204033212000002351e+00 7.204033279616016472e+00
1.487999999999999989e+00 7.226585088000000212e+00 7.226585101662607258e+00
1.488999999999999879e+00 7.249172675999997040e+00 7.249172678062871356e+00
1.489999999999999769e+00 7.271795999999995708e+00 7.271796000213253564e+00
1.491000000000000103e+00 7.294455084000003531e+00 7.294455084013307555e+00
1.491999999999999993e+00 7.317149952000000290e+00 7.317149952000414181e+00
1.492999999999999883e+00 7.339880627999998630e+00 7.339880628000003959e+00
1.493999999999999773e+00 7.362647135999996095e+00 7.362647135999996095e+00
1.495000000000000107e+00 7.385449500000001777e+00 7.385449500000001777e+00
1.495999999999999996e+00 7.408287743999999897e+00 7.408287743999999897e+00
1.496999999999999886e+00 7.431161891999996882e+00 7.431161891999996882e+00
1.497999999999999776e+00 7.454071967999995607e+00 7.454071967999995607e+00
1.499000000000000110e+00 7.477017996000003386e+00 7.477017996000003386e+00
1.500000000000000000e+00 7.500000000000000000e+00 7.500000000000000000e+00
1.500999999999999890e+00 7.523018003999998093e+00 7.523018003999998093e+00
1.501999999999999780e+00 7.546072031999995211e+00 7.546072031999995211e+00
1.503000000000000114e+00 7.569162108000002220e+00 7.569162108000002220e+00
1.504000000000000004e+00 7.592288255999999791e+00 7.592288255999999791e+00
1.504999999999999893e+00 7.615450499999997014e+00 7.615450499999997014e+00
1.505999999999999783e+00 7.638648863999995875e+00 7.638648863999995875e+00
1.507000000000000117e+00 7.661883372000003689e+00 7.661883372000003689e+00
1.508000000000000007e+00 7.685154048000000238e+00 7.685154048000000238e+00
1.508999999999999897e+00 7.708460915999999052e+00 7.708460915999999052e+00
1.509999999999999787e+00 7.731803999999995902e+00 7.731803999999995902e+00
1.511000000000000121e+00 7.755183324000003431e+00 7.755183324000003431e+00
1.512000000000000011e+00 7.778598912000001420e+00 7.778598912000001420e+00
1.512999999999999901e+00 7.802050787999998072e+00 7.802050787999998072e+00
1.513999999999999790e+00 7.825538975999994484e+00 7.825538975999994484e+00
1.515000000000000124e+00 7.849063500000002414e+00 7.849063500000002414e+00
1.516000000000000014e+00 7.872624383999998976e+00 7.872624383999998976e+00
1.516999999999999904e+00 7.896221651999997704e+00 7.896221651999997704e+00
1.517999999999999794e+00 7.919855327999995254e+00 7.919855327999995254e+00
1.519000000000000128e+00 7.943525436000001605e+00 7.943525436000001605e+00
1.520000000000000018e+00 7.967232000000000092e+00 7.967232000000000092e+00
1.520999999999999908e+00 7.990975043999997141e+00 7.990975043999997141e+00
1.521999999999999797e+00 8.014754591999995625e+00 8.014754591999995625e+00
1.523000000000000131e+00 8.038570668000003749e+00 8.038570668000003749e+00
1.524000000000000021e+00 8.062423296000002182e+00 8.062423296000002182e+00
1.524999999999999911e+00 8.086312499999996461e+00 8.086312499999996461e+00
1.525999999999999801e+00 8.110238303999993903e+00 8.110238303999993903e+00
1.527000000000000135e+00 8.134200732000003597e+00 8.134200732000003597e+00
1.528000000000000025e+00 8.158199807999999109e+00 8.158199807999999109e+00
1.528999999999999915e+00 8.182235555999996635e+00 8.182235555999996635e+00
1.529999999999999805e+00 8.206307999999996383e+00 8.206307999999996383e+00
1.531000000000000139e+00 8.230417164000003893e+00 8.230417164000003893e+00
1.532000000000000028e+00 8.254563072000001611e+00 8.254563072000001611e+00
1.532999999999999918e+00 8.278745747999996851e+00 8.278745747999996851e+00
1.533999999999999808e+00 8.302965215999995152e+00 8.302965215999995152e+00
1.535000000000000142e+00 8.327221500000002052e+00 8.327221500000002052e+00
1.536000000000000032e+00 8.351514623999999998e+00 8.351514623999999998e+00
1.536999999999999922e+00 8.375844611999998079e+00 8.375844611999998079e+00
1.537999999999999812e+00 8.400211487999994731e+00 8.400211487999994731e+00
1.539000000000000146e+00 8.424615276000002595e+00 8.424615276000002595e+00
1.540000000000000036e+00 8.449056000000000566e+00 8.449056000000000566e+00
1.540999999999999925e+00 8.473533683999997734e+00 8.473533683999997734e+00
1.541999999999999815e+00 8.498048351999996086e+00 8.498048351999996086e+00
1.543000000000000149e+00 8.522600028000002936e+00 8.522600028000002936e+00
1.544000000000000039e+00 8.547188736000002507e+00 8.547188736000002507e+00
1.544999999999999929e+00 8.571814499999998560e+00 8.571814499999998560e+00
1.545999999999999819e+00 8.596477343999994858e+00 8.596477343999994858e+00
1.547000000000000153e+00 8.621177292000004044e+00 8.621177292000004044e+00
1.548000000000000043e+00 8.645914368000001460e+00 8.645914368000001460e+00
1.548999999999999932e+00 8.670688595999997972e+00 8.670688595999997972e+00
1.549999999999999822e+00 8.695499999999995566e+00 8.695499999999995566e+00
1.551000000000000156e+00 8.720348604000003334e+00 8.720348604000003334e+00
1.552000000000000046e+00 8.745234432000001945e+00 8.745234432000001945e+00
1.552999999999999936e+00 8.770157507999998714e+00 8.770157507999998714e+00
1.553999999999999826e+00 8.795117855999995626e+00 8.795117855999995626e+00
1.555000000000000160e+00 8.820115500000003550e+00 8.820115500000003550e+00
1.556000000000000050e+00 8.845150464000001378e+00 8.845150464000001378e+00
1.556999999999999940e+00 8.870222771999998201e+00 8.870222771999998201e+00
1.557999999999999829e+00 8.895332447999996006e+00 8.895332447999996006e+00
1.559000000000000163e+00 8.920479516000003883e+00 8.920479516000003883e+00
1.560000000000000053e+00 8.945664000000000726e+00 8.945664000000000726e+00
1.560999999999999943e+00 8.970885923999999179e+00 8.970885923999999179e+00
1.561999999999999833e+00 8.996145311999995897e+00 8.996145311999995897e+00
1.563000000000000167e+00 9.021442188000005302e+00 9.021442188000005302e+00
1.564000000000000057e+00 9.046776576000002734e+00 9.046776576000002734e+00
1.564999999999999947e+00 9.072148499999999061e+00 9.072148499999999061e+00
1.565999999999999837e+00 9.097557983999996267e+00 9.097557983999996267e+00
1.567000000000000171e+00 9.123005052000003445e+00 9.123005052000003445e+00
1.568000000000000060e+00 9.148489728000003041e+00 9.148489728000003041e+00
1.568999999999999950e+00 9.174012035999997039e+00 9.174012035999997039e+00
1.569999999999999840e+00 9.199571999999996308e+00 9.199571999999996308e+00
1.571000000000000174e+00 9.225169644000002833e+00 9.225169644000002833e+00
1.572000000000000064e+00 9.250804992000000837e+00 9.250804992000000837e+00
1.572999999999999954e+00 9.276478067999999411e+00 9.276478067999999411e+00
1.573999999999999844e+00 9.302188895999995211e+00 9.302188895999995211e+00
1.575000000000000178e+00 9.327937500000006210e+00 9.327937500000006210e+00
1.576000000000000068e+00 9.353723904000002420e+00 9.353723904000002420e+00
1.576999999999999957e+00 9.379548132000000038e+00 9.379548132000000038e+00
1.577999999999999847e+00 9.405410207999995720e+00 9.405410207999995720e+00
1.579000000000000181e+00 9.431310156000005662e+00 9.431310156000005662e+00
1.580000000000000071e+00 9.457248000000003429e+00 9.457248000000003429e+00
1.580999999999999961e+00 9.483223763999999889e+00 9.483223763999999889e+00
1.581999999999999851e+00 9.509237471999997027e+00 9.509237471999997027e+00
1.583000000000000185e+00 9.535289148000005710e+00 9.535289148000005710e+00
1.584000000000000075e+00 9.561378816000001279e+00 9.561378816000001279e+00
1.584999999999999964e+00 9.587506499999999932e+00 9.587506499999999932e+00
1.585999999999999854e+00 9.613672223999996547e+00 9.613672223999996547e+00
1.587000000000000188e+00 9.639876012000005545e+00 9.639876012000005545e+00
1.588000000000000078e+00 9.666117888000004044e+00 9.666117888000004044e+00
1.588999999999999968e+00 9.692397875999999357e+00 9.692397875999999357e+00
1.589999999999999858e+00 9.718715999999995248e+00 9.718715999999995248e+00
1.591000000000000192e+00 9.745072284000006135e+00 9.745072284000006135e+00
1.592000000000000082e+00 9.771466752000002032e+00 9.771466752000002032e+00
1.592999999999999972e+00 9.797899428000000910e+00 9.797899428000000910e+00
1.593999999999999861e+00 9.824370335999997650e+00 9.824370335999997650e+00
1.595000000000000195e+00 9.850879500000003119e+00 9.850879500000003119e+00
1.596000000000000085e+00 9.877426944000001541e+00 9.877426944000001541e+00
1.596999999999999975e+00 9.904012691999998452e+00 9.904012691999998452e+00
1.597999999999999865e+00 9.930636767999995840e+00 9.930636767999995840e+00
1.599000000000000199e+00 9.957299196000004571e+00 9.957299196000004571e+00
1.600000000000000089e+00 9.984000000000003539e+00 9.984000000000003539e+00
